official_id,oktmo,name,total,urban,rural
1,79701000,Городской округ - Город Майкоп,163766,139687,24079
2,79703000,Городской округ - Город Адыгейск,15614,13191,2423
3,79605000,Гиагинский муниципальный район,31933,0,31933
4,79615000,Кошехабльский муниципальный район,30153,0,30153
5,79618000,Красногвардейский муниципальный район,31977,0,31977
6,79622000,Майкопский муниципальный район,58793,0,58793
7,79630000,Тахтамукайский муниципальный район,127291,83822,43469
8,79633000,Теучежский муниципальный район,22196,7244,14952
9,79640000,Шовгеновский муниципальный район,16262,0,16262
10,84701000,Городской округ - г Горно-Алтайск,64957,64957,0
11,84610000,Кош-Агачский муниципальный район,18512,0,18512
12,84615000,Майминский муниципальный район,30665,0,30665
13,84620000,Онгудайский муниципальный район,14049,0,14049
14,84625000,Турочакский муниципальный район,10960,0,10960
15,84630000,Улаганский муниципальный район,11798,0,11798
16,84635000,Усть-Канский муниципальный район,14297,0,14297
17,84640000,Усть-Коксинский муниципальный район,15691,0,15691
18,84643000,Чемальский муниципальный район,10394,0,10394
19,84645000,Чойский муниципальный район,7471,0,7471
20,84650000,Шебалинский муниципальный район,11975,0,11975
21,80701000,Городской округ г Уфа,1180979,1157994,22985
22,80703000,Городской округ г Агидель,14002,14002,0
23,80723000,Городской округ г Кумертау,61699,57812,3887
25,80727000,Городской округ г Нефтекамск,144006,133300,10706
26,80735000,Городской округ г Октябрьский,116282,116282,0
27,80739000,Городской округ г Салават,147296,147296,0
28,80743000,Городской округ г Сибай,56930,56327,603
29,80745000,Городской округ г Стерлитамак,279174,279174,0
30,80601000,Муниципальный район Абзелиловский район,44334,0,44334
31,80602000,Муниципальный район Альшеевский район,36055,0,36055
32,80603000,Муниципальный район Архангельский район,16847,0,16847
33,80604000,Муниципальный район Аскинский район,17773,0,17773
34,80605000,Муниципальный район Аургазинский район,30429,0,30429
35,80606000,Муниципальный район Баймакский район,54122,17753,36369
36,80607000,Муниципальный район Бакалинский район,25010,0,25010
37,80608000,Муниципальный район Балтачевский район,18156,0,18156
38,80609000,Муниципальный район Белебеевский район,95852,78513,17339
39,80610000,Муниципальный район Белокатайский район,17583,0,17583
40,80611000,Муниципальный район Белорецкий район,97873,64212,33661
41,80612000,Муниципальный район Бижбулякский район,21362,0,21362
42,80613000,Муниципальный район Бирский район,61865,44859,17006
43,80614000,Муниципальный район Благоварский район,24138,0,24138
44,80615000,Муниципальный район Благовещенский район,49148,35355,13793
45,80617000,Муниципальный район Буздякский район,25725,0,25725
46,80618000,Муниципальный район Бураевский район,21217,0,21217
47,80619000,Муниципальный район Бурзянский район,17298,0,17298
48,80621000,Муниципальный район Гафурийский район,30022,0,30022
49,80622000,Муниципальный район Давлекановский район,36195,21391,14804
50,80623000,Муниципальный район Дуванский район,30827,0,30827
51,80624000,Муниципальный район Дюртюлинский район,59679,31205,28474
52,80625000,Муниципальный район Ермекеевский район,14689,0,14689
53,80626000,Муниципальный район Зианчуринский район,23890,0,23890
54,80627000,Муниципальный район Зилаирский район,14560,0,14560
55,80628000,Муниципальный район Иглинский район,70277,0,70277
56,80630000,Муниципальный район Илишевский район,30701,0,30701
57,80631000,Муниципальный район Ишимбайский район,83847,63171,20676
58,80633000,Муниципальный район Калтасинский район,21551,0,21551
59,80634000,Муниципальный район Караидельский район,23589,0,23589
60,80635000,Муниципальный район Кармаскалинский район,51986,0,51986
61,80636000,Муниципальный район Кигинский район,16478,0,16478
62,80637000,Муниципальный район Краснокамский район,25683,0,25683
63,80638000,Муниципальный район Кугарчинский район,26845,0,26845
64,80639000,Муниципальный район Куюргазинский район,21027,0,21027
65,80640000,Муниципальный район Кушнаренковский район,26704,0,26704
66,80641000,Муниципальный район Мелеузовский район,80565,55676,24889
67,80642000,Муниципальный район Мечетлинский район,22158,0,22158
68,80643000,Муниципальный район Мишкинский район,21188,0,21188
69,80644000,Муниципальный район Миякинский район,23590,0,23590
70,80645000,Муниципальный район Нуримановский район,20228,0,20228
71,80647000,Муниципальный район Салаватский район,23700,0,23700
72,80648000,Муниципальный район Стерлибашевский район,16744,0,16744
73,80649000,Муниципальный район Стерлитамакский район,47644,0,47644
74,80650000,Муниципальный район Татышлинский район,21097,0,21097
75,80651000,Муниципальный район Туймазинский район,131554,68379,63175
76,80652000,Муниципальный район Уфимский район,114453,0,114453
77,80653000,Муниципальный район Учалинский район,69195,36198,32997
78,80654000,Муниципальный район Федоровский район,15783,0,15783
79,80655000,Муниципальный район Хайбуллинский район,29895,0,29895
80,80656000,Муниципальный район Чекмагушевский район,27968,0,27968
81,80657000,Муниципальный район Чишминский район,50859,22441,28418
82,80658000,Муниципальный район Шаранский район,19000,0,19000
83,80659000,Муниципальный район Янаульский район,42880,25635,17245
85,81720000,Городской округ г Северобайкальск,24431,24431,0
86,81603000,Баргузинский муниципальный район,19820,6084,13736
87,81606000,Баунтовский эвенкийский муниципальный район,8122,0,8122
88,81609000,Бичурский муниципальный район,21036,0,21036
89,81612000,Джидинский муниципальный район,21539,0,21539
90,81615000,Еравнинский муниципальный район,16951,0,16951
91,81618000,Заиграевский муниципальный район,50806,13935,36871
92,81621000,Закаменский муниципальный район,23905,11054,12851
93,81622000,Иволгинский муниципальный район,67429,0,67429
94,81624000,Кабанский муниципальный район,51105,23777,27328
95,81627000,Кижингинский муниципальный район,14491,0,14491
96,81630000,Курумканский муниципальный район,12950,0,12950
97,81633000,Кяхтинский муниципальный район,31829,20324,11505
98,81635000,Муйский муниципальный район,8744,8174,570
99,81636000,Мухоршибирский муниципальный район,21660,0,21660
100,81639000,Окинский муниципальный район,5332,0,5332
101,81642000,Прибайкальский муниципальный район,23913,0,23913
102,81645000,Северо-Байкальский муниципальный район,10349,7683,2666
103,81648000,Селенгинский муниципальный район,40815,24415,16400
104,81650000,Тарбагатайский муниципальный район,26628,0,26628
105,81651000,Тункинский муниципальный район,20397,0,20397
106,81657000,Хоринский муниципальный район,16238,0,16238
107,82701000,Городской округ город Махачкала,759521,723211,36310
108,82705000,Городской округ город Буйнакск,68991,68991,0
109,82708000,Городской округ город Дагестанские Огни,31894,31894,0
111,82715000,Городской округ город Избербаш,57365,57365,0
113,82725000,Городской округ город Кизилюрт,50035,47450,2585
114,82730000,Городской округ город Кизляр,53011,53011,0
116,82738000,Городской округ город Южно-Сухокумск,10565,10565,0
121,82607000,Бабаюртовский муниципальный район,53733,0,53733
140,82636000,Кумторкалинский муниципальный район,29179,6462,22717
142,82639000,Новолакский муниципальный район,33831,0,33831
143,82640000,Ногайский муниципальный район,17923,0,17923
145,82644000,Сергокалинский муниципальный район,26598,0,26598
167,83701000,Городской округ г Нальчик,271656,245961,25695
168,83703000,Городской округ г Баксан,60724,39749,20975
169,83710000,Городской округ г Прохладный,59778,59778,0
172,83618000,Лескенский муниципальный район,31017,0,31017
173,83620000,Майский муниципальный район,37828,26286,11542
174,83625000,Прохладненский муниципальный район,49860,0,49860
176,83635000,Терский муниципальный район,53146,19990,33156
177,83640000,Урванский муниципальный район,75558,32982,42576
178,83645000,Чегемский муниципальный район,78227,20837,57390
179,83648000,Эльбрусский муниципальный район,39241,22061,17180
181,85605000,Городовиковский муниципальный район,13530,8172,5358
183,85625000,Кетченеровский муниципальный район,8524,0,8524
184,85615000,Лаганский муниципальный район,18310,13670,4640
185,85620000,Малодербетовский муниципальный район,9207,0,9207
186,85623000,Октябрьский муниципальный район,7730,0,7730
187,85628000,Приютненский муниципальный район,9437,0,9437
188,85632000,Сарпинский муниципальный район,11043,0,11043
189,85637000,Целинный муниципальный район,20276,0,20276
190,85642000,Черноземельский муниципальный район,11985,0,11985
191,85646000,Юстинский муниципальный район,8828,0,8828
192,85650000,Яшалтинский муниципальный район,14353,0,14353
193,85654000,Яшкульский муниципальный район,14859,0,14859
194,91701000,Черкесский городской округ,112789,112789,0
195,91705000,Карачаевский городской округ,41060,36605,4455
196,91601000,Абазинский муниципальный район,17867,0,17867
197,91603000,Адыге-Хабльский муниципальный район,16419,0,16419
198,91610000,Зеленчукский муниципальный район,53819,0,53819
200,91620000,Малокарачаевский муниципальный район,42803,0,42803
201,91623000,Ногайский муниципальный район,16443,0,16443
202,91625000,Прикубанский муниципальный район,29951,1024,28927
203,91630000,Урупский муниципальный район,24282,5549,18733
204,91635000,Усть-Джегутинский муниципальный район,50777,31357,19420
205,91640000,Хабезский муниципальный район,30929,0,30929
206,86701000,Городской округ г Петрозаводск,235793,235793,0
207,86706000,Городской округ г Костомукша,26531,25928,603
209,86609000,Калевальский муниципальный район,5939,3417,2522
210,86612000,Кемский муниципальный район,12715,9712,3003
211,86615000,Кондопожский муниципальный район,31671,25295,6376
212,86618000,Лахденпохский муниципальный район,10709,5855,4854
213,86621000,Лоухский муниципальный район,10289,7178,3111
214,86624000,Медвежьегорский муниципальный район,23931,17355,6576
215,86627000,Муезерский муниципальный район,7903,2507,5396
216,86630000,Олонецкий муниципальный район,18662,7631,11031
218,86636000,Прионежский муниципальный район,21994,0,21994
219,86639000,Пряжинский муниципальный район,12259,2984,9275
220,86642000,Пудожский муниципальный район,14351,7207,7144
222,86610000,Сортавальский муниципальный район,23825,18720,5105
223,86550000,Суоярвский муниципальный округ,12418,6819,5599
224,87701000,Городской округ Сыктывкар,233105,232422,683
225,87710000,Городской округ Воркута,67702,67410,292
227,87715000,Городской округ Инта,21092,19947,1145
229,87725000,Городской округ Ухта,94168,92534,1634
230,87604000,Муниципальный район Ижемский,16294,0,16294
231,87608000,Муниципальный район Княжпогостский,15250,12827,2423
232,87612000,Муниципальный район Койгородский,7571,0,7571
233,87616000,Муниципальный район Корткеросский,18538,0,18538
234,87620000,Муниципальный район Печора,42796,37774,5022
235,87624000,Муниципальный район Прилузский,17418,0,17418
236,87626000,Муниципальный район Сосногорск,34217,31073,3144
237,87628000,Муниципальный район Сыктывдинский,21432,0,21432
238,87632000,Муниципальный район Сысольский,11753,0,11753
239,87636000,Муниципальный район Троицко-Печорский,9676,5876,3800
240,87640000,Муниципальный район Удорский,12529,7856,4673
241,87644000,Муниципальный район Усть-Вымский,23861,15380,8481
242,87648000,Муниципальный район Усть-Куломский,22164,0,22164
243,87652000,Муниципальный район Усть-Цилемский,10478,0,10478
269,88701000,Городской округ город Йошкар-Ола,294128,283469,10659
270,88705000,Городской округ город Волжск,52164,52164,0
271,88715000,Городской округ город Козьмодемьянск,19355,19355,0
272,88604000,Волжский муниципальный район,20633,3698,16935
273,88608000,Горномарийский муниципальный район,19891,0,19891
274,88612000,Звениговский муниципальный район,38830,19508,19322
275,88616000,Килемарский муниципальный район,11211,3897,7314
276,88620000,Куженерский муниципальный район,11637,4744,6893
277,88624000,Мари-Турекский муниципальный район,17406,4376,13030
278,88628000,Медведевский муниципальный район,67681,25345,42336
279,88632000,Моркинский муниципальный район,26138,8618,17520
280,88636000,Новоторъяльский муниципальный район,13597,5629,7968
281,88640000,Оршанский муниципальный район,12379,5501,6878
282,88644000,Параньгинский муниципальный район,13181,5267,7914
283,88648000,Сернурский муниципальный район,21572,8060,13512
284,88652000,Советский муниципальный район,26377,10483,15894
285,88656000,Юринский муниципальный район,6141,2546,3595
286,89701000,Городской округ Саранск,340591,330878,9713
287,89603000,Ардатовский муниципальный район,23935,13006,10929
288,89605000,Атюрьевский муниципальный район,9088,0,9088
289,89607000,Атяшевский муниципальный район,17467,5979,11488
290,89610000,Большеберезниковский муниципальный район,11743,0,11743
291,89613000,Большеигнатовский муниципальный район,6713,0,6713
292,89616000,Дубенский муниципальный район,11268,0,11268
293,89618000,Ельниковский муниципальный район,9271,0,9271
294,89621000,Зубово-Полянский муниципальный район,45860,22816,23044
295,89624000,Инсарский муниципальный район,11686,7710,3976
296,89626000,Ичалковский муниципальный район,17147,0,17147
297,89628000,Кадошкинский муниципальный район,6680,3840,2840
298,89629000,Ковылкинский муниципальный район,36267,19462,16805
299,89631000,Кочкуровский муниципальный район,9396,0,9396
300,89634000,Краснослободский муниципальный район,21734,8701,13033
301,89637000,Лямбирский муниципальный район,33732,0,33732
302,89640000,Ромодановский муниципальный район,19042,0,19042
303,89643000,Рузаевский муниципальный район,59259,42421,16838
304,89646000,Старошайговский муниципальный район,11515,0,11515
305,89649000,Темниковский муниципальный район,12876,6304,6572
306,89651000,Теньгушевский муниципальный район,9175,0,9175
307,89654000,Торбеевский муниципальный район,18328,8892,9436
308,89657000,Чамзинский муниципальный район,28600,20379,8221
309,98701000,Городской округ г Якутск,378549,361154,17395
310,98702000,Городской округ Жатай,11583,11583,0
311,98601000,Абыйский муниципальный район,3786,1905,1881
312,98603000,Алданский муниципальный район,39279,35848,3431
313,98606000,Аллаиховский муниципальный район,2349,1832,517
314,98608000,Амгинский муниципальный район,16894,0,16894
315,98610000,Анабарский национальный (долгано-эвенкийский) муниципальный район,3454,0,3454
316,98612000,Булунский муниципальный район,7997,4440,3557
317,98614000,Верхневилюйский муниципальный район,20889,0,20889
318,98615000,Верхнеколымский муниципальный район,3748,2455,1293
319,98616000,Верхоянский муниципальный район,10009,4683,5326
320,98618000,Вилюйский муниципальный район,25121,12843,12278
321,98620000,Горный муниципальный район,12004,0,12004
322,98622000,Жиганский национальный муниципальный район,4086,0,4086
323,98624000,Кобяйский муниципальный район,11188,3270,7918
324,98626000,Нюрбинский муниципальный район,22997,10055,12942
325,98627000,Ленский муниципальный район,32106,28138,3968
326,98629000,Мегино-Кангаласский муниципальный район,33110,5139,27971
327,98631000,Мирнинский муниципальный район,71308,68683,2625
328,98633000,Момский муниципальный район,3783,0,3783
329,98635000,Намский муниципальный район,24860,0,24860
330,98660000,Нерюнгринский муниципальный район,69032,67770,1262
331,98637000,Нижнеколымский муниципальный район,4211,2641,1570
332,98639000,Оймяконский муниципальный район,7600,4496,3104
333,98641000,Олекминский муниципальный район,20691,8457,12234
334,98642000,Оленекский эвенкийский национальный муниципальный район,4361,0,4361
335,98646000,Среднеколымский муниципальный район,6741,3118,3623
336,98648000,Сунтарский муниципальный район,22352,0,22352
337,98604000,Таттинский муниципальный район,16858,0,16858
338,98650000,Томпонский муниципальный район,11064,6187,4877
339,98652000,Усть-Алданский муниципальный район,22249,0,22249
340,98654000,Усть-Майский муниципальный район,7159,4877,2282
341,98656000,Усть-Янский муниципальный район,6809,3524,3285
342,98644000,Хангаласский муниципальный район,34435,17183,17252
343,98658000,Чурапчинский муниципальный район,21955,0,21955
344,98659000,Эвено-Бытантайский национальный муниципальный район,2948,0,2948
345,90701000,Городской округ город Владикавказ,309619,308245,1374
346,90605000,Алагирский муниципальный район,38381,21315,17066
347,90610000,Ардонский муниципальный район,31288,18915,12373
348,90615000,Дигорский муниципальный район,18504,9993,8511
349,90620000,Ирафский муниципальный район,15607,0,15607
350,90625000,Кировский муниципальный район,27907,0,27907
351,90630000,Моздокский муниципальный район,82698,35662,47036
352,90635000,Правобережный муниципальный район,55510,36011,19499
353,90640000,Пригородный муниципальный район,101234,0,101234
354,92701000,Городской округ - город Казань,1314685,1314685,0
355,92730000,Городской округ - город Набережные Челны,545750,545750,0
356,92601000,Агрызский муниципальный район,34692,19860,14832
357,92602000,Азнакаевский муниципальный район,57623,41901,15722
358,92604000,Аксубаевский муниципальный район,26484,9078,17406
359,92605000,Актанышский муниципальный район,27710,0,27710
360,92606000,Алексеевский муниципальный район,24739,11602,13137
361,92607000,Алькеевский муниципальный район,18228,0,18228
362,92608000,Альметьевский муниципальный район,213275,173770,39505
363,92610000,Апастовский муниципальный район,18786,5089,13697
364,92612000,Арский муниципальный район,50166,20106,30060
365,92613000,Атнинский муниципальный район,12371,0,12371
366,92614000,Бавлинский муниципальный район,32711,21176,11535
367,92615000,Балтасинский муниципальный район,32861,8225,24636
368,92617000,Бугульминский муниципальный район,100110,84817,15293
369,92618000,Буинский муниципальный район,39524,19741,19783
370,92620000,Верхнеуслонский муниципальный район,17493,4211,13282
371,92622000,Высокогорский муниципальный район,58283,0,58283
372,92624000,Дрожжановский муниципальный район,20429,0,20429
373,92626000,Елабужский муниципальный район,85667,73890,11777
374,92627000,Заинский муниципальный район,52812,39241,13571
375,92628000,Зеленодольский муниципальный район,169710,123434,46276
376,92629000,Кайбицкий муниципальный район,12622,0,12622
377,92630000,Камско-Устьинский муниципальный район,14305,7536,6769
378,92633000,Кукморский муниципальный район,51290,17777,33513
379,92634000,Лаишевский муниципальный район,67057,9050,58007
380,92636000,Лениногорский муниципальный район,78468,60595,17873
381,92638000,Мамадышский муниципальный район,39955,15686,24269
382,92639000,Менделеевский муниципальный район,30523,22695,7828
383,92640000,Мензелинский муниципальный район,26732,15846,10886
384,92642000,Муслюмовский муниципальный район,18828,0,18828
385,92644000,Нижнекамский муниципальный район,277053,254955,22098
386,92645000,Новошешминский муниципальный район,12798,0,12798
387,92646000,Нурлатский муниципальный район,52133,33386,18747
388,92648000,Пестречинский муниципальный район,64944,0,64944
389,92650000,Рыбно-Слободский муниципальный район,24078,7609,16469
390,92652000,Сабинский муниципальный район,30407,8944,21463
391,92653000,Сармановский муниципальный район,34003,13377,20626
392,92632000,Спасский муниципальный район,18209,8228,9981
393,92655000,Тетюшский муниципальный район,20066,10302,9764
394,92657000,Тукаевский муниципальный район,48959,0,48959
395,92656000,Тюлячинский муниципальный район,13562,0,13562
396,92658000,Черемшанский муниципальный район,17962,0,17962
397,92659000,Чистопольский муниципальный район,73850,58368,15482
398,92654000,Ютазинский муниципальный район,19712,10426,9286
401,93605000,Бай-Тайгинский муниципальный район,10548,0,10548
402,93610000,Барун-Хемчикский муниципальный район,11881,0,11881
403,93615000,Дзун-Хемчикский муниципальный район,19185,9566,9619
404,93620000,Каа-Хемский муниципальный район,12100,0,12100
405,93622000,Кызылский муниципальный район,36061,19869,16192
406,93625000,Монгун-Тайгинский муниципальный район,6069,0,6069
408,93635000,Пий-Хемский муниципальный район,10501,4985,5516
409,93638000,Сут-Хольский муниципальный район,8161,0,8161
410,93640000,Тандинский муниципальный район,15234,0,15234
413,93650000,Тоджинский муниципальный район,6681,0,6681
414,93654000,Улуг-Хемский муниципальный район,20131,11724,8407
415,93656000,Чаа-Хольский муниципальный район,6037,0,6037
416,93657000,Чеди-Хольский муниципальный район,7670,0,7670
417,93658000,Эрзинский муниципальный район,8529,0,8529
418,94701000,Городской округ Ижевск,620591,620591,0
419,94710000,Городской округ Воткинск,96646,96646,0
420,94720000,Городской округ Глазов,86996,86996,0
421,94730000,Городской округ Можга,44038,44038,0
422,94740000,Городской округ Сарапул,90260,90260,0
423,94502000,Муниципальный округ Алнашский район,20182,0,20182
424,94504000,Муниципальный округ Балезинский район,27261,0,27261
425,94506000,Муниципальный округ Вавожский район,13827,0,13827
426,94508000,Муниципальный округ Воткинский район,23422,0,23422
428,94512000,Муниципальный округ Граховский район,8699,0,8699
429,94514000,Муниципальный округ Дебесский район,10804,0,10804
430,94516000,Муниципальный округ Завьяловский район,82103,0,82103
431,94518000,Муниципальный округ Игринский район,32865,0,32865
432,94520000,Муниципальный округ Камбарский район,15789,9916,5873
433,94522000,Муниципальный округ Каракулинский район,10224,0,10224
434,94524000,Муниципальный округ Кезский район,18032,0,18032
435,94526000,Муниципальный округ Кизнерский район,17595,0,17595
436,94528000,Муниципальный округ Киясовский район,8666,0,8666
437,94530000,Муниципальный округ Красногорский район,7584,0,7584
438,94533000,Муниципальный округ Малопургинский район,31253,0,31253
439,94535000,Муниципальный округ Можгинский район,24795,0,24795
440,94537000,Муниципальный округ Сарапульский район,23501,0,23501
441,94539000,Муниципальный округ Селтинский район,10457,0,10457
442,94541000,Муниципальный округ Сюмсинский район,10209,0,10209
443,94544000,Муниципальный округ Увинский район,34140,0,34140
444,94546000,Муниципальный округ Шарканский район,19022,0,19022
445,94548000,Муниципальный округ Юкаменский район,7343,0,7343
446,94550000,Муниципальный округ Якшур-Бодьинский район,19371,0,19371
447,94552000,Муниципальный округ Ярский район,11148,0,11148
448,95701000,Городской округ г Абакан,185348,185348,0
449,95702000,Городской округ г Абаза,12055,12055,0
450,95708000,Городской округ г Саяногорск,55899,55723,176
451,95709000,Городской округ г Сорск,10820,9922,898
452,95715000,Городской округ г Черногорск,77875,77875,0
453,95605000,Алтайский муниципальный район,23993,0,23993
455,95612000,Бейский муниципальный район,17492,0,17492
456,95615000,Боградский муниципальный район,11181,0,11181
457,95620000,Орджоникидзевский муниципальный район,9758,0,9758
458,95625000,Таштыпский муниципальный район,15416,0,15416
459,95630000,Усть-Абаканский муниципальный район,47052,13749,33303
460,95635000,Ширинский муниципальный район,24494,0,24494
461,96701000,Городской округ г Грозный,331402,331402,0
462,96702000,Городской округ г Аргун,60900,42685,18215
466,96610000,Гудермесский муниципальный район,178784,65534,113250
469,96616000,Надтеречный муниципальный район,66683,0,66683
474,96634000,Урус-Мартановский муниципальный район,168791,64811,103980
478,97701000,Чебоксарский городской округ,506351,496238,10113
479,97704000,Алатырский городской округ,31550,31550,0
480,97707000,Канашский городской округ,44257,44257,0
481,97710000,Новочебоксарский городской округ,120425,120147,278
482,97713000,Шумерлинский городской округ,26321,26321,0
483,97503000,Алатырский муниципальный округ,13552,0,13552
484,97505000,Аликовский муниципальный округ,13788,0,13788
485,97507000,Батыревский муниципальный округ,31190,0,31190
486,97510000,Вурнарский муниципальный округ,28773,0,28773
487,97513000,Ибресинский муниципальный округ,20179,0,20179
489,97519000,Козловский муниципальный округ,15100,7598,7502
490,97521000,Комсомольский муниципальный округ,20626,0,20626
491,97524000,Красноармейский муниципальный округ,12585,0,12585
492,97526000,Красночетайский муниципальный округ,13739,0,13739
493,97529000,Мариинско-Посадский муниципальный округ,18877,7746,11131
494,97532000,Моргаушский муниципальный округ,30826,0,30826
495,97535000,Порецкий муниципальный округ,10452,0,10452
496,97538000,Урмарский муниципальный округ,20427,0,20427
497,97541000,Цивильский муниципальный округ,31328,12793,18535
498,97544000,Чебоксарский муниципальный округ,61599,0,61599
499,97547000,Шемуршинский муниципальный округ,11611,0,11611
500,97550000,Шумерлинский муниципальный округ,7629,0,7629
501,97553000,Ядринский муниципальный округ,22684,7801,14883
502,97555000,Яльчикский муниципальный округ,15257,0,15257
503,97558000,Янтиковский муниципальный округ,12239,0,12239
504,01701000,Городской округ г Барнаул,690128,640865,49263
505,01703000,Городской округ г Алейск,24804,24804,0
506,01704000,Городской округ г Белокуриха,14791,14791,0
507,01705000,Городской округ г Бийск,189639,181678,7961
508,01706000,Городской округ г Заринск,40626,40626,0
509,01713000,Городской округ г Новоалтайск,73122,73122,0
510,01716000,Городской округ г Рубцовск,124687,124687,0
511,01539000,Муниципальный округ город Славгород,37149,27496,9653
512,01730000,Городской округ г Яровое,16447,16447,0
514,01601000,Алейский муниципальный район,13970,0,13970
515,01602000,Алтайский муниципальный район,26306,0,26306
516,01603000,Баевский муниципальный район,7994,0,7994
517,01604000,Бийский муниципальный район,31796,0,31796
518,01605000,Благовещенский муниципальный район,25706,16012,9694
519,01606000,Бурлинский муниципальный район,7728,0,7728
520,01607000,Быстроистокский муниципальный район,7216,0,7216
521,01608000,Волчихинский муниципальный район,14900,0,14900
522,01609000,Егорьевский муниципальный район,10811,0,10811
523,01610000,Ельцовский муниципальный район,4762,0,4762
524,01611000,Завьяловский муниципальный район,15697,0,15697
525,01512000,Залесовский муниципальный округ,11444,0,11444
526,01613000,Заринский муниципальный район,13212,0,13212
527,01614000,Змеиногорский муниципальный район,16142,9364,6778
528,01615000,Калманский муниципальный район,11723,0,11723
529,01616000,Каменский муниципальный район,40373,31933,8440
530,01617000,Ключевский муниципальный район,12620,0,12620
531,01618000,Косихинский муниципальный район,13533,0,13533
532,01619000,Красногорский муниципальный район,12865,0,12865
533,01620000,Краснощёковский муниципальный район,13804,0,13804
534,01621000,Крутихинский муниципальный район,8062,0,8062
535,01622000,Кулундинский муниципальный район,20480,0,20480
536,01623000,Курьинский муниципальный район,8155,0,8155
537,01624000,Кытмановский муниципальный район,9765,0,9765
538,01625000,Локтевский муниципальный район,19707,9770,9937
539,01626000,Мамонтовский муниципальный район,17803,0,17803
540,01627000,Михайловский муниципальный район,16483,2593,13890
541,01628000,Новичихинский муниципальный район,7533,0,7533
542,01629000,Зональный муниципальный район,16392,0,16392
543,01630000,Павловский муниципальный район,38931,0,38931
544,01631000,Панкрушихинский муниципальный район,9268,0,9268
545,01632000,Первомайский муниципальный район,52558,0,52558
546,01633000,Петропавловский муниципальный район,10396,0,10396
547,01634000,Поспелихинский муниципальный район,19641,0,19641
548,01635000,Ребрихинский муниципальный район,18967,0,18967
549,01636000,Родинский муниципальный район,14551,0,14551
550,01637000,Романовский муниципальный район,10697,0,10697
552,01640000,Смоленский муниципальный район,20472,0,20472
553,01541000,Муниципальный округ Суетский район,3380,0,3380
554,01642000,Советский муниципальный район,13757,0,13757
555,01643000,Солонешенский муниципальный район,7292,0,7292
556,01644000,Солтонский муниципальный район,6150,0,6150
557,01645000,Шелаболихинский муниципальный район,10349,0,10349
558,01646000,Табунский муниципальный район,7082,0,7082
559,01647000,Тальменский муниципальный район,42586,17929,24657
560,01648000,Тогульский муниципальный район,6346,0,6346
561,01649000,Топчихинский муниципальный район,18383,0,18383
562,01650000,Третьяковский муниципальный район,10228,0,10228
563,01651000,Троицкий муниципальный район,18242,0,18242
564,01652000,Тюменцевский муниципальный район,11012,0,11012
565,01653000,Угловский муниципальный район,8920,0,8920
566,01654000,Усть-Калманский муниципальный район,10944,0,10944
567,01655000,Усть-Пристанский муниципальный район,9282,0,9282
568,01656000,Хабарский муниципальный район,12392,0,12392
569,01657000,Целинный муниципальный район,13147,0,13147
570,01558000,Муниципальный округ Чарышский район,9445,0,9445
571,01659000,Шипуновский муниципальный район,24524,0,24524
572,01660000,Немецкий Национальный муниципальный район,14938,0,14938
578,76606000,Муниципальный район Балейский район,15537,10155,5382
579,76609000,Муниципальный район Борзинский район,44344,39384,4960
581,76612000,Муниципальный район Забайкальский район,19646,13469,6177
582,76515000,Каларский муниципальный округ,7377,4130,3247
584,76620000,Муниципальный район Карымский район,33677,21052,12625
585,76621000,Муниципальный район г Краснокаменск и Краснокаменский район,55713,51261,4452
586,76622000,Муниципальный район Красночикойский район,16105,0,16105
587,76624000,Муниципальный район Кыринский район,10238,0,10238
589,76628000,Муниципальный район Нерчинский район,26642,16559,10083
591,76632000,Муниципальный район Оловяннинский район,30332,18213,12119
593,76636000,Муниципальный район Петровск-Забайкальский район,14792,2759,12033
594,76538000,Приаргунский муниципальный округ,15487,7997,7490
595,76640000,Муниципальный район Сретенский район,18184,12902,5282
598,76646000,Муниципальный район Улетовский район,16960,2948,14012
599,76647000,Муниципальный район Хилокский район,25060,12658,12402
600,76648000,Муниципальный район Чернышевский район,29424,20912,8512
601,76650000,Муниципальный район Читинский район,71269,19729,51540
602,76652000,Муниципальный район Шелопугинский район,5711,0,5711
603,76654000,Муниципальный район Шилкинский район,35585,24820,10765
608,30701000,Петропавловск-Камчатский городской округ,162992,162992,0
611,30604000,Быстринский муниципальный район,2422,0,2422
612,30607000,Елизовский муниципальный район,59658,37553,22105
614,30613000,Соболевский муниципальный район,1988,0,1988
615,30616000,Усть-Большерецкий муниципальный район,6185,0,6185
616,30619000,Усть-Камчатский муниципальный район,8744,0,8744
618,30824000,Карагинский муниципальный район,3403,0,3403
619,30827000,Олюторский муниципальный район,3569,0,3569
620,30829000,Пенжинский муниципальный район,2026,0,2026
621,30832000,Тигильский муниципальный район,3668,0,3668
666,04701000,Городской округ г Красноярск,1197659,1196913,746
667,04703000,Городской округ г Ачинск,101384,101384,0
668,04706000,Городской округ г Боготол,17841,17841,0
669,04707000,Городской округ г Бородино,14985,14985,0
670,04709000,Городской округ г Дивногорск,31719,27679,4040
671,04712000,Городской округ г Енисейск,17655,17655,0
674,04720000,Городской округ г Канск,86034,86034,0
675,04722000,Городской округ г Лесосибирск,59207,59206,1
676,04723000,Городской округ г Минусинск,71792,71792,0
677,04726000,Городской округ г Назарово,44761,44761,0
678,04729000,Городской округ г Норильск,175466,175466,0
679,04733000,Городской округ г Сосновоборск,40619,40619,0
680,04740000,Городской округ г Шарыпово,41024,41024,0
681,04775000,Городской округ поселок Кедровый,3829,3829,0
683,04601000,Абанский муниципальный район,18068,0,18068
685,04604000,Балахтинский муниципальный район,18078,6956,11122
686,04605000,Березовский муниципальный район,39806,18867,20939
687,04606000,Бирилюсский муниципальный район,8136,0,8136
688,04608000,Боготольский муниципальный район,7833,0,7833
689,04609000,Богучанский муниципальный район,42460,0,42460
690,04610000,Большемуртинский муниципальный район,13706,7041,6665
691,04611000,Большеулуйский муниципальный район,6846,0,6846
692,04613000,Дзержинский муниципальный район,11589,0,11589
693,04614000,Емельяновский муниципальный район,54015,15533,38482
694,04615000,Енисейский муниципальный район,21466,3543,17923
695,04616000,Ермаковский муниципальный район,17583,0,17583
696,04617000,Идринский муниципальный район,10498,0,10498
697,04618000,Иланский муниципальный район,22954,15753,7201
698,04619000,Ирбейский муниципальный район,12871,0,12871
699,04620000,Казачинский муниципальный район,8657,0,8657
700,04621000,Канский муниципальный район,21454,0,21454
701,04622000,Каратузский муниципальный район,13367,0,13367
702,04624000,Кежемский муниципальный район,16917,13089,3828
703,04626000,Козульский муниципальный район,12001,6257,5744
704,04628000,Краснотуранский муниципальный район,12990,0,12990
705,04630000,Курагинский муниципальный район,39701,22567,17134
706,04631000,Манский муниципальный район,13588,0,13588
708,04635000,Мотыгинский муниципальный район,12208,6766,5442
709,04637000,Назаровский муниципальный район,20560,0,20560
710,04639000,Нижнеингашский муниципальный район,23928,13476,10452
711,04641000,Новоселовский муниципальный район,10848,0,10848
712,04643000,Партизанский муниципальный район,8111,0,8111
713,04545000,Пировский муниципальный округ,5857,0,5857
714,04647000,Рыбинский муниципальный район,29892,15397,14495
715,04648000,Саянский муниципальный район,9177,0,9177
716,04649000,Северо-Енисейский муниципальный район,8492,5996,2496
717,04651000,Сухобузимский муниципальный район,19135,0,19135
718,04653000,Таймырский Долгано-Ненецкий муниципальный район,29889,19782,10107
719,04652000,Тасеевский муниципальный район,10129,0,10129
720,04654000,Туруханский муниципальный район,12491,3468,9023
721,04555000,Тюхтетский муниципальный округ,7685,0,7685
722,04656000,Ужурский муниципальный район,27593,14066,13527
723,04657000,Уярский муниципальный район,18047,11805,6242
724,04558000,Шарыповский муниципальный округ,11709,0,11709
725,04659000,Шушенский муниципальный район,30328,16668,13660
726,04650000,Эвенкийский муниципальный район,13311,0,13311
727,57701000,Пермский городской округ,1027157,1027153,4
731,57726000,Лысьвенский городской округ,61656,53057,8599
734,57502000,Александровский муниципальный округ,22972,20771,2201
735,57503000,Бардымский муниципальный округ,26401,0,26401
736,57506000,Березовский муниципальный округ,13692,0,13692
737,57508000,Большесосновский муниципальный округ,11874,0,11874
738,57712000,Верещагинский городской округ,39102,22077,17025
739,57714000,Горнозаводский городской округ,22067,21008,1059
741,57718000,Добрянский городской округ,47852,39877,7975
742,57518000,Еловский муниципальный округ,8718,0,8718
743,57759000,Ильинский городской округ,17327,2919,14408
744,57522000,Карагайский муниципальный округ,20192,0,20192
745,57719000,"Городской округ ""Город Кизел""",17530,15319,2211
746,57524000,Кишертский муниципальный округ,11074,0,11074
747,57760000,Красновишерский городской округ,17604,14164,3440
748,57720000,Краснокамский городской округ,67055,52523,14532
749,57529000,Куединский муниципальный округ,23317,0,23317
751,57727000,Нытвенский городской округ,38404,26016,12388
752,57761000,Октябрьский городской округ,24270,13531,10739
753,57538000,Ординский муниципальный округ,14149,0,14149
754,57728000,Осинский городской округ,26446,19369,7077
755,57729000,Оханский городской округ,14240,6290,7950
756,57762000,Очерский городской округ,22456,17436,5020
757,57546000,Пермский муниципальный округ,128215,0,128215
758,57548000,Сивинский муниципальный округ,12059,0,12059
760,57731000,Суксунский городской округ,18289,8298,9991
761,57552000,Уинский муниципальный округ,9885,0,9885
763,57735000,Чайковский городской округ,94467,75324,19143
764,57555000,Частинский муниципальный округ,11958,0,11958
765,57756000,Чердынский городской округ,15097,7722,7375
766,57757000,Чернушинский городской округ,50585,33092,17493
767,57758000,Чусовской городской округ,64392,52384,12008
769,57513000,Гайнский муниципальный округ,11876,0,11876
770,57525000,Косинский муниципальный округ,5685,0,5685
771,57526000,Кочевский муниципальный округ,9469,0,9469
773,57559000,Юрлинский муниципальный округ,8631,0,8631
774,57560000,Юсьвинский муниципальный округ,16457,0,16457
775,05701000,Владивостокский городской округ,628385,597237,31148
776,05703000,Арсеньевский городской округ,47306,47306,0
777,05705000,Артемовский городской округ,117858,108690,9168
778,05706000,Городской округ город Большой Камень,42271,40448,1823
779,05707000,Дальнегорский городской округ,38999,33030,5969
780,05708000,Дальнереченский городской округ,24891,23028,1863
781,05711000,Лесозаводский городской округ,40210,34967,5243
782,05714000,Находкинский городской округ,137136,136096,1040
783,05717000,Партизанский городской округ,39517,33165,6352
784,05720000,Спасск-Дальний городской округ,35096,35096,0
785,05723000,Уссурийский городской округ,205343,179862,25481
787,05502000,Анучинский муниципальный округ,12391,0,12391
788,05607000,Дальнереченский муниципальный район,8026,0,8026
789,05510000,Кавалеровский муниципальный округ,21082,15794,5288
790,05612000,Кировский муниципальный район,17605,12013,5592
792,05517000,Лазовский муниципальный округ,12150,6258,5892
793,05620000,Михайловский муниципальный район,28755,7049,21706
794,05623000,Надеждинский муниципальный район,40669,0,40669
795,05526000,Октябрьский муниципальный округ,22935,5246,17689
796,05528000,Ольгинский муниципальный округ,7511,3112,4399
798,05532000,Пограничный муниципальный округ,18359,9793,8566
799,05534000,Пожарский муниципальный округ,24402,17089,7313
800,05637000,Спасский муниципальный район,20204,0,20204
801,05540000,Тернейский муниципальный округ,9876,8026,1850
802,05546000,Ханкайский муниципальный округ,17419,0,17419
803,05548000,Хасанский муниципальный округ,24798,18844,5954
804,05550000,Хорольский муниципальный округ,24807,8146,16661
806,05555000,Чугуевский муниципальный округ,21421,0,21421
809,07701000,Городской округ Город Ставрополь,550260,550147,113
812,07710000,Городской округ Город-курорт Ессентуки,121534,121534,0
813,07712000,Городской округ Город-курорт Железноводск,50136,50136,0
818,07718000,Городской округ Город Лермонтов,24405,22887,1518
820,07724000,Городской округ Город Невинномысск,115826,115826,0
824,07727000,Городской округ Город-курорт Пятигорск,213377,199076,14301
826,07502000,Александровский муниципальный округ,46441,0,46441
827,07503000,Андроповский муниципальный округ,33526,0,33526
828,07505000,Апанасенковский муниципальный округ,29621,0,29621
829,07507000,Арзгирский муниципальный округ,22874,0,22874
830,07512000,Буденновский муниципальный округ,107390,57121,50269
831,07517000,Грачевский муниципальный округ,37986,0,37986
832,07528000,Кочубеевский муниципальный округ,78120,0,78120
833,07530000,Красногвардейский муниципальный округ,35811,0,35811
834,07533000,Курский муниципальный округ,52548,0,52548
835,07536000,Левокумский муниципальный округ,34905,0,34905
836,07544000,Новоселицкий муниципальный округ,24624,0,24624
838,07552000,Степновский муниципальный округ,20544,0,20544
839,07554000,Труновский муниципальный округ,32451,0,32451
840,07556000,Туркменский муниципальный округ,22217,0,22217
841,07558000,Шпаковский муниципальный округ,166092,112793,53299
842,08701000,Городской округ г Хабаровск,617168,617168,0
843,08709000,Городской округ г Комсомольск-на-Амуре,236158,236158,0
844,08603000,Амурский муниципальный район,56707,48087,8620
846,08609000,Бикинский муниципальный район,21445,15875,5570
847,08612000,Ванинский муниципальный район,34071,25622,8449
848,08614000,Верхнебуреинский муниципальный район,24861,18936,5925
849,08617000,Вяземский муниципальный район,19440,12791,6649
850,08620000,Комсомольский муниципальный район,24018,0,24018
851,08624000,Им. Лазо муниципальный район,38232,20697,17535
852,08628000,Нанайский муниципальный район,14430,0,14430
853,08631000,Николаевский муниципальный район,23830,20286,3544
855,08637000,Им. Полины Осипенко муниципальный район,3657,0,3657
856,08642000,Советско-Гаванский муниципальный район,36866,36162,704
857,08644000,Солнечный муниципальный район,27089,12253,14836
858,08646000,Тугуро-Чумиканский муниципальный район,1860,0,1860
859,08650000,Ульчский муниципальный район,14304,0,14304
860,08655000,Хабаровский муниципальный район,82008,4894,77114
862,10710000,Городской округ г Белогорск,60769,60350,419
863,10712000,Городской округ г Зея,18864,18864,0
864,10720000,Городской округ г Райчихинск,17451,15860,1591
865,10730000,Городской округ г Свободный,48789,48789,0
866,10732000,Городской округ г Тында,28160,28160,0
867,10740000,Городской округ г Шимановск,16178,16178,0
868,10775000,Городской округ - пгт Прогресс,10970,10967,3
870,10505000,Архаринский муниципальный округ,12729,7580,5149
871,10508000,Белогорский муниципальный округ,17256,0,17256
872,10511000,Благовещенский муниципальный округ,35071,0,35071
873,10515000,Бурейский муниципальный округ,16940,13183,3757
874,10521000,Завитинский муниципальный округ,11783,9253,2530
876,10528000,Ивановский муниципальный округ,21126,0,21126
877,10630000,Константиновский муниципальный район,10829,0,10829
878,10631000,Магдагачинский муниципальный район,16847,11960,4887
879,10632000,Мазановский муниципальный район,9373,0,9373
880,10635000,Михайловский муниципальный район,12478,0,12478
881,10638000,Октябрьский муниципальный район,18720,0,18720
882,10540000,Ромненский муниципальный округ,7325,0,7325
883,10642000,Свободненский муниципальный район,11506,0,11506
885,10547000,Серышевский муниципальный округ,21156,9271,11885
886,10549000,Сковородинский муниципальный округ,20328,13799,6529
887,10551000,Тамбовский муниципальный округ,20534,0,20534
888,10554000,Тындинский муниципальный округ,13606,0,13606
889,10555000,Шимановский муниципальный округ,5143,0,5143
890,11701000,Городской округ город Архангельск,303357,298617,4740
891,11708000,Городской округ Коряжма,34002,34002,0
892,11710000,Городской округ Котлас,67023,66939,84
895,11715000,Городской округ Новодвинск,32826,32826,0
896,11730000,Городской округ Северодвинск,156731,156056,675
897,11605000,Вельский муниципальный район,45261,26102,19159
898,11508000,Верхнетоемский муниципальный округ,11299,0,11299
899,11511000,Вилегодский муниципальный округ,8759,0,8759
900,11514000,Виноградовский муниципальный округ,12647,0,12647
901,11518000,Каргопольский муниципальный округ,14796,8737,6059
902,11622000,Коношский муниципальный район,18209,10317,7892
903,11527000,Котласский муниципальный округ,17228,8526,8702
905,11635000,Ленский муниципальный район,9879,3932,5947
907,11542000,Мезенский муниципальный округ,7248,2832,4416
908,11544000,Няндомский муниципальный округ,22889,18146,4743
909,11646000,Онежский муниципальный район,24068,18391,5677
911,11550000,Плесецкий муниципальный округ,33589,22423,11166
913,11554000,Устьянский муниципальный округ,23609,9008,14601
914,11556000,Холмогорский муниципальный округ,18445,0,18445
915,11558000,Шенкурский муниципальный округ,10681,4524,6157
918,12701000,Городской округ город Астрахань,468842,468842,0
920,12605000,Муниципальный район Ахтубинский,57400,44368,13032
921,12610000,Муниципальный район Володарский,44300,0,44300
922,12615000,Муниципальный район Енотаевский,25035,0,25035
923,12620000,Муниципальный район Икрянинский,48058,12980,35078
924,12625000,Муниципальный район Камызякский,47368,20849,26519
925,12630000,Муниципальный район Красноярский,36117,0,36117
926,12635000,Муниципальный район Лиманский,27946,8833,19113
927,12640000,Муниципальный район Наримановский,47916,10953,36963
928,12642000,Муниципальный район Приволжский,64629,0,64629
929,12645000,Муниципальный район Харабалинский,39706,18296,21410
930,12650000,Муниципальный район Черноярский,19408,0,19408
986,17701000,Городской округ город Владимир,349315,346771,2544
987,17720000,Городской округ город Гусь-Хрустальный,52002,51921,81
988,17725000,Городской округ город Ковров,130327,130327,0
989,17735000,Городской округ округ Муром,113330,105995,7335
991,17605000,Александровский муниципальный район,104158,89828,14330
992,17610000,Вязниковский муниципальный район,68662,44352,24310
993,17615000,Гороховецкий муниципальный район,20260,12310,7950
994,17620000,Гусь-Хрустальный муниципальный район,39472,6100,33372
995,17625000,Камешковский муниципальный район,30510,11857,18653
996,17630000,Киржачский муниципальный район,38094,26548,11546
997,17635000,Ковровский муниципальный район,29802,6938,22864
998,17640000,Кольчугинский муниципальный район,48256,38492,9764
999,17642000,Меленковский муниципальный район,31820,13147,18673
1001,17646000,Петушинский муниципальный район,58851,47153,11698
1002,17648000,Селивановский муниципальный район,16791,7796,8995
1003,17650000,Собинский муниципальный район,49313,36067,13246
1004,17652000,Судогодский муниципальный район,34595,10150,24445
1005,17654000,Суздальский муниципальный район,46468,9090,37378
1006,17656000,Юрьев-Польский муниципальный район,31345,16947,14398
1007,18701000,Городской округ город-герой Волгоград,1025662,1025662,0
1008,18710000,Городской округ город Волжский,316544,316544,0
1009,18715000,Городской округ город Камышин,105471,105471,0
1010,18720000,Городской округ город Михайловка,82970,59848,23122
1011,18725000,Городской округ город Урюпинск,35449,35449,0
1012,18728000,Городской округ город Фролово,34494,34494,0
1013,18602000,Алексеевский муниципальный район,14873,0,14873
1014,18604000,Быковский муниципальный район,24781,7074,17707
1015,18605000,Городищенский муниципальный район,59337,34912,24425
1016,18606000,Даниловский муниципальный район,12515,4105,8410
1017,18608000,Дубовский муниципальный район,28817,14539,14278
1018,18610000,Еланский муниципальный район,28360,13771,14589
1019,18612000,Жирновский муниципальный район,36278,27179,9099
1020,18614000,Иловлинский муниципальный район,31190,10230,20960
1021,18616000,Калачевский муниципальный район,51061,23776,27285
1022,18618000,Камышинский муниципальный район,41135,12441,28694
1023,18620000,Киквидзенский муниципальный район,14639,0,14639
1024,18622000,Клетский муниципальный район,16093,0,16093
1025,18624000,Котельниковский муниципальный район,36949,21885,15064
1026,18626000,Котовский муниципальный район,29296,20477,8819
1027,18646000,Кумылженский муниципальный район,17758,0,17758
1028,18630000,Ленинский муниципальный район,27375,12982,14393
1029,18634000,Нехаевский муниципальный район,13014,0,13014
1030,18636000,Николаевский муниципальный район,28467,13266,15201
1031,18638000,Новоаннинский муниципальный район,31911,14922,16989
1032,18640000,Новониколаевский муниципальный район,19675,8894,10781
1033,18642000,Октябрьский муниципальный район,20105,5916,14189
1034,18643000,Ольховский муниципальный район,15994,0,15994
1035,18645000,Палласовский муниципальный район,38309,14700,23609
1036,18647000,Руднянский муниципальный район,14298,5891,8407
1037,18649000,Светлоярский муниципальный район,33712,11017,22695
1038,18650000,Серафимовичский муниципальный район,22132,8527,13605
1039,18651000,Среднеахтубинский муниципальный район,61206,30472,30734
1040,18652000,Старополтавский муниципальный район,16794,0,16794
1041,18653000,Суровикинский муниципальный район,32730,18414,14316
1043,18656000,Фроловский муниципальный район,13830,0,13830
1044,18658000,Чернышковский муниципальный район,13146,3442,9704
1047,19505000,Бабаевский муниципальный округ,19014,11646,7368
1048,19508000,Бабушкинский муниципальный округ,9641,0,9641
1049,19510000,Белозерский муниципальный округ,13492,8183,5309
1051,19514000,Великоустюгский муниципальный округ,49825,34527,15298
1052,19516000,Верховажский муниципальный округ,12561,0,12561
1053,19518000,Вожегодский муниципальный округ,13814,6015,7799
1054,19520000,Вологодский муниципальный округ,52745,0,52745
1055,19622000,Вытегорский муниципальный район,22200,10292,11908
1056,19524000,Грязовецкий муниципальный округ,32078,19849,12229
1057,19526000,Кадуйский муниципальный округ,16512,13467,3045
1059,19530000,Кичменгско-Городецкий муниципальный округ,14475,0,14475
1060,19532000,Междуреченский муниципальный округ,4918,0,4918
1062,19536000,Нюксенский муниципальный округ,8521,0,8521
1063,19538000,Сокольский муниципальный округ,45129,38320,6809
1064,19540000,Сямженский муниципальный округ,8049,0,8049
1065,19542000,Тарногский муниципальный округ,10460,0,10460
1066,19546000,Тотемский муниципальный округ,22064,8647,13417
1067,19548000,Усть-Кубинский муниципальный округ,7373,0,7373
1068,19550000,Устюженский муниципальный округ,15333,7653,7680
1069,19552000,Харовский муниципальный округ,12976,8361,4615
1070,19554000,Чагодощенский муниципальный округ,11110,8283,2827
1071,19656000,Череповецкий муниципальный район,39222,0,39222
1072,19658000,Шекснинский муниципальный район,29037,16048,12989
1107,24701000,Городской округ Иваново,360687,360687,0
1108,24703000,Городской округ Вичуга,30010,30010,0
1109,24705000,Городской округ Кинешма,75823,75823,0
1110,24706000,Городской округ Кохма,30592,30592,0
1111,24707000,Городской округ Тейково,30763,30763,0
1112,24711000,Городской округ Шуя,53910,53910,0
1113,24601000,Вичугский муниципальный район,15953,10338,5615
1115,24603000,Гаврилово-Посадский муниципальный район,12202,7102,5100
1116,24605000,Заволжский муниципальный район,12422,8532,3890
1117,24607000,Ивановский муниципальный район,40427,0,40427
1118,24609000,Ильинский муниципальный район,7306,3182,4124
1119,24611000,Кинешемский муниципальный район,17748,7923,9825
1120,24613000,Комсомольский муниципальный район,19486,8374,11112
1121,24614000,Лежневский муниципальный район,15124,7153,7971
1122,24615000,Лухский муниципальный район,7523,2521,5002
1123,24617000,Палехский муниципальный район,8663,4522,4141
1124,24619000,Пестяковский муниципальный район,4854,3019,1835
1125,24620000,Приволжский муниципальный район,21783,15984,5799
1126,24621000,Пучежский муниципальный район,10712,6654,4058
1127,24623000,Родниковский муниципальный район,30074,23773,6301
1128,24625000,Савинский муниципальный район,9969,4620,5349
1129,24629000,Тейковский муниципальный район,10198,1927,8271
1130,24631000,Фурмановский муниципальный район,33904,29131,4773
1131,24633000,Шуйский муниципальный район,19596,2334,17262
1132,24635000,Южский муниципальный район,19284,12667,6617
1133,24637000,Юрьевецкий муниципальный район,11727,7600,4127
1135,25703000,Городской округ Ангарское,230058,218386,11672
1136,25714000,Городской округ г Братск,221244,221244,0
1137,25720000,Городской округ Зиминское,30181,30181,0
1138,25726000,Городской округ г Саянск,35593,35593,0
1139,25732000,Городской округ г Тулун,37847,37847,0
1140,25736000,Городской округ г Усолье-Сибирское,73507,73507,0
1141,25738000,Городской округ г Усть-Илимск,78445,78445,0
1142,25745000,Городской округ Черемховское,53415,53415,0
1143,25746000,Городской округ Свирское,15333,15333,0
1144,25601000,Балаганский муниципальный район,8643,0,8643
1146,25604000,Братский муниципальный район,47876,21414,26462
1147,25606000,Жигаловский муниципальный район,8975,5507,3468
1148,25608000,Заларинский муниципальный район,26414,13526,12888
1151,25614000,Казачинско-Ленский муниципальный район,15129,9703,5426
1152,25616000,Катангский муниципальный район,3025,0,3025
1153,25618000,Качугский муниципальный район,15159,6360,8799
1154,25620000,Киренский муниципальный район,15876,12624,3252
1155,25622000,Куйтунский муниципальный район,27222,9795,17427
1157,25626000,Нижнеилимский муниципальный район,42534,36318,6216
1158,25628000,Нижнеудинский муниципальный район,52307,38862,13445
1160,25634000,Слюдянский муниципальный район,38631,34257,4374
1161,25636000,Тайшетский муниципальный район,70728,55125,15603
1162,25638000,Тулунский муниципальный район,19460,0,19460
1164,25642000,Муниципальный район - муниципальное образование Усть-Илимский,13031,5788,7243
1165,25644000,Усть-Кутский муниципальный район,42502,38321,4181
1166,25646000,Усть-Удинский муниципальный район,13343,0,13343
1170,25605000,Аларский муниципальный район,22197,0,22197
1171,25607000,Баяндаевский муниципальный район,11607,0,11607
1172,25609000,Боханский муниципальный район,25072,0,25072
1173,25629000,Нукутский муниципальный район,15036,0,15036
1174,25631000,Осинский муниципальный район,20829,0,20829
1175,25657000,Эхирит-Булагатский муниципальный район,29498,0,29498
1176,27701000,Городской округ город Калининград,489735,489735,0
1177,27711000,Ладушкинский городской округ,3721,3634,87
1178,27712000,Мамоновский городской округ,8508,8295,213
1179,27717000,Пионерский городской округ,12873,12873,0
1180,27725000,Светловский городской округ,27592,21054,6538
1181,27730000,Советский городской округ,38614,38614,0
1182,27740000,Янтарный городской округ,7237,6571,666
1183,27503000,Багратионовский муниципальный округ,32921,6379,26542
1184,27705000,Балтийский городской округ,29090,28479,611
1185,27506000,Гвардейский муниципальный округ,29256,13962,15294
1186,27507000,Гурьевский муниципальный округ,107412,27751,79661
1187,27709000,Гусевский городской округ,37533,28820,8713
1188,27510000,Зеленоградский муниципальный округ,39203,17133,22070
1189,27513000,Краснознаменский муниципальный округ,11016,3374,7642
1190,27734000,Светлогорский городской округ,20746,16771,3975
1191,27514000,Неманский муниципальный округ,15439,9216,6223
1192,27515000,Нестеровский муниципальный округ,11791,3342,8449
1193,27516000,Озерский муниципальный округ,12673,4321,8352
1194,27518000,Полесский муниципальный округ,17147,6954,10193
1195,27519000,Правдинский муниципальный округ,18197,3934,14263
1196,27527000,Славский муниципальный округ,15765,4013,11752
1197,27539000,Черняховский муниципальный округ,45874,35705,10169
1198,29701000,Городской округ город Калуга,355488,333954,21534
1224,32701000,Кемеровский городской округ,549362,549362,0
1225,32704000,Анжеро-Судженский городской округ,70178,68689,1489
1226,32707000,Беловский городской округ,120094,118432,1662
1227,32710000,Березовский городской округ,45941,43816,2125
1228,32715000,Калтанский городской округ,29370,21334,8036
1229,32716000,Киселевский городской округ,86185,81887,4298
1230,32719000,Ленинск-Кузнецкий городской округ,91711,90412,1299
1231,32725000,Междуреченский городской округ,96559,95408,1151
1232,32728000,Мысковский городской округ,41743,39709,2034
1233,32731000,Новокузнецкий городской округ,533565,533565,0
1234,32734000,Осинниковский городской округ,44002,39549,4453
1235,32732000,Полысаевский городской округ,28061,25502,2559
1236,32737000,Прокопьевский городской округ,174859,174859,0
1237,32740000,Тайгинский городской округ,23240,22092,1148
1238,32749000,Юргинский городской округ,78494,78494,0
1240,32501000,Беловский муниципальный округ,25274,0,25274
1241,32502000,Гурьевский муниципальный округ,36708,28740,7968
1242,32504000,Ижморский муниципальный округ,9939,4718,5221
1243,32507000,Кемеровский муниципальный округ,45809,0,45809
1244,32510000,Крапивинский муниципальный округ,21743,11978,9765
1245,32513000,Ленинск-Кузнецкий муниципальный округ,21547,0,21547
1246,32516000,Мариинский муниципальный округ,50952,40386,10566
1247,32519000,Новокузнецкий муниципальный округ,51550,0,51550
1249,32525000,Промышленновский муниципальный округ,45666,19374,26292
1250,32627000,Таштагольский муниципальный район,49596,44815,4781
1251,32528000,Тисульский муниципальный округ,18309,11714,6595
1252,32531000,Топкинский муниципальный округ,40738,26861,13877
1253,32534000,Тяжинский муниципальный округ,18850,12087,6763
1254,32537000,Чебулинский муниципальный округ,13270,5224,8046
1256,32543000,Яйский муниципальный округ,15662,9154,6508
1257,32546000,Яшкинский муниципальный округ,26287,12776,13511
1258,33701000,Городской округ г Киров,496941,471754,25187
1259,33704000,Городской округ г Вятские Поляны,29227,29227,0
1260,33707000,Городской округ г Кирово-Чепецк,65262,65262,0
1261,33710000,Городской округ г Котельнич,19631,19631,0
1262,33713000,Городской округ г Слободской,28908,28603,305
1264,33502000,Арбажский муниципальный округ,4416,2507,1909
1265,33503000,Афанасьевский муниципальный округ,10804,3381,7423
1266,33605000,Белохолуницкий муниципальный район,15331,9527,5804
1267,33506000,Богородский муниципальный округ,3274,2192,1082
1268,33507000,Верхнекамский муниципальный округ,20073,16666,3407
1269,33608000,Верхошижемский муниципальный район,6931,3494,3437
1270,33610000,Вятскополянский муниципальный район,22790,13354,9436
1271,33612000,Даровской муниципальный район,8318,6012,2306
1272,33614000,Зуевский муниципальный район,16810,9538,7272
1273,33516000,Кикнурский муниципальный округ,6535,4045,2490
1274,33617000,Кильмезский муниципальный район,9726,5272,4454
1275,33618000,Кирово-Чепецкий муниципальный район,19871,0,19871
1276,33619000,Котельничский муниципальный район,10408,0,10408
1277,33620000,Куменский муниципальный район,14363,5860,8503
1278,33521000,Лебяжский муниципальный округ,5450,2721,2729
1279,33522000,Лузский муниципальный округ,12773,11122,1651
1280,33623000,Малмыжский муниципальный район,20133,6809,13324
1281,33524000,Мурашинский муниципальный округ,9036,5544,3492
1282,33625000,Нагорский муниципальный район,6480,4031,2449
1284,33627000,Нолинский муниципальный район,15594,9433,6161
1285,33628000,Омутнинский муниципальный район,33878,28450,5428
1286,33529000,Опаринский муниципальный округ,6864,3775,3089
1287,33630000,Оричевский муниципальный район,24751,15467,9284
1288,33645000,Орловский муниципальный район,9442,5436,4006
1289,33531000,Пижанский муниципальный округ,8143,3572,4571
1290,33632000,Подосиновский муниципальный район,11490,8938,2552
1291,33533000,Санчурский муниципальный округ,7035,3842,3193
1292,33534000,Свечинский муниципальный округ,5890,3771,2119
1293,33635000,Слободской муниципальный район,31977,8854,23123
1294,33636000,Советский муниципальный район,21799,14495,7304
1295,33637000,Сунский муниципальный район,5002,1941,3061
1296,33638000,Тужинский муниципальный район,5621,3906,1715
1297,33540000,Унинский муниципальный округ,5909,3559,2350
1298,33641000,Уржумский муниципальный район,19810,8336,11474
1299,33543000,Фаленский муниципальный округ,7380,4127,3253
1300,33647000,Шабалинский муниципальный район,7388,4010,3378
1301,33649000,Юрьянский муниципальный район,16154,10993,5161
1302,33650000,Яранский муниципальный район,19684,13944,5740
1303,34701000,Городской округ город Кострома,265965,265965,0
1304,34705000,Городской округ город Буй,20211,20211,0
1305,34706000,Городской округ город Волгореченск,14079,14063,16
1306,34708000,Городской округ город Галич,12600,12600,0
1308,34730000,Городской округ город Шарья,30369,29632,737
1309,34602000,Антроповский муниципальный район,5105,0,5105
1310,34604000,Буйский муниципальный район,8754,3964,4790
1311,34606000,Вохомский муниципальный район,6698,0,6698
1312,34608000,Галичский муниципальный район,6412,0,6412
1313,34610000,Кадыйский муниципальный район,5895,3016,2879
1314,34512000,Кологривский муниципальный округ,4100,2324,1776
1315,34614000,Костромской муниципальный район,41653,0,41653
1316,34616000,Красносельский муниципальный район,16115,6990,9125
1317,34618000,Макарьевский муниципальный район,10096,5450,4646
1319,34522000,Межевской муниципальный округ,2809,0,2809
1320,34524000,Нейский муниципальный округ,10065,7642,2423
1321,34626000,Муниципальный район город Нерехта и Нерехтский район,28471,19435,9036
1322,34628000,Октябрьский муниципальный район,3343,0,3343
1325,34534000,Парфеньевский муниципальный округ,4385,0,4385
1326,34536000,Поназыревский муниципальный округ,4760,2952,1808
1327,34538000,Пыщугский муниципальный округ,3350,0,3350
1329,34642000,Судиславский муниципальный район,10893,4138,6755
1330,34644000,Сусанинский муниципальный район,5670,3013,2657
1331,34646000,Чухломский муниципальный район,7779,4147,3632
1332,34648000,Шарьинский муниципальный район,7264,0,7264
1333,37701000,Городской округ г Курган,305505,305505,0
1334,37705000,Городской округ г Шадринск,68102,68102,0
1335,37502000,Альменевский муниципальный округ,7642,0,7642
1336,37504000,Белозерский муниципальный округ,12856,0,12856
1339,37509000,Звериноголовский муниципальный округ,6675,0,6675
1340,37510000,Каргапольский муниципальный округ,25638,11539,14099
1342,37514000,Кетовский муниципальный округ,54884,0,54884
1343,37516000,Куртамышский муниципальный округ,24519,14788,9731
1344,37518000,Лебяжьевский муниципальный округ,11131,5337,5794
1345,37520000,Макушинский муниципальный округ,12243,6719,5524
1346,37522000,Мишкинский муниципальный округ,12737,6515,6222
1347,37524000,Мокроусовский муниципальный округ,9164,0,9164
1348,37526000,Петуховский муниципальный округ,13881,8457,5424
1349,37528000,Половинский муниципальный округ,7907,0,7907
1351,37532000,Сафакулевский муниципальный округ,10481,0,10481
1352,37534000,Целинный муниципальный округ,12006,0,12006
1353,37536000,Частоозерский муниципальный округ,4662,0,4662
1354,37538000,Шадринский муниципальный округ,24949,0,24949
1355,37540000,Шатровский муниципальный округ,13903,0,13903
1356,37542000,Шумихинский муниципальный округ,23733,16185,7548
1357,37544000,Щучанский муниципальный округ,16168,8026,8142
1358,37546000,Юргамышский муниципальный округ,15832,6396,9436
1392,41603000,Бокситогорский муниципальный район,50977,39276,11701
1393,41606000,Волосовский муниципальный район,50211,11647,38564
1394,41609000,Волховский муниципальный район,79417,57611,21806
1395,41612000,Всеволожский муниципальный район,554288,393779,160509
1396,41615000,Выборгский муниципальный район,195374,126288,69086
1397,41618000,Гатчинский муниципальный район,261898,154964,106934
1398,41621000,Кингисеппский муниципальный район,83838,58684,25154
1399,41624000,Киришский муниципальный район,59877,52891,6986
1400,41625000,Кировский муниципальный район,108460,96918,11542
1401,41627000,Лодейнопольский муниципальный район,27548,19599,7949
1402,41630000,Ломоносовский муниципальный район,85329,19730,65599
1403,41633000,Лужский муниципальный район,75307,40391,34916
1404,41636000,Подпорожский муниципальный район,25508,22836,2672
1405,41639000,Приозерский муниципальный район,57047,22440,34607
1406,41642000,Сланцевский муниципальный район,45192,34113,11079
1407,41645000,Тихвинский муниципальный район,66266,54286,11980
1408,41648000,Тосненский муниципальный район,133109,87678,45431
1410,42701000,Городской округ город Липецк,490428,490428,0
1411,42715000,Городской округ город Елец,96918,96918,0
1412,42603000,Воловский муниципальный район,12561,0,12561
1413,42606000,Грязинский муниципальный район,77162,43799,33363
1414,42609000,Данковский муниципальный район,31727,18594,13133
1415,42612000,Добринский муниципальный район,32556,0,32556
1416,42615000,Добровский муниципальный район,26851,0,26851
1417,42618000,Долгоруковский муниципальный район,16041,0,16041
1419,42624000,Задонский муниципальный район,33711,9647,24064
1420,42627000,Измалковский муниципальный район,14930,0,14930
1421,42630000,Краснинский муниципальный район,13303,0,13303
1422,42633000,Лебедянский муниципальный район,39264,19173,20091
1423,42636000,Лев-Толстовский муниципальный район,16391,0,16391
1424,42640000,Липецкий муниципальный район,60244,0,60244
1425,42642000,Становлянский муниципальный район,16432,0,16432
1426,42645000,Тербунский муниципальный район,20572,0,20572
1427,42648000,Усманский муниципальный район,49307,19177,30130
1428,42652000,Хлевенский муниципальный район,18518,0,18518
1429,42656000,Чаплыгинский муниципальный район,30120,11627,18493
1430,44701000,Городской округ город Магадан,95408,95408,0
1431,44502000,Ольский муниципальный округ,8502,5643,2859
1432,44504000,Омсукчанский муниципальный округ,4400,4399,1
1433,44507000,Северо-Эвенский муниципальный округ,1525,1267,258
1434,44510000,Среднеканский муниципальный округ,2182,2109,73
1435,44513000,Сусуманский муниципальный округ,6243,5971,272
1436,44516000,Тенькинский муниципальный округ,3044,2523,521
1437,44519000,Хасынский муниципальный округ,6934,6227,707
1438,44522000,Ягоднинский муниципальный округ,6077,6068,9
1439,46704000,Городской округ Балашиха,549846,526851,22995
1440,46705000,Городской округ Бронницы,21294,21294,0
1443,46711000,Городской округ Дзержинский,57700,57700,0
1444,46716000,Городской округ Долгопрудный,119957,119957,0
1445,46709000,Городской округ Домодедово,222807,155421,67386
1446,46718000,Городской округ Дубна,74193,74193,0
1447,46722000,Городской округ Егорьевск,111398,74108,37290
1448,46725000,Городской округ Жуковский,110507,110507,0
1449,46729000,Городской округ Зарайск,36534,20419,16115
1453,46733000,Городской округ Истра,172848,72250,100598
1454,46735000,Городской округ Кашира,66371,45231,21140
1456,46734000,Городской округ Королёв,226936,226936,0
1457,46739000,Городской округ Котельники,68758,68758,0
1459,46744000,Городской округ Красногорск,324754,242440,82314
1461,46740000,Городской округ Лобня,81968,81968,0
1463,46747000,Городской округ Луховицы,60722,35810,24912
1464,46741000,Городской округ Лыткарино,66079,66079,0
1465,46748000,Городской округ Люберцы,356489,339098,17391
1467,46746000,Городской округ Мытищи,299964,266436,33528
1468,46750000,Наро-Фоминский городской округ,194589,155111,39478
1472,46760000,Городской округ Подольск,350268,312400,37868
1473,46767000,Городской округ Протвино,36985,36985,0
1474,46762000,Городской округ Пущино,19392,19392,0
1475,46764000,Городской округ Реутов,113140,113140,0
1477,46766000,Рузский городской округ,79513,38616,40897
1478,46772000,Городской округ Серебряные Пруды,23475,8883,14592
1480,46776000,Городской округ Ступино,118268,80466,37802
1481,46780000,Городской округ Фрязино,59622,59606,16
1483,46781000,Городской округ Черноголовка,21789,19027,2762
1484,46784000,Городской округ Чехов,146908,92360,54548
1486,46787000,Городской округ Шаховская,29700,12722,16978
1488,46790000,Городской округ Электросталь,152190,143182,9008
1489,46708000,Волоколамский городской округ,65122,29321,35801
1490,46710000,Городской округ Воскресенск,160613,122051,38562
1491,46715000,Дмитровский городской округ,164318,99070,65248
1492,46737000,Городской округ Клин,148369,106194,42175
1493,46707000,Ленинский городской округ,309204,185810,123394
1494,46752000,Городской округ Лотошино,21919,6187,15732
1495,46745000,Можайский городской округ,92519,37249,55270
1496,46751000,Богородский городской округ,218485,167896,50589
1500,46768000,Раменский городской округ,334391,176589,157802
1501,46728000,Сергиево-Посадский городской округ,209616,161998,47618
1504,46778000,Талдомский городской округ,64223,46220,18003
1506,47701000,Городской округ город-герой Мурманск,267422,267422,0
1512,47517000,Ковдорский муниципальный округ,16762,15423,1339
1518,47608000,Кандалакшский муниципальный район,39935,32066,7869
1519,47605000,Кольский муниципальный район,33510,26289,7221
1520,47610000,Ловозерский муниципальный район,8695,6321,2374
1521,47515000,Печенгский муниципальный округ,30591,25771,4820
1522,47620000,Терский муниципальный район,4619,4031,588
1523,22701000,Городской округ г Нижний Новгород,1237128,1215521,21607
1525,22712000,Городской округ г Бор,117831,77582,40249
1526,22715000,Городской округ г Выкса,72979,59802,13177
1527,22721000,Городской округ г Дзержинск,226691,219771,6920
1528,22727000,Городской округ г Кулебаки,45413,36149,9264
1529,22730000,Городской округ Навашинский,20982,14372,6610
1530,22739000,Городской округ Перевозский,16141,8860,7281
1532,22737000,Городской округ Семеновский,45539,29473,16066
1533,22758000,Городской округ г Шахунья,29014,23624,5390
1534,22734000,Городской округ г Первомайск,17309,14289,3020
1535,22749000,Городской округ Сокольский,10897,5892,5005
1536,22755000,Городской округ г Чкаловск,19249,11365,7884
1537,22502000,Ардатовский муниципальный округ,22414,13270,9144
1539,22505000,Балахнинский муниципальный округ,72780,67126,5654
1540,22507000,Богородский муниципальный округ,58362,34372,23990
1541,22509000,Большеболдинский муниципальный округ,10295,0,10295
1542,22510000,Большемурашкинский муниципальный округ,10307,5513,4794
1543,22512000,Бутурлинский муниципальный округ,12996,6835,6161
1544,22514000,Вадский муниципальный округ,13408,0,13408
1545,22515000,Варнавинский муниципальный округ,9755,3178,6577
1546,22517000,Вачский муниципальный округ,16832,5148,11684
1547,22518000,Ветлужский муниципальный округ,12663,9225,3438
1548,22519000,Вознесенский муниципальный округ,14537,5991,8546
1549,22520000,Володарский муниципальный округ,47967,29840,18127
1550,22719000,Городской округ Воротынский,13643,6397,7246
1551,22522000,Воскресенский муниципальный округ,16216,5450,10766
1552,22526000,Гагинский муниципальный округ,9817,0,9817
1553,22528000,Городецкий муниципальный округ,80699,66130,14569
1554,22530000,Дальнеконстантиновский муниципальный округ,20408,4787,15621
1555,22532000,Дивеевский муниципальный округ,15033,0,15033
1556,22533000,Княгининский муниципальный округ,10869,6430,4439
1557,22534000,Ковернинский муниципальный округ,17245,6950,10295
1558,22535000,Краснобаковский муниципальный округ,18758,11822,6936
1559,22536000,Краснооктябрьский муниципальный округ,8726,0,8726
1560,22537000,Кстовский муниципальный округ,122131,62208,59923
1561,22539000,Лукояновский муниципальный округ,26082,14583,11499
1562,22540000,Лысковский муниципальный округ,34467,21412,13055
1563,22542000,Павловский муниципальный округ,92555,75312,17243
1564,22545000,Пильнинский муниципальный округ,18304,6468,11836
1565,22546000,Починковский муниципальный округ,25730,0,25730
1566,22548000,Сергачский муниципальный округ,27151,19939,7212
1567,22549000,Сеченовский муниципальный округ,13644,0,13644
1568,22550000,Сосновский муниципальный округ,16339,8414,7925
1569,22551000,Спасский муниципальный округ,9479,0,9479
1570,22552000,Тонкинский муниципальный округ,7107,4426,2681
1571,22553000,Тоншаевский муниципальный округ,14521,8709,5812
1572,22554000,Уренский муниципальный округ,28080,17096,10984
1573,22556000,Шарангский муниципальный округ,11401,6667,4734
1574,22557000,Шатковский муниципальный округ,22759,9636,13123
1575,49701000,Городской округ Великий Новгород,223191,223191,0
1576,49603000,Батецкий муниципальный район,4815,0,4815
1577,49606000,Боровичский муниципальный район,60848,47353,13495
1578,49608000,Валдайский муниципальный район,21976,13887,8089
1579,49510000,Волотовский муниципальный округ,4116,0,4116
1582,49616000,Любытинский муниципальный район,7179,4090,3089
1583,49620000,Маловишерский муниципальный район,13275,9805,3470
1584,49523000,Марёвский муниципальный округ,3260,0,3260
1586,49625000,Новгородский муниципальный район,64063,14790,49273
1587,49628000,Окуловский муниципальный район,18528,13761,4767
1588,49630000,Парфинский муниципальный район,11684,6304,5380
1590,49634000,Поддорский муниципальный район,3266,0,3266
1592,49639000,Старорусский муниципальный район,37988,27183,10805
1593,49545000,Хвойнинский муниципальный округ,13321,6006,7315
1594,49647000,Холмский муниципальный район,4724,3137,1587
1595,49650000,Чудовский муниципальный район,18546,14023,4523
1596,49655000,Шимский муниципальный район,9125,3343,5782
1597,50701000,Городской округ г Новосибирск,1635338,1635338,0
1598,50708000,Городской округ г Бердск,102965,102965,0
1599,50712000,Городской округ г Искитим,56781,56781,0
1600,50717000,Городской округ г Обь,30762,30686,76
1602,50603000,Баганский муниципальный район,14189,0,14189
1603,50604000,Барабинский муниципальный район,38921,27534,11387
1604,50606000,Болотнинский муниципальный район,25450,15460,9990
1605,50608000,Венгеровский муниципальный район,14978,0,14978
1606,50610000,Доволенский муниципальный район,12894,0,12894
1607,50613000,Здвинский муниципальный район,11954,0,11954
1608,50615000,Искитимский муниципальный район,58772,17731,41041
1609,50617000,Карасукский муниципальный район,38488,24753,13735
1610,50619000,Каргатский муниципальный район,14171,8273,5898
1611,50621000,Колыванский муниципальный район,24523,12462,12061
1612,50623000,Коченевский муниципальный район,45134,22302,22832
1613,50625000,Кочковский муниципальный район,11625,0,11625
1614,50627000,Краснозерский муниципальный район,27773,8940,18833
1615,50630000,Куйбышевский муниципальный район,54201,41754,12447
1616,50632000,Купинский муниципальный район,25707,14985,10722
1617,50634000,Кыштовский муниципальный район,9149,0,9149
1618,50636000,Маслянинский муниципальный район,23583,13143,10440
1619,50638000,Мошковский муниципальный район,40629,13677,26952
1620,50640000,Новосибирский муниципальный район,166514,29463,137051
1621,50642000,Ордынский муниципальный район,33811,9447,24364
1622,50644000,Северный муниципальный район,7477,0,7477
1623,50648000,Сузунский муниципальный район,31331,15385,15946
1624,50650000,Татарский муниципальный район,36987,23588,13399
1625,50652000,Тогучинский муниципальный район,53998,29292,24706
1626,50654000,Убинский муниципальный район,11475,0,11475
1627,50655000,Усть-Таркский муниципальный район,10803,0,10803
1628,50656000,Чановский муниципальный район,20576,7946,12630
1629,50657000,Черепановский муниципальный район,49264,28738,20526
1630,50658000,Чистоозерный муниципальный район,13966,5332,8634
1631,50659000,Чулымский муниципальный район,19204,10929,8275
1632,52701000,Городской округ г Омск,1110836,1110836,0
1633,52601000,Азовский немецкий национальный муниципальный район,25205,0,25205
1634,52603000,Большереченский муниципальный район,21790,9723,12067
1635,52606000,Большеуковский муниципальный район,5942,0,5942
1636,52609000,Горьковский муниципальный район,18361,4784,13577
1637,52612000,Знаменский муниципальный район,9906,0,9906
1638,52615000,Исилькульский муниципальный район,35753,20050,15703
1639,52618000,Калачинский муниципальный район,36093,20825,15268
1640,52621000,Колосовский муниципальный район,8999,0,8999
1641,52623000,Кормиловский муниципальный район,23330,9088,14242
1642,52626000,Крутинский муниципальный район,12896,6647,6249
1643,52629000,Любинский муниципальный район,38401,16326,22075
1644,52630000,Марьяновский муниципальный район,25346,8575,16771
1645,52632000,Москаленский муниципальный район,26599,8974,17625
1646,52634000,Муромцевский муниципальный район,17328,9163,8165
1647,52636000,Называевский муниципальный район,18133,10236,7897
1648,52639000,Нижнеомский муниципальный район,12382,0,12382
1649,52641000,Нововаршавский муниципальный район,20645,8834,11811
1650,52642000,Одесский муниципальный район,16029,0,16029
1651,52643000,Оконешниковский муниципальный район,11914,4673,7241
1652,52644000,Омский муниципальный район,100896,1516,99380
1653,52646000,Павлоградский муниципальный район,17572,7188,10384
1654,52648000,Полтавский муниципальный район,18394,6290,12104
1655,52650000,Русско-Полянский муниципальный район,15831,6042,9789
1656,52651000,Саргатский муниципальный район,16047,7535,8512
1657,52652000,Седельниковский муниципальный район,8285,0,8285
1658,52653000,Таврический муниципальный район,33534,11712,21822
1659,52654000,Тарский муниципальный район,40239,27146,13093
1660,52655000,Тевризский муниципальный район,12174,6789,5385
1661,52656000,Тюкалинский муниципальный район,19472,9732,9740
1662,52657000,Усть-Ишимский муниципальный район,9400,0,9400
1663,52658000,Черлакский муниципальный район,25357,10024,15333
1664,52659000,Шербакульский муниципальный район,18975,6454,12521
1665,53701000,Городской округ город Оренбург,552831,539236,13595
1666,53704000,Абдулинский городской округ,23702,16987,6715
1667,53708000,Городской округ город Бугуруслан,43072,42747,325
1668,53712000,Городской округ город Бузулук,88419,88419,0
1669,53713000,Гайский городской округ,39585,32637,6948
1670,53714000,Кувандыкский городской округ,40777,26439,14338
1671,53715000,Городской округ город Медногорск,24531,23364,1167
1672,53720000,Городской округ город Новотроицк,79946,74959,4987
1673,53723000,Городской округ город Орск,190980,188135,2845
1674,53725000,Соль-Илецкий городской округ,45870,25754,20116
1675,53727000,Сорочинский городской округ,40343,28185,12158
1676,53732000,Ясненский городской округ,17951,15363,2588
1678,53604000,Адамовский муниципальный район,19557,0,19557
1679,53605000,Акбулакский муниципальный район,19217,0,19217
1680,53606000,Александровский муниципальный район,12956,0,12956
1681,53607000,Асекеевский муниципальный район,16050,0,16050
1682,53610000,Беляевский муниципальный район,13393,0,13393
1683,53611000,Бугурусланский муниципальный район,16658,0,16658
1684,53612000,Бузулукский муниципальный район,31261,0,31261
1685,53615000,Грачёвский муниципальный район,10778,0,10778
1686,53617000,Домбаровский муниципальный район,11377,0,11377
1687,53619000,Илекский муниципальный район,25508,0,25508
1688,53622000,Кваркенский муниципальный район,14901,0,14901
1689,53623000,Красногвардейский муниципальный район,17170,0,17170
1690,53625000,Курманаевский муниципальный район,14428,0,14428
1691,53627000,Матвеевский муниципальный район,9034,0,9034
1692,53630000,Новоорский муниципальный район,23850,0,23850
1693,53631000,Новосергиевский муниципальный район,29332,0,29332
1694,53633000,Октябрьский муниципальный район,17286,0,17286
1695,53634000,Оренбургский муниципальный район,115724,0,115724
1696,53636000,Первомайский муниципальный район,21087,0,21087
1697,53637000,Переволоцкий муниципальный район,20555,0,20555
1698,53638000,Пономарёвский муниципальный район,13036,0,13036
1699,53640000,Сакмарский муниципальный район,29265,0,29265
1700,53641000,Саракташский муниципальный район,40080,0,40080
1701,53642000,Светлинский муниципальный район,9948,0,9948
1702,53643000,Северный муниципальный район,10948,0,10948
1703,53651000,Ташлинский муниципальный район,20103,0,20103
1704,53652000,Тоцкий муниципальный район,31220,0,31220
1705,53653000,Тюльганский муниципальный район,17316,0,17316
1706,53656000,Шарлыкский муниципальный район,14948,0,14948
1707,54701000,Городской округ город Орёл,296633,296633,0
1708,54705000,Городской округ город Ливны,42928,42928,0
1709,54710000,Городской округ город Мценск,36070,36070,0
1710,54604000,Болховский муниципальный район,15224,9359,5865
1711,54608000,Верховский муниципальный район,14730,7053,7677
1712,54610000,Глазуновский муниципальный район,10245,4692,5553
1713,54612000,Дмитровский муниципальный район,10480,5177,5303
1714,54615000,Должанский муниципальный район,8684,3508,5176
1715,54618000,Залегощенский муниципальный район,11725,4374,7351
1716,54620000,Знаменский муниципальный район,4253,0,4253
1717,54623000,Колпнянский муниципальный район,12459,5296,7163
1718,54624000,Краснозоренский муниципальный район,5146,0,5146
1719,54625000,Кромской муниципальный район,20502,7017,13485
1720,54626000,Корсаковский муниципальный район,3814,0,3814
1721,54629000,Ливенский муниципальный район,26000,0,26000
1722,54632000,Малоархангельский муниципальный район,9363,3512,5851
1723,54636000,Мценский муниципальный район,16795,0,16795
1724,54639000,Новодеревеньковский муниципальный район,9076,3874,5202
1725,54643000,Новосильский муниципальный район,6700,2938,3762
1726,54501000,Орловский муниципальный округ,70123,9711,60412
1727,54650000,Покровский муниципальный район,11950,3751,8199
1728,54652000,Свердловский муниципальный район,13382,4919,8463
1729,54653000,Сосковский муниципальный район,5116,0,5116
1730,54654000,Троснянский муниципальный район,7739,0,7739
1731,54655000,Урицкий муниципальный район,17312,9336,7976
1732,54657000,Хотынецкий муниципальный район,7911,3514,4397
1733,54659000,Шаблыкинский муниципальный район,5916,2804,3112
1737,56603000,Башмаковский муниципальный район,19237,9372,9865
1738,56609000,Бековский муниципальный район,13678,5973,7705
1739,56612000,Белинский муниципальный район,24016,8519,15497
1740,56613000,Бессоновский муниципальный район,45314,0,45314
1741,56615000,Вадинский муниципальный район,7239,0,7239
1742,56618000,Городищенский муниципальный район,45423,20284,25139
1743,56623000,Земетчинский муниципальный район,18759,9509,9250
1744,56626000,Иссинский муниципальный район,8420,4862,3558
1745,56629000,Каменский муниципальный район,48988,33060,15928
1746,56631000,Камешкирский муниципальный район,10012,0,10012
1747,56633000,Колышлейский муниципальный район,20763,7830,12933
1749,56642000,Лопатинский муниципальный район,11418,0,11418
1750,56643000,Лунинский муниципальный район,15887,7134,8753
1751,56644000,Малосердобинский муниципальный район,8054,0,8054
1752,56645000,Мокшанский муниципальный район,23972,10694,13278
1753,56647000,Наровчатский муниципальный район,9855,0,9855
1754,56649000,Неверкинский муниципальный район,13276,0,13276
1755,56651000,Нижнеломовский муниципальный район,35895,20278,15617
1756,56653000,Никольский муниципальный район,27852,21084,6768
1757,56654000,Пачелмский муниципальный район,13098,6917,6181
1758,56655000,Пензенский муниципальный район,66046,2841,63205
1759,56656000,Сердобский муниципальный район,44853,29775,15078
1760,56657000,Сосновоборский муниципальный район,13770,5702,8068
1761,56606000,Спасский муниципальный район,11004,6921,4083
1762,56658000,Тамалинский муниципальный район,12852,6191,6661
1763,56659000,Шемышейский муниципальный район,14532,6284,8248
1764,58701000,Псковский городской округ,189315,189315,0
1765,58710000,Великолукский городской округ,85989,85989,0
1845,61701000,Городской округ город Рязань,523203,523203,0
1846,61705000,Городской округ город Касимов,27821,27821,0
1848,61715000,Городской округ город Скопин,25708,24697,1011
1849,61602000,Ермишинский муниципальный район,6511,3342,3169
1850,61604000,Захаровский муниципальный район,7831,0,7831
1851,61606000,Кадомский муниципальный район,7386,5031,2355
1852,61608000,Касимовский муниципальный район,27244,6585,20659
1853,61610000,Клепиковский муниципальный район,20955,9941,11014
1854,61612000,Кораблинский муниципальный район,21903,10084,11819
1855,61615000,Милославский муниципальный район,10730,5301,5429
1856,61617000,Михайловский муниципальный район,31518,15955,15563
1857,61620000,Александро-Невский муниципальный район,10529,3605,6924
1858,61623000,Пителинский муниципальный район,4629,1907,2722
1859,61625000,Пронский муниципальный район,30144,21509,8635
1861,61627000,Рыбновский муниципальный район,38973,21200,17773
1863,61634000,Рязанский муниципальный район,62396,0,62396
1864,61637000,Сапожковский муниципальный район,9059,2984,6075
1865,61640000,Сараевский муниципальный район,14601,4902,9699
1868,61646000,Спасский муниципальный район,24474,5705,18769
1869,61648000,Старожиловский муниципальный район,15692,4935,10757
1870,61650000,Ухоловский муниципальный район,8264,3859,4405
1871,61653000,Чучковский муниципальный район,6742,2565,4177
1872,61656000,Шацкий муниципальный район,20503,5791,14712
1873,61658000,Шиловский муниципальный район,34695,21207,13488
1874,36701000,Городской округ Самара,1163724,1163645,79
1875,36704000,Городской округ Жигулевск,52957,49301,3656
1876,36708000,Городской округ Кинель,57729,57729,0
1877,36713000,Городской округ Новокуйбышевск,99247,97163,2084
1878,36718000,Городской округ Октябрьск,20190,20190,0
1879,36724000,Городской округ Отрадный,46755,46755,0
1880,36727000,Городской округ Похвистнево,27913,26875,1038
1881,36735000,Городской округ Сызрань,164066,163303,763
1882,36740000,Городской округ Тольятти,674630,674630,0
1883,36750000,Городской округ Чапаевск,69177,69169,8
1884,36602000,Муниципальный район Алексеевский,10649,0,10649
1885,36604000,Муниципальный район Безенчукский,36495,22844,13651
1886,36606000,Муниципальный район Богатовский,13077,0,13077
1887,36608000,Муниципальный район Большеглушицкий,18041,0,18041
1888,36610000,Муниципальный район Большечерниговский,17336,0,17336
1889,36612000,Муниципальный район Борский район,22484,0,22484
1890,36614000,Муниципальный район Волжский,127070,45754,81316
1891,36615000,Муниципальный район Елховский,9309,0,9309
1892,36616000,Муниципальный район Исаклинский,12390,0,12390
1893,36617000,Муниципальный район Камышлинский район,10541,0,10541
1894,36618000,Муниципальный район Кинельский,30535,0,30535
1895,36620000,Муниципальный район Кинель-Черкасский,41008,0,41008
1896,36622000,Муниципальный район Клявлинский,14206,0,14206
1897,36624000,Муниципальный район Кошкинский,21056,0,21056
1898,36626000,Муниципальный район Красноармейский,16013,0,16013
1899,36628000,Муниципальный район Красноярский,56520,25103,31417
1900,36630000,Муниципальный район Нефтегорский,32051,17879,14172
1901,36632000,Муниципальный район Пестравский,14590,0,14590
1902,36634000,Муниципальный район Похвистневский,25962,0,25962
1903,36636000,Муниципальный район Приволжский,21741,0,21741
1904,36638000,Муниципальный район Сергиевский,44027,13176,30851
1905,36640000,Муниципальный район Ставропольский,84781,0,84781
1906,36642000,Муниципальный район Сызранский,23643,5143,18500
1907,36644000,Муниципальный район Хворостянский,15910,0,15910
1908,36646000,Муниципальный район Челно-Вершинский,14672,0,14672
1909,36648000,Муниципальный район Шенталинский,12745,0,12745
1910,36650000,Муниципальный район Шигонский,19443,0,19443
1912,63746000,Городской округ город Шиханы,4958,4958,0
1913,63760000,Городской округ поселок Михайловский,2355,0,2355
1915,63602000,Александрово-Гайский муниципальный район,14481,0,14481
1916,63603000,Аркадакский муниципальный район,19480,10788,8692
1917,63604000,Аткарский муниципальный район,33991,21952,12039
1918,63606000,Базарно-Карабулакский муниципальный район,25590,10663,14927
1919,63607000,Балаковский муниципальный район,201570,182758,18812
1920,63608000,Балашовский муниципальный район,100539,76186,24353
1921,63609000,Балтайский муниципальный район,9964,0,9964
1922,63611000,Вольский муниципальный район,81103,61606,19497
1923,63612000,Воскресенский муниципальный район,10951,0,10951
1924,63613000,Дергачевский муниципальный район,16058,7288,8770
1925,63614000,Духовницкий муниципальный район,10078,4455,5623
1926,63616000,Екатериновский муниципальный район,16522,5750,10772
1927,63617000,Ершовский муниципальный район,31635,17502,14133
1928,63619000,Ивантеевский муниципальный район,12481,0,12481
1929,63621000,Калининский муниципальный район,27229,14748,12481
1930,63622000,Красноармейский муниципальный район,40824,23559,17265
1931,63623000,Краснокутский муниципальный район,30757,13878,16879
1932,63624000,Краснопартизанский муниципальный район,9070,4179,4891
1933,63625000,Лысогорский муниципальный район,17441,6723,10718
1934,63626000,Марксовский муниципальный район,57899,28444,29455
1935,63629000,Новобурасский муниципальный район,14983,5740,9243
1936,63630000,Новоузенский муниципальный район,26669,15004,11665
1937,63632000,Озинский муниципальный район,14637,7526,7111
1938,63634000,Перелюбский муниципальный район,11193,0,11193
1939,63635000,Петровский муниципальный район,36538,25814,10724
1940,63636000,Питерский муниципальный район,14646,0,14646
1941,63637000,Пугачевский муниципальный район,54901,39615,15286
1942,63639000,Ровенский муниципальный район,16490,4424,12066
1943,63640000,Романовский муниципальный район,12252,5739,6513
1944,63641000,Ртищевский муниципальный район,50716,37519,13197
1945,63642000,Самойловский муниципальный район,16177,6445,9732
1947,63644000,Советский муниципальный район,24242,17150,7092
1948,63646000,Татищевский муниципальный район,27921,7146,20775
1949,63647000,Турковский муниципальный район,9644,5225,4419
1950,63648000,Федоровский муниципальный район,16781,5669,11112
1951,63649000,Хвалынский муниципальный район,20954,11956,8998
1952,63650000,Энгельсский муниципальный район,306051,256033,50018
1954,64704000,Городской округ Александровск-Сахалинский район,10043,8769,1274
1955,64708000,Анивский городской округ,20946,9626,11320
1956,64712000,Городской округ Долинский,22155,11731,10424
1957,64716000,Корсаковский городской округ,39913,33259,6654
1958,64720000,Курильский городской округ,6916,2537,4379
1959,64724000,Макаровский городской округ,6939,5691,1248
1960,64728000,Невельский городской округ,15122,10528,4594
1961,64732000,Городской округ Ногликский,11513,10518,995
1962,64736000,Городской округ Охинский,21456,19888,1568
1963,64740000,Поронайский городской округ,20472,17394,3078
1964,64743000,Северо-Курильский городской округ,2439,2439,0
1965,64746000,Городской округ Смирныховский,11348,8293,3055
1966,64748000,Томаринский городской округ,8300,4299,4001
1967,64750000,Тымовский городской округ,14437,8721,5716
1968,64752000,Углегорский городской округ,16542,14258,2284
1969,64754000,Холмский городской округ,33148,25082,8066
1970,64756000,Южно-Курильский городской округ,11487,7033,4454
1973,65703000,Артемовский городской округ,52575,28775,23800
1974,65730000,Асбестовский городской округ,58683,56533,2150
1975,65762000,Малышевский городской округ,9539,8400,1139
1976,65763000,Городской округ Рефтинский,15084,15084,0
1977,65731000,Березовский городской округ,76947,60566,16381
1978,65707000,Городской округ Богданович,43705,29895,13810
1979,65732000,Городской округ Верхняя Пышма,88206,73727,14479
1980,65757000,Городской округ Среднеуральск,24894,23651,1243
1981,65708000,Верхнесалдинский городской округ,42304,40474,1830
1982,65737000,Городской округ Заречный,31833,28517,3316
1983,65738000,Ивдельский городской округ,17422,14041,3381
1984,65764000,Городской округ Пелым,3450,2844,606
1987,65741000,Камышловский городской округ,26933,26933,0
1988,65742000,Городской округ Карпинск,27146,25396,1750
1989,65735000,Волчанский городской округ,8587,8392,195
1990,65743000,Качканарский городской округ,38810,36910,1900
1991,65744000,Кировградский городской округ,23954,18497,5457
1992,65733000,Городской округ Верхний Тагил,11037,9925,1112
1993,65745000,Городской округ Краснотурьинск,59269,55727,3542
1994,65746000,Городской округ Красноуральск,22027,21384,643
1995,65747000,Городской округ Красноуфимск,37806,37307,499
1996,65748000,Кушвинский городской округ,36288,26891,9397
1997,65734000,Городской округ Верхняя Тура,8465,8465,0
1999,65714000,Невьянский городской округ,37238,22030,15208
2001,65750000,Городской округ Нижняя Салда,16403,16233,170
2002,65715000,Нижнетуринский городской округ,22272,17985,4287
2004,65753000,Городской округ Первоуральск,131408,112860,18548
2005,65754000,Полевской городской округ,60688,54364,6324
2006,65719000,Городской округ Ревда,60758,59521,1237
2007,65736000,Городской округ Дегтярск,15134,15061,73
2008,65720000,Режевской городской округ,45362,36226,9136
2009,65755000,Североуральский городской округ,35375,24029,11346
2010,65756000,Серовский городской округ,99332,93192,6140
2011,65758000,Городской округ Сухой Лог,46570,32461,14109
2012,65723000,Тавдинский городской округ,35940,32272,3668
2017,65704000,Артинский городской округ,25240,11572,13668
2018,65705000,Ачитский городской округ,13837,4602,9235
2019,65706000,Белоярский городской округ,33553,13030,20523
2020,65760000,Городской округ Верхнее Дуброво,4567,4567,0
2021,65709000,Городской округ Верхотурский,13569,6578,6991
2022,65710000,Гаринский городской округ,2501,1951,550
2024,65712000,Каменский городской округ,26455,3849,22606
2026,65761000,Городской округ Верх-Нейвинский,4348,4348,0
2027,65759000,Бисертский городской округ,9586,9245,341
2028,65716000,Новолялинский городской округ,18753,10530,8223
2029,65717000,Горноуральский городской округ,29514,2854,26660
2030,65718000,Пышминский городской округ,18624,9082,9542
2031,65721000,Сосьвинский городской округ,12648,6963,5685
2032,65722000,Сысертский городской округ,64140,20436,43704
2033,65729000,Арамильский городской округ,23157,19805,3352
2034,65724000,Талицкий городской округ,40050,14547,25503
2035,65725000,Тугулымский городской округ,17402,5277,12125
2036,65726000,Туринский городской округ,23877,16594,7283
2037,65727000,Шалинский городской округ,16287,5949,10338
2038,65766000,Городской округ Староуткинск,2602,2517,85
2039,65608000,Байкаловский муниципальный район,14502,0,14502
2040,65623000,Камышловский муниципальный район,20495,0,20495
2041,65639000,Слободо-Туринский муниципальный район,11755,0,11755
2042,65628000,Нижнесергинский муниципальный район,37577,28910,8667
2043,65645000,Таборинский муниципальный район,2756,0,2756
2044,66701000,Городской округ город Смоленск,312896,312896,0
2045,66710000,Городской округ город Десногорск,24956,24889,67
2046,66603000,Велижский муниципальный район,8985,6094,2891
2047,66605000,Вяземский муниципальный район,70668,51199,19469
2048,66608000,Гагаринский муниципальный район,40165,25933,14232
2049,66609000,Глинковский муниципальный район,3446,0,3446
2050,66611000,Демидовский муниципальный район,10837,7551,3286
2051,66614000,Дорогобужский муниципальный район,23997,19751,4246
2052,66616000,Духовщинский муниципальный район,13909,8779,5130
2053,66619000,Ельнинский муниципальный район,11170,8065,3105
2054,66621000,Ершичский муниципальный район,5172,0,5172
2055,66623000,Кардымовский муниципальный район,10709,4417,6292
2056,66624000,Краснинский муниципальный район,10449,3514,6935
2057,66627000,Монастырщинский муниципальный район,7915,3126,4789
2058,66630000,Новодугинский муниципальный район,7264,0,7264
2059,66633000,Починковский муниципальный район,24591,7404,17187
2060,66636000,Рославльский муниципальный район,60842,44216,16626
2061,66638000,Руднянский муниципальный район,20861,11568,9293
2062,66641000,Сафоновский муниципальный район,50411,37443,12968
2063,66644000,Смоленский муниципальный район,60785,0,60785
2064,66646000,Сычевский муниципальный район,12064,7467,4597
2065,66648000,Темкинский муниципальный район,4250,0,4250
2066,66650000,Угранский муниципальный район,6699,0,6699
2067,66652000,Хиславичский муниципальный район,6535,3166,3369
2068,66654000,Холм-Жирковский муниципальный район,7916,3074,4842
2069,66656000,Шумячский муниципальный район,8196,3081,5115
2070,66658000,Ярцевский муниципальный район,47353,40733,6620
2072,68705000,Городской округ город Кирсанов,15982,15982,0
2073,68710000,Городской округ город Котовск,26309,26309,0
2074,68715000,Городской округ город Мичуринск,89262,89262,0
2075,68720000,Городской округ город Моршанск,38541,38541,0
2076,68725000,Городской округ город Рассказово,46961,46961,0
2077,68730000,Городской округ город Уварово,23162,23162,0
2101,28701000,Городской округ город Тверь,414756,414756,0
2105,28752000,Осташковский городской округ,21354,16328,5026
2108,28750000,Городской округ город Торжок,40172,40172,0
2109,28751000,Удомельский городской округ,30006,25490,4516
2110,28502000,Андреапольский муниципальный округ,10059,6733,3326
2112,28506000,Бельский муниципальный округ,4940,3044,1896
2114,28510000,Весьегонский муниципальный округ,9715,6129,3586
2116,28514000,Жарковский муниципальный округ,4073,2830,1243
2117,28516000,Западнодвинский муниципальный округ,12137,9257,2880
2118,28518000,Зубцовский муниципальный округ,14370,6193,8177
2121,28758000,Кашинский городской округ,22975,13835,9140
2122,28526000,Кесовогорский муниципальный округ,7303,3668,3635
2125,28532000,Краснохолмский муниципальный округ,8654,4911,3743
2127,28536000,Лесной муниципальный округ,3914,0,3914
2128,28538000,Лихославльский муниципальный округ,24715,15084,9631
2129,28540000,Максатихинский муниципальный округ,14025,7516,6509
2130,28542000,Молоковский муниципальный округ,3747,1780,1967
2131,28759000,Нелидовский городской округ,23173,18110,5063
2132,28544000,Оленинский муниципальный округ,11529,4615,6914
2133,28546000,Пеновский муниципальный округ,5136,3239,1897
2134,28547000,Рамешковский муниципальный округ,14847,4102,10745
2136,28549000,Сандовский муниципальный округ,4892,3028,1864
2137,28550000,Селижаровский муниципальный округ,10050,5774,4276
2138,28551000,Сонковский муниципальный округ,6525,3457,3068
2139,28552000,Спировский муниципальный округ,8567,5144,3423
2140,28553000,Старицкий муниципальный округ,21077,6755,14322
2144,69701000,Городской округ г Томск,571983,551504,20479
2145,69707000,Городской округ г Кедровый,2634,1816,818
2146,69710000,Городской округ г Стрежевой,38061,38061,0
2148,69604000,Муниципальный район Александровский,7392,0,7392
2149,69608000,Муниципальный район Асиновский,33514,24692,8822
2150,69612000,Муниципальный район Бакчарский,11228,0,11228
2151,69616000,Муниципальный район Верхнекетский,14588,7795,6793
2152,69620000,Муниципальный район Зырянский,11065,0,11065
2153,69624000,Муниципальный район Каргасокский,17507,0,17507
2154,69628000,Муниципальный район Кожевниковский,20307,0,20307
2155,69632000,Муниципальный район Колпашевский,32570,20335,12235
2156,69636000,Муниципальный район Кривошеинский,12088,0,12088
2157,69640000,Муниципальный район Молчановский,12177,0,12177
2158,69644000,Муниципальный район Парабельский,11443,0,11443
2159,69648000,Муниципальный район Первомайский,16732,0,16732
2160,69652000,Муниципальный район Тегульдетский,6436,0,6436
2161,69654000,Муниципальный район Томский,88838,0,88838
2162,69656000,Муниципальный район Чаинский,11674,0,11674
2163,69658000,Муниципальный район Шегарский,19895,0,19895
2164,70701000,Городской округ город Тула,542516,466609,75907
2165,70706000,Городской округ город Алексин,70069,59671,10398
2166,70702000,Городской округ рабочий поселок Новогуровский,3617,3617,0
2167,70712000,Городской округ город Донской,63038,63038,0
2168,70714000,Городской округ город Ефремов,56838,35858,20980
2169,70724000,Городской округ город Новомосковск,130673,118066,12607
2170,70730000,Городской округ Славный,1830,1830,0
2171,70604000,Арсеньевский муниципальный район,9214,4651,4563
2172,70606000,Белевский муниципальный район,18707,12530,6177
2173,70608000,Богородицкий муниципальный район,49571,29360,20211
2174,70612000,Веневский муниципальный район,34066,12482,21584
2175,70616000,Воловский муниципальный район,13824,3458,10366
2176,70618000,Дубенский муниципальный район,14859,5893,8966
2177,70622000,Заокский муниципальный район,26703,6386,20317
2178,70624000,Каменский муниципальный район,8249,0,8249
2179,70626000,Кимовский муниципальный район,38612,26121,12491
2180,70628000,Киреевский муниципальный район,73476,42835,30641
2181,70630000,Куркинский муниципальный район,10690,5368,5322
2182,70636000,Одоевский муниципальный район,11780,5424,6356
2183,70638000,Плавский муниципальный район,29516,16979,12537
2184,70640000,Суворовский муниципальный район,35043,18378,16665
2185,70642000,Тепло-Огаревский муниципальный район,11154,4845,6309
2186,70644000,Узловский муниципальный район,75528,48301,27227
2187,70646000,Чернский муниципальный район,18375,5970,12405
2188,70648000,Щекинский муниципальный район,103032,71292,31740
2189,70650000,Ясногорский муниципальный район,30491,14916,15575
2190,71701000,Городской округ город Тюмень,855618,855618,0
2191,71703000,Городской округ Заводоуковский,47461,27132,20329
2192,71705000,Городской округ город Ишим,67317,67317,0
2193,71710000,Городской округ город Тобольск,103175,99877,3298
2194,71715000,Городской округ город Ялуторовск,38882,38882,0
2195,71603000,Абатский муниципальный район,18783,0,18783
2196,71605000,Армизонский муниципальный район,9353,0,9353
2197,71607000,Аромашевский муниципальный район,10350,0,10350
2198,71610000,Бердюжский муниципальный район,10877,0,10877
2199,71613000,Вагайский муниципальный район,17943,0,17943
2200,71615000,Викуловский муниципальный район,14843,0,14843
2201,71702000,Городской округ Голышмановский,23429,0,23429
2202,71624000,Исетский муниципальный район,26041,0,26041
2203,71626000,Ишимский муниципальный район,28364,0,28364
2204,71630000,Казанский муниципальный район,20047,0,20047
2205,71632000,Нижнетавдинский муниципальный район,27046,0,27046
2206,71634000,Омутинский муниципальный район,18444,0,18444
2207,71636000,Сладковский муниципальный район,10860,0,10860
2208,71638000,Сорокинский муниципальный район,9391,0,9391
2209,71642000,Тобольский муниципальный район,21864,0,21864
2210,71644000,Тюменский муниципальный район,140102,0,140102
2211,71648000,Уватский муниципальный район,18622,0,18622
2212,71650000,Упоровский муниципальный район,19348,0,19348
2213,71653000,Юргинский муниципальный район,11138,0,11138
2214,71656000,Ялуторовский муниципальный район,15967,0,15967
2215,71658000,Ярковский муниципальный район,23229,0,23229
2216,71871000,Городской округ Ханты-Мансийск,109745,109745,0
2217,71883000,Городской округ Когалым,62494,62062,432
2218,71872000,Городской округ Лангепас,43407,43407,0
2219,71873000,Городской округ Мегион,59174,59174,0
2220,71874000,Городской округ Нефтеюганск,124989,124989,0
2221,71875000,Городской округ Нижневартовск,287095,287095,0
2222,71879000,Городской округ Нягань,63054,63054,0
2223,71884000,Городской округ Покачи,16201,16201,0
2224,71885000,Городской округ Пыть-Ях,40253,40253,0
2225,71877000,Городской округ Радужный,44635,44635,0
2226,71876000,Городской округ Сургут,406938,406938,0
2227,71878000,Городской округ Урай,41141,41141,0
2228,71887000,Городской округ Югорск,38611,38611,0
2229,71811000,Белоярский муниципальный район,28798,20016,8782
2230,71812000,Березовский муниципальный район,22690,13493,9197
2231,71816000,Кондинский муниципальный район,30495,20908,9587
2232,71818000,Нефтеюганский муниципальный район,47014,24541,22473
2233,71819000,Нижневартовский муниципальный район,38507,30751,7756
2234,71821000,Октябрьский муниципальный район,32050,16283,15767
2235,71824000,Советский муниципальный район,46585,43824,2761
2236,71826000,Сургутский муниципальный район,127611,88645,38966
2237,71829000,Ханты-Мансийский муниципальный район,18866,0,18866
2238,71951000,Городской округ город Салехард,48693,48619,74
2241,71955000,Городской округ город Муравленко,29306,29306,0
2242,71956000,Городской округ город Новый Уренгой,106764,106764,0
2243,71958000,Городской округ город Ноябрьск,101235,101235,0
2244,71933000,Муниципальный округ Красноселькупский район,5702,0,5702
2245,71936000,Муниципальный округ Надымский район,66233,57527,8706
2248,71943000,Муниципальный округ Тазовский район,17774,0,17774
2249,71946000,Муниципальный округ Шурышкарский район,9121,0,9121
2250,71948000,Муниципальный округ Ямальский район,16139,0,16139
2251,73701000,Городской округ г Ульяновск,634567,613334,21233
2252,73705000,Городской округ г Димитровград,109547,109547,0
2253,73715000,Городской округ г Новоульяновск,16857,13503,3354
2254,73602000,Базарносызганский муниципальный район,7417,4410,3007
2255,73604000,Барышский муниципальный район,35618,23294,12324
2256,73607000,Вешкаймский муниципальный район,14559,7169,7390
2257,73610000,Инзенский муниципальный район,26271,17846,8425
2258,73614000,Карсунский муниципальный район,19865,10213,9652
2259,73616000,Кузоватовский муниципальный район,18158,7274,10884
2260,73620000,Майнский муниципальный район,20084,8370,11714
2261,73622000,Мелекесский муниципальный район,29754,9893,19861
2262,73625000,Николаевский муниципальный район,21548,5629,15919
2263,73627000,Новомалыклинский муниципальный район,11926,0,11926
2264,73629000,Новоспасский муниципальный район,20134,10561,9573
2265,73632000,Павловский муниципальный район,11804,4836,6968
2266,73634000,Радищевский муниципальный район,11360,3886,7474
2267,73636000,Сенгилеевский муниципальный район,19311,12388,6923
2268,73639000,Старокулаткинский муниципальный район,9804,4258,5546
2269,73642000,Старомайнский муниципальный район,14818,5787,9031
2270,73644000,Сурский муниципальный район,14721,5678,9043
2271,73648000,Тереньгульский муниципальный район,15597,5144,10453
2272,73652000,Ульяновский муниципальный район,34975,10369,24606
2273,73654000,Цильнинский муниципальный район,23000,3819,19181
2274,73656000,Чердаклинский муниципальный район,39311,11878,27433
2275,75701000,Челябинский городской округ,1182517,1182517,0
2276,75706000,Верхнеуфалейский городской округ,25532,22548,2984
2278,75715000,Карабашский городской округ,10588,10339,249
2279,75728000,Копейский городской округ,148292,146125,2167
2280,75734000,Кыштымский городской округ,37271,35325,1946
2281,75738000,Магнитогорский городской округ,409255,409255,0
2282,75742000,Миасский городской округ,161093,147449,13644
2286,75752000,Троицкий городской округ,69983,69983,0
2287,75755000,Усть-Катавский городской округ,23566,21016,2550
2288,75758000,Чебаркульский городской округ,44671,44671,0
2289,75764000,Южноуральский городской округ,37414,37313,101
2291,75603000,Агаповский муниципальный район,31815,0,31815
2292,75606000,Аргаяшский муниципальный район,39396,0,39396
2293,75609000,Ашинский муниципальный район,54979,52586,2393
2294,75612000,Брединский муниципальный район,23586,0,23586
2295,75614000,Варненский муниципальный район,24152,0,24152
2296,75617000,Верхнеуральский муниципальный район,31736,15378,16358
2297,75619000,Еманжелинский муниципальный район,47327,46132,1195
2298,75620000,Еткульский муниципальный район,29706,0,29706
2299,75623000,Карталинский муниципальный район,43633,26679,16954
2300,75626000,Каслинский муниципальный район,29604,19070,10534
2301,75629000,Катав-Ивановский муниципальный район,26591,24584,2007
2302,75632000,Кизильский муниципальный район,19751,0,19751
2303,75533000,Коркинский муниципальный округ,56058,54746,1312
2304,75634000,Красноармейский муниципальный район,49158,0,49158
2305,75636000,Кунашакский муниципальный район,27737,0,27737
2307,75642000,Нагайбакский муниципальный район,17105,1487,15618
2308,75644000,Нязепетровский муниципальный район,13873,10198,3675
2309,75647000,Октябрьский муниципальный район,18437,0,18437
2310,75648000,Пластовский муниципальный район,24387,18243,6144
2311,75649000,Саткинский муниципальный район,74658,69872,4786
2312,75652000,Сосновский муниципальный район,88372,0,88372
2314,75655000,Увельский муниципальный район,31033,0,31033
2315,75656000,Уйский муниципальный район,21213,0,21213
2316,75657000,Чебаркульский муниципальный район,28704,0,28704
2317,75659000,Чесменский муниципальный район,15412,0,15412
2318,78701000,Городской округ город Ярославль,570824,570824,0
2320,78715000,Городской округ город Рыбинск,173910,173910,0
2321,78603000,Большесельский муниципальный район,9264,0,9264
2322,78606000,Борисоглебский муниципальный район,11911,5438,6473
2323,78609000,Брейтовский муниципальный район,5367,0,5367
2324,78612000,Гаврилов-Ямский муниципальный район,24165,15766,8399
2325,78615000,Даниловский муниципальный район,20514,13591,6923
2326,78618000,Любимский муниципальный район,9827,4987,4840
2327,78621000,Мышкинский муниципальный район,9153,5551,3602
2328,78623000,Некоузский муниципальный район,11617,0,11617
2329,78626000,Некрасовский муниципальный район,19651,9581,10070
2330,78629000,Первомайский муниципальный район,8484,4429,4055
2332,78634000,Пошехонский муниципальный район,10386,5114,5272
2333,78637000,Ростовский муниципальный район,58436,42554,15882
2334,78640000,Рыбинский муниципальный район,26515,0,26515
2335,78643000,Тутаевский муниципальный район,52624,44320,8304
2336,78646000,Угличский муниципальный район,46689,32228,14461
2337,78650000,Ярославский муниципальный район,70406,2460,67946
2338,99701000,Городской округ г Биробиджан,68536,68536,0
2339,99605000,Биробиджанский муниципальный район,10103,0,10103
2340,99610000,Ленинский муниципальный район,15482,0,15482
2341,99620000,Облученский муниципальный район,23573,20363,3210
2342,99625000,Октябрьский муниципальный район,7610,0,7610
2343,99630000,Смидовичский муниципальный район,22154,15528,6626
2344,77701000,Городской округ Анадырь,13368,12998,370
2345,77715000,Городской округ Эгвекинот,5033,3382,1651
2346,77710000,Городской округ Провидения,3694,2212,1482
2347,77705000,Городской округ Певек,4932,4230,702
2348,77603000,Анадырский муниципальный район,8605,4816,3789
2349,77609000,Билибинский муниципальный район,7267,5409,1858
2351,40301000,Муниципальный округ Коломна,34026,34026,0
2352,40302000,Муниципальный округ Сенной округ,20655,20655,0
2353,40303000,Муниципальный округ Адмиралтейский округ,24189,24189,0
2354,40304000,Муниципальный округ Семёновский,22414,22414,0
2355,40305000,Муниципальный округ Измайловское,32807,32807,0
2356,40306000,Муниципальный округ Екатерингофский,21890,21890,0
2357,40307000,Муниципальный округ N 7,36280,36280,0
2358,40308000,Муниципальный округ Васильевский,31585,31585,0
2359,40309000,Муниципальный округ Гавань,41303,41303,0
2360,40310000,Муниципальный округ Морской,36263,36263,0
2361,40311000,Муниципальный округ Остров Декабристов,61249,61249,0
2362,40312000,Поселок Левашово,6021,6021,0
2363,40313000,Поселок Парголово,106155,106155,0
2364,40314000,Муниципальный округ Сампсониевское,39131,39131,0
2365,40315000,Муниципальный округ Светлановское,90520,90520,0
2366,40316000,Муниципальный округ Сосновское,60911,60911,0
2367,40317000,Муниципальный округ N 15,61391,61391,0
2368,40318000,Муниципальный округ Сергиевское,60618,60618,0
2369,40319000,Муниципальный округ Шувалово-Озерки,116843,116843,0
2370,40320000,Поселок Лисий Нос,6491,6491,0
2371,40321000,Муниципальный округ Лахта-Ольгино,15347,15347,0
2372,40322000,Муниципальный округ N 65,190318,190318,0
2373,40323000,Муниципальный округ Ланское,69822,69822,0
2374,40324000,Муниципальный округ Комендантский аэродром,94158,94158,0
2375,40325000,Муниципальный округ Озеро Долгое,91272,91272,0
2376,40326000,Муниципальный округ Юнтолово,114257,114257,0
2377,40327000,Муниципальный округ Коломяги,117578,117578,0
2378,40328000,Муниципальный округ Гражданка,68562,68562,0
2379,40329000,Муниципальный округ Академическое,109911,109911,0
2380,40330000,Муниципальный округ Финляндский округ,72809,72809,0
2381,40331000,Муниципальный округ N 21,77593,77593,0
2382,40332000,Муниципальный округ Пискаревка,81911,81911,0
2383,40333000,Муниципальный округ Северный,48582,48582,0
2384,40334000,Муниципальный округ Прометей,77426,77426,0
2385,40335000,Муниципальный округ Княжево,60608,60608,0
2386,40336000,Муниципальный округ Ульянка,77238,77238,0
2387,40337000,Муниципальный округ Дачное,71589,71589,0
2388,40338000,Муниципальный округ Автово,43206,43206,0
2389,40339000,Муниципальный округ Нарвский округ,33630,33630,0
2390,40340000,Муниципальный округ Красненькая речка,38921,38921,0
2391,40341000,Муниципальный округ Морские ворота,10582,10582,0
2392,40342000,г Колпино,143914,143914,0
2393,40343000,Поселок Металлострой,27313,27313,0
2394,40344000,Поселок Петро-Славянка,2090,2090,0
2395,40345000,Поселок Понтонный,8588,8588,0
2397,40347000,Поселок Усть-Ижора,2626,2626,0
2398,40348000,Муниципальный округ Полюстрово,75180,75180,0
2399,40349000,Муниципальный округ Большая Охта,58140,58140,0
2400,40350000,Муниципальный округ Малая Охта,43414,43414,0
2401,40351000,Муниципальный округ Пороховые,128949,128949,0
2402,40352000,Муниципальный округ Ржевка,61288,61288,0
2403,40353000,г Красное Село,58652,58652,0
2404,40354000,Муниципальный округ Юго-Запад,59379,59379,0
2405,40355000,Муниципальный округ Южно-Приморский,128346,128346,0
2406,40356000,Муниципальный округ Сосновая Поляна,70165,70165,0
2407,40357000,Муниципальный округ Урицк,51054,51054,0
2408,40358000,Муниципальный округ Константиновское,36169,36169,0
2409,40359000,Муниципальный округ Горелово,27781,27781,0
2410,40360000,г Кронштадт,44414,44414,0
2411,40361000,г Зеленогорск,15492,15492,0
2412,40362000,г Сестрорецк,45697,45697,0
2416,40366000,Поселок Песочный,9860,9860,0
2422,40372000,г Ломоносов,39088,39088,0
2423,40373000,Муниципальный округ Московская Застава,45138,45138,0
2424,40374000,Муниципальный округ Гагаринское,66266,66266,0
2425,40375000,Муниципальный округ Новоизмайловское,84009,84009,0
2426,40376000,Муниципальный округ Пулковский меридиан,45863,45863,0
2427,40377000,Муниципальный округ Звездное,93945,93945,0
2428,40378000,Муниципальный округ Невская застава,27970,27970,0
2429,40379000,Муниципальный округ Ивановский,27186,27186,0
2430,40380000,Муниципальный округ Обуховский,56592,56592,0
2431,40381000,Муниципальный округ Рыбацкое,69959,69959,0
2432,40382000,Муниципальный округ Народный,79305,79305,0
2433,40383000,Муниципальный округ N 54,67521,67521,0
2434,40384000,Муниципальный округ Невский округ,69327,69327,0
2435,40385000,Муниципальный округ Оккервиль,62118,62118,0
2436,40386000,Муниципальный округ Правобережный,87918,87918,0
2437,40387000,г Павловск,17775,17775,0
2439,40389000,Муниципальный округ Введенский,15514,15514,0
2440,40390000,Муниципальный округ Кронверкское,16600,16600,0
2441,40391000,Муниципальный округ Посадский,15861,15861,0
2442,40392000,Муниципальный округ Аптекарский Остров,20667,20667,0
2443,40393000,Муниципальный округ округ Петровский,17467,17467,0
2444,40394000,Муниципальный округ Чкаловское,29648,29648,0
2445,40395000,г Петергоф,80701,80701,0
2446,40396000,п Стрельна,14359,14359,0
2447,40397000,г Пушкин,108187,108187,0
2448,40398000,п Александровская,3089,3089,0
2449,40901000,п Шушары,132978,132978,0
2450,40902000,Муниципальный округ Волковское,61246,61246,0
2451,40903000,Муниципальный округ N 72,67846,67846,0
2452,40904000,Муниципальный округ Купчино,56117,56117,0
2453,40905000,Муниципальный округ Георгиевский,92460,92460,0
2454,40906000,Муниципальный округ Александровский,62309,62309,0
2455,40907000,Муниципальный округ Балканский,74005,74005,0
2456,40908000,Муниципальный округ Дворцовый округ,7348,7348,0
2457,40909000,Муниципальный округ N 78,9085,9085,0
2458,40910000,Муниципальный округ Литейный округ,40151,40151,0
2459,40911000,Муниципальный округ Смольнинское,74205,74205,0
2460,40912000,Муниципальный округ Лиговка-Ямская,19563,19563,0
2461,40913000,Муниципальный округ Владимирский округ,50302,50302,0
2462,45301000,Богородское,108657,108657,0
2463,45302000,Вешняки,119927,119927,0
2464,45303000,Восточное Измайлово,73929,73929,0
2465,45304000,Восточное,12906,12906,0
2466,45305000,Гольяново,165243,165243,0
2467,45306000,Ивановское,125042,125042,0
2468,45307000,Измайлово,107953,107953,0
2469,45308000,Косино-Ухтомское,89113,89113,0
2470,45309000,Новогиреево,99961,99961,0
2471,45310000,Новокосино,106320,106320,0
2472,45311000,Метрогородок,39623,39623,0
2473,45312000,Перово,135315,135315,0
2474,45313000,Северное Измайлово,84986,84986,0
2475,45314000,Соколиная Гора,93183,93183,0
2476,45315000,Сокольники,59914,59914,0
2477,45316000,Преображенское,87630,87630,0
2478,45317000,Внуково,26182,26182,0
2479,45318000,Дорогомилово,76926,76926,0
2480,45319000,Крылатское,82923,82923,0
2481,45320000,Кунцево,153316,153316,0
2482,45321000,Можайское,147606,147606,0
2483,45322000,Ново-Переделкино,123219,123219,0
2484,45323000,Очаково-Матвеевское,127680,127680,0
2485,45324000,Проспект Вернадского,65529,65529,0
2486,45325000,Раменки,152594,152594,0
2487,45326000,Солнцево,127304,127304,0
2488,45327000,Тропарево-Никулино,128359,128359,0
2489,45328000,Филевский парк,113015,113015,0
2490,45329000,Фили-Давыдково,112246,112246,0
2491,45330000,Крюково,108426,108426,0
2492,45331000,Матушкино,41877,41877,0
2493,45332000,Силино,41586,41586,0
2494,45333000,Аэропорт,81964,81964,0
2495,45334000,Беговое,42729,42729,0
2496,45335000,Бескудниковское,78556,78556,0
2497,45336000,Войковское,72033,72033,0
2498,45337000,Восточное Дегунино,101601,101601,0
2499,45338000,Головинское,104554,104554,0
2500,45339000,Дмитровское,103271,103271,0
2501,45340000,Западное Дегунино,85514,85514,0
2502,45341000,Коптево,102809,102809,0
2503,45342000,Левобережное,55355,55355,0
2504,45343000,Молжаниновское,12487,12487,0
2505,45344000,Савеловское,60070,60070,0
2506,45345000,Сокол,58000,58000,0
2507,45346000,Тимирязевское,81940,81940,0
2508,45347000,Ховрино,93029,93029,0
2509,45348000,Хорошевское,74927,74927,0
2510,45349000,Алексеевское,78502,78502,0
2511,45350000,Алтуфьевское,55753,55753,0
2512,45351000,Бабушкинское,68075,68075,0
2513,45352000,Бибирево,159344,159344,0
2514,45353000,Бутырское,72472,72472,0
2515,45354000,Лианозово,84811,84811,0
2516,45355000,Лосиноостровское,82683,82683,0
2517,45356000,Марфино,36566,36566,0
2518,45357000,Марьина Роща,63095,63095,0
2519,45358000,Останкинское,65296,65296,0
2520,45359000,Отрадное,187728,187728,0
2521,45360000,Ростокино,52059,52059,0
2522,45361000,Свиблово,60984,60984,0
2525,45364000,Южное Медведково,86996,86996,0
2526,45365000,Ярославское,99656,99656,0
2527,45366000,Куркино,32326,32326,0
2528,45367000,Митино,197840,197840,0
2529,45368000,Покровское-Стрешнево,66564,66564,0
2530,45369000,Северное Тушино,171805,171805,0
2531,45370000,Строгино,161980,161980,0
2532,45371000,Хорошево-Мневники,181520,181520,0
2533,45372000,Щукино,109248,109248,0
2534,45373000,Южное Тушино,111492,111492,0
2535,45374000,Арбат,35962,35962,0
2536,45375000,Басманное,109051,109051,0
2537,45376000,Замоскворечье,54521,54521,0
2538,45377000,Савелки,36840,36840,0
2539,45378000,Красносельское,45691,45691,0
2540,45379000,Мещанское,56620,56620,0
2541,45380000,Пресненское,126433,126433,0
2542,45381000,Таганское,135106,135106,0
2543,45382000,Тверское,75593,75593,0
2544,45383000,Хамовники,105275,105275,0
2545,45384000,Якиманка,27481,27481,0
2546,45385000,Выхино-Жулебино,241783,241783,0
2547,45386000,Капотня,32717,32717,0
2548,45387000,Кузьминки,140670,140670,0
2549,45388000,Лефортово,106078,106078,0
2550,45389000,Люблино,181447,181447,0
2551,45390000,Марьино,271915,271915,0
2552,45391000,Некрасовка,108388,108388,0
2553,45392000,Нижегородское,49563,49563,0
2554,45393000,Печатники,90252,90252,0
2555,45394000,Рязанский,107857,107857,0
2556,45395000,Текстильщики,102752,102752,0
2557,45396000,Южнопортовое,72414,72414,0
2558,45397000,Академическое,113198,113198,0
2559,45398000,Гагаринское,80987,80987,0
2560,45901000,Зюзино,124527,124527,0
2561,45902000,Коньково,151790,151790,0
2562,45903000,Котловка,64976,64976,0
2563,45904000,Ломоносовское,87923,87923,0
2564,45905000,Обручевское,87447,87447,0
2565,45906000,Северное Бутово,97658,97658,0
2566,45907000,Теплый Стан,132338,132338,0
2567,45908000,Черемушки,107799,107799,0
2568,45909000,Южное Бутово,208783,208783,0
2569,45910000,Ясенево,175253,175253,0
2570,45911000,Бирюлево Восточное,157292,157292,0
2571,45912000,Бирюлево Западное,86038,86038,0
2572,45913000,Братеево,102572,102572,0
2573,45914000,Даниловское,105140,105140,0
2574,45915000,Донское,51967,51967,0
2575,45916000,Зябликово,133651,133651,0
2576,45917000,Москворечье-Сабурово,88095,88095,0
2577,45918000,Нагатино-Садовники,83658,83658,0
2578,45919000,Нагатинский Затон,120618,120618,0
2579,45920000,Нагорное,77938,77938,0
2580,45921000,Орехово-Борисово Северное,126387,126387,0
2581,45922000,Орехово-Борисово Южное,148059,148059,0
2582,45923000,Царицыно,120748,120748,0
2583,45924000,Чертаново Северное,110895,110895,0
2584,45925000,Чертаново Центральное,113208,113208,0
2585,45926000,Чертаново Южное,158304,158304,0
2586,45927000,Старое Крюково,33776,33776,0
2587,45931000,Поселение Троицк,71089,71089,0
2588,45932000,Поселение Щербинка,64132,64132,0
2589,45941000,Поселение Внуковское,63312,63312,0
2590,45942000,Поселение Воскресенское,20317,20317,0
2591,45943000,Поселение Вороновское,14592,14592,0
2592,45944000,Поселение Десёновское,45606,45606,0
2593,45945000,Поселение Киевский,12072,12072,0
2594,45946000,Поселение Кленовское,5609,5609,0
2595,45947000,Поселение Кокошкино,21818,21818,0
2596,45948000,Поселение Краснопахорское,12896,12896,0
2597,45949000,Поселение Марушкинское,15692,15692,0
2598,45951000,Поселение Михайлово-Ярцевское,9287,9287,0
2599,45952000,Поселение Московский,111718,111718,0
2600,45953000,Поселение Мосрентген,22029,22029,0
2601,45954000,Поселение Новофедоровское,21725,21725,0
2602,45955000,Поселение Первомайское,24782,24782,0
2603,45956000,Поселение Роговское,6478,6478,0
2604,45957000,Поселение Рязановское,32215,32215,0
2605,45958000,Поселение Сосенское,115545,115545,0
2606,45959000,Поселение Филимонковское,16237,16237,0
2607,45961000,Поселение Щаповское,13350,13350,0
2619,78705000,Городской округ город Переславль-Залесский,54862,36773,18089
2620,57730000,Соликамский городской округ,100732,88789,11943
2621,57708000,"Городской округ ""Город Березники""",148978,142022,6956
2644,46770000,Городской округ Серпухов,181197,142029,39168
2646,29715000,Городской округ город Обнинск,129584,129584,0
2648,46742000,Городской округ Лосино-Петровский,70669,54481,16188
2649,46788000,Городской округ Щёлково,217794,178604,39190
2651,46755000,Одинцовский городской округ,480869,323755,157114
2652,46757000,Орехово-Зуевский городской округ,241038,171604,69434
2710,28714000,Вышневолоцкий городской округ,65168,48780,16388
2808,46738000,Городской округ Коломна,214925,156985,57940
2809,57530000,Кунгурский муниципальный округ,103834,62173,41661
2813,46786000,Городской округ Шатура,101978,66554,35424
2814,46758000,Городской округ Пушкинский,300650,275431,25219
2872,71938000,Муниципальный округ Приуральский район,10037,0,10037
2876,07715000,Городской округ Город-курорт Кисловодск,133913,126674,7239
2879,71952000,Городской округ город Губкинский,33869,33869,0
2880,71953000,Городской округ город Лабытнанги,30962,30962,0
2881,07548000,Предгорный муниципальный округ,110643,0,110643
2882,71940000,Муниципальный округ Пуровский район,36552,25789,10763
2883,28528000,Кимрский муниципальный округ,52457,41734,10723
2884,28548000,Ржевский муниципальный округ,64730,54095,10635
2885,57528000,Кудымкарский муниципальный округ,50499,28630,21869
2886,57516000,Губахинский муниципальный округ,44174,40818,3356
2887,63701000,Городской округ город Саратов,942315,900463,41852
3005,22703000,Городской округ г Арзамас,145443,111780,33663
3007,32522000,Прокопьевский муниципальный округ,43450,11257,32193
3008,46783000,Городской округ Химки,278578,257006,21572
3009,68701000,Городской округ город Тамбов,291454,258546,32908
3011,75712000,Златоустовский городской округ,161475,159662,1813
3012,75638000,Кусинский муниципальный район,25198,20764,4434
3013,46771000,Городской округ Солнечногорск,133149,78186,54963
