municipal_district_name_short,oktmo,municipal_district_name,municipal_district_type,municipal_district_status,shape,shape_linked_oktmo,municipal_district_center,source_rosstat,year_from,year_to,territory_id,change_id_from,change_id_to,region_code,region_name,municipal_district_center_lat,municipal_district_center_lon
Майкоп,79-701-000-000,городской округ город Майкоп,городской округ,административный_центр_субъекта,1,,г Майкоп,data-20180110-structure-20150128.csv,2018,9999,1,,,1,Республика Адыгея,44.606207900000001,40.104053
Адыгейск,79-703-000-000,городской округ город Адыгейск,городской округ,,1,,г Адыгейск,data-20180110-structure-20150128.csv,2018,9999,2,,,1,Республика Адыгея,44.883377500000002,39.190962499999998
Гиагинский,79-605-000-000,Гиагинский муниципальный район,муниципальный район,,1,,ст-ца Гиагинская,data-20180110-structure-20150128.csv,2018,9999,3,,,1,Республика Адыгея,44.875585299999997,40.0564982
Кошехабльский,79-615-000-000,Кошехабльский муниципальный район,муниципальный район,,1,,аул Кошехабль,data-20180110-structure-20150128.csv,2018,9999,4,,,1,Республика Адыгея,44.896499800000001,40.496363100000003
Красногвардейский,79-618-000-000,Красногвардейский муниципальный район,муниципальный район,,1,,с Красногвардейское,data-20180110-structure-20150128.csv,2018,9999,5,,,1,Республика Адыгея,45.144355599999997,39.586147799999999
Майкопский,79-622-000-000,Майкопский муниципальный район,муниципальный район,,1,,п Тульский,data-20180110-structure-20150128.csv,2018,9999,6,,,1,Республика Адыгея,44.509361599999998,40.176214399999999
Тахтамукайский,79-630-000-000,Тахтамукайский муниципальный район,муниципальный район,,1,,аул Тахтамукай,data-20180110-structure-20150128.csv,2018,9999,7,,,1,Республика Адыгея,44.921286199999997,38.994717999999999
Теучежский,79-633-000-000,Теучежский муниципальный район,муниципальный район,,1,,аул Понежукай,data-20180110-structure-20150128.csv,2018,9999,8,,,1,Республика Адыгея,44.887689600000002,39.382852100000001
Шовгеновский,79-640-000-000,Шовгеновский муниципальный район,муниципальный район,,1,,аул Хакуринохабль,data-20180110-structure-20150128.csv,2018,9999,9,,,1,Республика Адыгея,45.020114,40.229111899999999
Горно-Алтайск,84-701-000-000,городской округ город Горно-Алтайск,городской округ,административный_центр_субъекта,1,,г Горно-Алтайск,data-20180110-structure-20150128.csv,2018,9999,10,,,4,Республика Алтай,51.957774999999998,85.963652999999994
Кош-Агачский,84-610-000-000,Кош-Агачский муниципальный район,муниципальный район,,1,,с Кош-Агач,data-20180110-structure-20150128.csv,2018,9999,11,,,4,Республика Алтай,49.994705500000002,88.662821800000003
Майминский,84-615-000-000,Майминский муниципальный район,муниципальный район,,1,,с Майма,data-20180110-structure-20150128.csv,2018,9999,12,,,4,Республика Алтай,52.004683999999997,85.898742999999996
Онгудайский,84-620-000-000,Онгудайский муниципальный район,муниципальный район,,1,,с Онгудай,data-20180110-structure-20150128.csv,2018,9999,13,,,4,Республика Алтай,50.749587200000001,86.133525599999999
Турочакский,84-625-000-000,Турочакский муниципальный район,муниципальный район,,1,,с Турочак,data-20180110-structure-20150128.csv,2018,9999,14,,,4,Республика Алтай,52.259956000000003,87.117537999999996
Улаганский,84-630-000-000,Улаганский муниципальный район,муниципальный район,,1,,с Улаган,data-20180110-structure-20150128.csv,2018,9999,15,,,4,Республика Алтай,50.631743399999998,87.956192900000005
Усть-Канский,84-635-000-000,Усть-Канский муниципальный район,муниципальный район,,1,,с Усть-Кан,data-20180110-structure-20150128.csv,2018,9999,16,,,4,Республика Алтай,50.932003000000002,84.765213000000003
Усть-Коксинский,84-640-000-000,Усть-Коксинский муниципальный район,муниципальный район,,1,,с Усть-Кокса,data-20180110-structure-20150128.csv,2018,9999,17,,,4,Республика Алтай,50.269592699999997,85.615584200000001
Чемальский,84-643-000-000,Чемальский муниципальный район,муниципальный район,,1,,с Чемал,data-20180110-structure-20150128.csv,2018,9999,18,,,4,Республика Алтай,51.406593299999997,86.0037576
Чойский,84-645-000-000,Чойский муниципальный район,муниципальный район,,1,,с Чоя,data-20180110-structure-20150128.csv,2018,9999,19,,,4,Республика Алтай,51.898753599999999,86.591670100000002
Шебалинский,84-650-000-000,Шебалинский муниципальный район,муниципальный район,,1,,с Шебалино,data-20180110-structure-20150128.csv,2018,9999,20,,,4,Республика Алтай,51.292263800000001,85.673992799999994
Уфа,80-701-000-000,городской округ город Уфа,городской округ,административный_центр_субъекта,2,80-652-000-000,г Уфа,data-20180110-structure-20150128.csv,2018,9999,21,,,2,Республика Башкортостан,54.726140899999997,55.947499000000001
Агидель,80-703-000-000,городской округ город Агидель,городской округ,,1,,г Агидель,data-20180110-structure-20150128.csv,2018,9999,22,,,2,Республика Башкортостан,55.899276,53.937420199999998
Кумертау,80-723-000-000,городской округ город Кумертау,городской округ,,1,,г Кумертау,data-20180110-structure-20150128.csv,2018,9999,23,,,2,Республика Башкортостан,52.760975000000002,55.796481999999997
Межгорье,80-707-000-000,городской округ ЗАТО город Межгорье,городской округ,ЗАТО,1,,г Межгорье,data-20180110-structure-20150128.csv,2018,9999,24,,,2,Республика Башкортостан,54.241024699999997,57.973681499999998
Нефтекамск,80-727-000-000,городской округ город Нефтекамск,городской округ,,1,,г Нефтекамск,data-20180110-structure-20150128.csv,2018,9999,25,,,2,Республика Башкортостан,56.088403100000001,54.247809400000001
Октябрьский,80-735-000-000,городской округ город Октябрьский,городской округ,,1,,г Октябрьский,data-20180110-structure-20150128.csv,2018,9999,26,,,2,Республика Башкортостан,54.480972199999997,53.466006200000002
Салават,80-739-000-000,городской округ город Салават,городской округ,,1,,г Салават,data-20180110-structure-20150128.csv,2018,9999,27,,,2,Республика Башкортостан,53.361687000000003,55.924641000000001
Сибай,80-743-000-000,городской округ город Сибай,городской округ,,1,,г Сибай,data-20180110-structure-20150128.csv,2018,9999,28,,,2,Республика Башкортостан,52.720424999999999,58.665466000000002
Стерлитамак,80-745-000-000,городской округ город Стерлитамак,городской округ,,2,80-649-000-000,г Стерлитамак,data-20180110-structure-20150128.csv,2018,9999,29,,,2,Республика Башкортостан,53.632373999999999,55.952258999999998
Абзелиловский,80-601-000-000,Абзелиловский муниципальный район,муниципальный район,,1,,с Аскарово,data-20180110-structure-20150128.csv,2018,9999,30,,,2,Республика Башкортостан,53.339106200000003,58.506054800000001
Альшеевский,80-602-000-000,Альшеевский муниципальный район,муниципальный район,,1,,с Раевский,data-20180110-structure-20150128.csv,2018,9999,31,,,2,Республика Башкортостан,54.068694999999998,54.941628000000001
Архангельский,80-603-000-000,Архангельский муниципальный район,муниципальный район,,1,,с Архангельское,data-20180110-structure-20150128.csv,2018,9999,32,,,2,Республика Башкортостан,54.405723999999999,56.784122000000004
Аскинский,80-604-000-000,Аскинский муниципальный район,муниципальный район,,1,,с Аскино,data-20180110-structure-20150128.csv,2018,9999,33,,,2,Республика Башкортостан,56.085589200000001,56.5788224
Аургазинский,80-605-000-000,Аургазинский муниципальный район,муниципальный район,,1,,с Толбазы,data-20180110-structure-20150128.csv,2018,9999,34,,,2,Республика Башкортостан,54.010342000000001,55.886462999999999
Баймакский,80-606-000-000,Баймакский муниципальный район,муниципальный район,,1,,г Баймак,data-20180110-structure-20150128.csv,2018,9999,35,,,2,Республика Башкортостан,52.597918999999997,58.307560000000002
Бакалинский,80-607-000-000,Бакалинский муниципальный район,муниципальный район,,1,,с Бакалы,data-20180110-structure-20150128.csv,2018,9999,36,,,2,Республика Башкортостан,55.181191900000002,53.799040699999999
Балтачевский,80-608-000-000,Балтачевский муниципальный район,муниципальный район,,1,,с Старобалтачево,data-20180110-structure-20150128.csv,2018,9999,37,,,2,Республика Башкортостан,56.000442999999997,55.923465999999998
Белебеевский,80-609-000-000,Белебеевский муниципальный район,муниципальный район,,1,,г Белебей,data-20180110-structure-20150128.csv,2018,9999,38,,,2,Республика Башкортостан,54.106495000000002,54.107810999999998
Белокатайский,80-610-000-000,Белокатайский муниципальный район,муниципальный район,,1,,с Новобелокатай,data-20180110-structure-20150128.csv,2018,9999,39,,,2,Республика Башкортостан,55.704636000000001,58.961376000000001
Белорецкий,80-611-000-000,Белорецкий муниципальный район,муниципальный район,,1,,г Белорецк,data-20180110-structure-20150128.csv,2018,9999,40,,,2,Республика Башкортостан,53.968070500000003,58.409954900000002
Бижбулякский,80-612-000-000,Бижбулякский муниципальный район,муниципальный район,,1,,с Бижбуляк,data-20180110-structure-20150128.csv,2018,9999,41,,,2,Республика Башкортостан,53.693443000000002,54.268616000000002
Бирский,80-613-000-000,Бирский муниципальный район,муниципальный район,,1,,г Бирск,data-20180110-structure-20150128.csv,2018,9999,42,,,2,Республика Башкортостан,55.420677400000002,55.540717899999997
Благоварский,80-614-000-000,Благоварский муниципальный район,муниципальный район,,1,,с Языково,data-20180110-structure-20150128.csv,2018,9999,43,,,2,Республика Башкортостан,54.691817999999998,55.013869999999997
Благовещенский,80-615-000-000,Благовещенский муниципальный район,муниципальный район,,1,,г Благовещенск,data-20180110-structure-20150128.csv,2018,9999,44,,,2,Республика Башкортостан,55.031143,55.981876
Буздякский,80-617-000-000,Буздякский муниципальный район,муниципальный район,,1,,с Буздяк,data-20180110-structure-20150128.csv,2018,9999,45,,,2,Республика Башкортостан,54.569638900000001,54.532399300000002
Бураевский,80-618-000-000,Бураевский муниципальный район,муниципальный район,,1,,с Бураево,data-20180110-structure-20150128.csv,2018,9999,46,,,2,Республика Башкортостан,55.836903,55.410423000000002
Бурзянский,80-619-000-000,Бурзянский муниципальный район,муниципальный район,,1,,с Старосубхангулово,data-20180110-structure-20150128.csv,2018,9999,47,,,2,Республика Башкортостан,53.102870699999997,57.444476299999998
Гафурийский,80-621-000-000,Гафурийский муниципальный район,муниципальный район,,1,,с Красноусольский,data-20180110-structure-20150128.csv,2018,9999,48,,,2,Республика Башкортостан,53.896161599999999,56.470560399999997
Давлекановский,80-622-000-000,Давлекановский муниципальный район,муниципальный район,,1,,г Давлеканово,data-20180110-structure-20150128.csv,2018,9999,49,,,2,Республика Башкортостан,54.212965599999997,55.030721900000003
Дуванский,80-623-000-000,Дуванский муниципальный район,муниципальный район,,1,,с Месягутово,data-20180110-structure-20150128.csv,2018,9999,50,,,2,Республика Башкортостан,55.534694999999999,58.239238999999998
Дюртюлинский,80-624-000-000,Дюртюлинский муниципальный район,муниципальный район,,1,,г Дюртюли,data-20180110-structure-20150128.csv,2018,9999,51,,,2,Республика Башкортостан,55.490616000000003,54.863894999999999
Ермекеевский,80-625-000-000,Ермекеевский муниципальный район,муниципальный район,,1,,с Ермекеево,data-20180110-structure-20150128.csv,2018,9999,52,,,2,Республика Башкортостан,54.073929,53.671931999999998
Зианчуринский,80-626-000-000,Зианчуринский муниципальный район,муниципальный район,,1,,с Исянгулово,data-20180110-structure-20150128.csv,2018,9999,53,,,2,Республика Башкортостан,52.189624999999999,56.582492999999999
Зилаирский,80-627-000-000,Зилаирский муниципальный район,муниципальный район,,1,,с Зилаир,data-20180110-structure-20150128.csv,2018,9999,54,,,2,Республика Башкортостан,52.233707000000003,57.441547
Иглинский,80-628-000-000,Иглинский муниципальный район,муниципальный район,,1,,с Иглино,data-20180110-structure-20150128.csv,2018,9999,55,,,2,Республика Башкортостан,54.834052100000001,56.4165846
Илишевский,80-630-000-000,Илишевский муниципальный район,муниципальный район,,1,,с Верхнеяркеево,data-20180110-structure-20150128.csv,2018,9999,56,,,2,Республика Башкортостан,55.445116599999999,54.315366500000003
Ишимбайский,80-631-000-000,Ишимбайский муниципальный район,муниципальный район,,1,,г Ишимбай,data-20180110-structure-20150128.csv,2018,9999,57,,,2,Республика Башкортостан,53.454645399999997,56.043911899999998
Калтасинский,80-633-000-000,Калтасинский муниципальный район,муниципальный район,,1,,с Калтасы,data-20180110-structure-20150128.csv,2018,9999,58,,,2,Республика Башкортостан,55.970050999999998,54.790049600000003
Караидельский,80-634-000-000,Караидельский муниципальный район,муниципальный район,,1,,с Караидель,data-20180110-structure-20150128.csv,2018,9999,59,,,2,Республика Башкортостан,55.832790000000003,56.913136000000002
Кармаскалинский,80-635-000-000,Кармаскалинский муниципальный район,муниципальный район,,1,,с Кармаскалы,data-20180110-structure-20150128.csv,2018,9999,60,,,2,Республика Башкортостан,54.367451000000003,56.168818999999999
Кигинский,80-636-000-000,Кигинский муниципальный район,муниципальный район,,1,,с Верхние Киги,data-20180110-structure-20150128.csv,2018,9999,61,,,2,Республика Башкортостан,55.405947300000001,58.599373100000001
Краснокамский,80-637-000-000,Краснокамский муниципальный район,муниципальный район,,1,,с Николо-Березовка,data-20180110-structure-20150128.csv,2018,9999,62,,,2,Республика Башкортостан,56.128631200000001,54.170278699999997
Кугарчинский,80-638-000-000,Кугарчинский муниципальный район,муниципальный район,,1,,с Мраково,data-20180110-structure-20150128.csv,2018,9999,63,,,2,Республика Башкортостан,52.715424300000002,56.622306700000003
Куюргазинский,80-639-000-000,Куюргазинский муниципальный район,муниципальный район,,1,,с Ермолаево,data-20180110-structure-20150128.csv,2018,9999,64,,,2,Республика Башкортостан,52.707107499999999,55.803912099999998
Кушнаренковский,80-640-000-000,Кушнаренковский муниципальный район,муниципальный район,,1,,с Кушнаренково,data-20180110-structure-20150128.csv,2018,9999,65,,,2,Республика Башкортостан,55.107123999999999,55.342201000000003
Мелеузовский,80-641-000-000,Мелеузовский муниципальный район,муниципальный район,,1,,г Мелеуз,data-20180110-structure-20150128.csv,2018,9999,66,,,2,Республика Башкортостан,52.963279999999997,55.928612000000001
Мечетлинский,80-642-000-000,Мечетлинский муниципальный район,муниципальный район,,1,,с Большеустьикинское,data-20180110-structure-20150128.csv,2018,9999,67,,,2,Республика Башкортостан,55.952190000000002,58.268700000000003
Мишкинский,80-643-000-000,Мишкинский муниципальный район,муниципальный район,,1,,с Мишкино,data-20180110-structure-20150128.csv,2018,9999,68,,,2,Республика Башкортостан,55.531227000000001,55.970351999999998
Миякинский,80-644-000-000,Миякинский муниципальный район,муниципальный район,,1,,с Киргиз-Мияки,data-20180110-structure-20150128.csv,2018,9999,69,,,2,Республика Башкортостан,53.629292,54.800922
Нуримановский,80-645-000-000,Нуримановский муниципальный район,муниципальный район,,1,,с Красная Горка,data-20180110-structure-20150128.csv,2018,9999,70,,,2,Республика Башкортостан,55.189723399999998,56.667743199999997
Салаватский,80-647-000-000,Салаватский муниципальный район,муниципальный район,,1,,с Малояз,data-20180110-structure-20150128.csv,2018,9999,71,,,2,Республика Башкортостан,55.203408600000003,58.153639200000001
Стерлибашевский,80-648-000-000,Стерлибашевский муниципальный район,муниципальный район,,1,,с Стерлибашево,data-20180110-structure-20150128.csv,2018,9999,72,,,2,Республика Башкортостан,53.438549000000002,55.256725000000003
Стерлитамакский,80-649-000-000,Стерлитамакский муниципальный район,муниципальный район,,3,80-745-000-000,г Стерлитамак,data-20180110-structure-20150128.csv,2018,9999,73,,,2,Республика Башкортостан,53.632373999999999,55.952258999999998
Татышлинский,80-650-000-000,Татышлинский муниципальный район,муниципальный район,,1,,с Верхние Татышлы,data-20180110-structure-20150128.csv,2018,9999,74,,,2,Республика Башкортостан,56.292187599999998,55.855743500000003
Туймазинский,80-651-000-000,Туймазинский муниципальный район,муниципальный район,,1,,г Туймазы,data-20180110-structure-20150128.csv,2018,9999,75,,,2,Республика Башкортостан,54.606537000000003,53.697400399999999
Уфимский,80-652-000-000,Уфимский муниципальный район,муниципальный район,,3,80-701-000-000,г Уфа,data-20180110-structure-20150128.csv,2018,9999,76,,,2,Республика Башкортостан,54.726140899999997,55.947499000000001
Учалинский,80-653-000-000,Учалинский муниципальный район,муниципальный район,,1,,г Учалы,data-20180110-structure-20150128.csv,2018,9999,77,,,2,Республика Башкортостан,54.316597000000002,59.384636
Федоровский,80-654-000-000,Федоровский муниципальный район,муниципальный район,,1,,с Федоровка,data-20180110-structure-20150128.csv,2018,9999,78,,,2,Республика Башкортостан,53.177197399999997,55.186482499999997
Хайбуллинский,80-655-000-000,Хайбуллинский муниципальный район,муниципальный район,,1,,с Акъяр,data-20180110-structure-20150128.csv,2018,9999,79,,,2,Республика Башкортостан,51.865116,58.220215000000003
Чекмагушевский,80-656-000-000,Чекмагушевский муниципальный район,муниципальный район,,1,,с Чекмагуш,data-20180110-structure-20150128.csv,2018,9999,80,,,2,Республика Башкортостан,55.137899599999997,54.6534999
Чишминский,80-657-000-000,Чишминский муниципальный район,муниципальный район,,1,,рп Чишмы,data-20180110-structure-20150128.csv,2018,9999,81,,,2,Республика Башкортостан,54.589680000000001,55.385604999999998
Шаранский,80-658-000-000,Шаранский муниципальный район,муниципальный район,,1,,с Шаран,data-20180110-structure-20150128.csv,2018,9999,82,,,2,Республика Башкортостан,54.818250900000002,54.001657399999999
Янаульский,80-659-000-000,Янаульский муниципальный район,муниципальный район,,1,,г Янаул,data-20180110-structure-20150128.csv,2018,9999,83,,,2,Республика Башкортостан,56.2714237,54.929482299999997
Улан-Удэ,81-701-000-000,городской округ город Улан-Удэ,городской округ,административный_центр_субъекта,1,,г Улан-Удэ,data-20180110-structure-20150128.csv,2018,9999,84,,,3,Республика Бурятия,51.835784099999998,107.5839105
Северобайкальск,81-720-000-000,городской округ город Северобайкальск,городской округ,,1,,г Северобайкальск,data-20180110-structure-20150128.csv,2018,9999,85,,,3,Республика Бурятия,55.635967000000001,109.33564800000001
Баргузинский,81-603-000-000,Баргузинский муниципальный район,муниципальный район,,1,,с Баргузин,data-20180110-structure-20150128.csv,2018,9999,86,,,3,Республика Бурятия,53.617637999999999,109.632744
Баунтовский,81-606-000-000,Баунтовский эвенкийский муниципальный район,муниципальный район,,1,,с Багдарин,data-20180110-structure-20150128.csv,2018,9999,87,,,3,Республика Бурятия,54.443378000000003,113.590469
Бичурский,81-609-000-000,Бичурский муниципальный район,муниципальный район,,1,,с Бичура,data-20180110-structure-20150128.csv,2018,9999,88,,,3,Республика Бурятия,50.588627000000002,107.59927399999999
Джидинский,81-612-000-000,Джидинский муниципальный район,муниципальный район,,1,,с Петропавловка,data-20180110-structure-20150128.csv,2018,9999,89,,,3,Республика Бурятия,50.610869999999998,105.319412
Еравнинский,81-615-000-000,Еравнинский муниципальный район,муниципальный район,,1,,с Сосново-Озерское,data-20180110-structure-20150128.csv,2018,9999,90,,,3,Республика Бурятия,52.528613999999997,111.53806299999999
Заиграевский,81-618-000-000,Заиграевский муниципальный район,муниципальный район,,1,,п Заиграево,data-20180110-structure-20150128.csv,2018,9999,91,,,3,Республика Бурятия,51.834293000000002,108.27061500000001
Закаменский,81-621-000-000,Закаменский муниципальный район,муниципальный район,,1,,г Закаменск,data-20180110-structure-20150128.csv,2018,9999,92,,,3,Республика Бурятия,50.377800000000001,103.2915
Иволгинский,81-622-000-000,Иволгинский муниципальный район,муниципальный район,,1,,с Иволгинск,data-20180110-structure-20150128.csv,2018,9999,93,,,3,Республика Бурятия,51.745052000000001,107.28117399999999
Кабанский,81-624-000-000,Кабанский муниципальный район,муниципальный район,,1,,с Кабанск,data-20180110-structure-20150128.csv,2018,9999,94,,,3,Республика Бурятия,52.052389699999999,106.6548779
Кижингинский,81-627-000-000,Кижингинский муниципальный район,муниципальный район,,1,,с Кижинга,data-20180110-structure-20150128.csv,2018,9999,95,,,3,Республика Бурятия,51.849559999999997,109.913147
Курумканский,81-630-000-000,Курумканский муниципальный район,муниципальный район,,1,,с Курумкан,data-20180110-structure-20150128.csv,2018,9999,96,,,3,Республика Бурятия,54.326335999999998,110.323257
Кяхтинский,81-633-000-000,Кяхтинский муниципальный район,муниципальный район,,1,,г Кяхта,data-20180110-structure-20150128.csv,2018,9999,97,,,3,Республика Бурятия,50.353175999999998,106.44915
Муйский,81-635-000-000,Муйский муниципальный район,муниципальный район,,1,,п Таксимо,data-20180110-structure-20150128.csv,2018,9999,98,,,3,Республика Бурятия,56.355514999999997,114.837982
Мухоршибирский,81-636-000-000,Мухоршибирский муниципальный район,муниципальный район,,1,,с Мухоршибирь,data-20180110-structure-20150128.csv,2018,9999,99,,,3,Республика Бурятия,51.046996999999998,107.828537
Окинский,81-639-000-000,Окинский муниципальный район,муниципальный район,,1,,с Орлик,data-20180110-structure-20150128.csv,2018,9999,100,,,3,Республика Бурятия,52.512768800000003,99.827170499999994
Прибайкальский,81-642-000-000,Прибайкальский муниципальный район,муниципальный район,,1,,с Турунтаево,data-20180110-structure-20150128.csv,2018,9999,101,,,3,Республика Бурятия,52.202500000000001,107.639
Северо-Байкальский,81-645-000-000,Северо-Байкальский муниципальный район,муниципальный район,,1,,п Нижнеангарск,data-20180110-structure-20150128.csv,2018,9999,102,,,3,Республика Бурятия,55.783572999999997,109.57176200000001
Селенгинский,81-648-000-000,Селенгинский муниципальный район,муниципальный район,,1,,г Гусиноозерск,data-20180110-structure-20150128.csv,2018,9999,103,,,3,Республика Бурятия,51.289515999999999,106.527008
Тарбагатайский,81-650-000-000,Тарбагатайский муниципальный район,муниципальный район,,1,,с Тарбагатай,data-20180110-structure-20150128.csv,2018,9999,104,,,3,Республика Бурятия,51.483730000000001,107.35760500000001
Тункинский,81-651-000-000,Тункинский муниципальный район,муниципальный район,,1,,с Кырен,data-20180110-structure-20150128.csv,2018,9999,105,,,3,Республика Бурятия,51.682403999999998,102.132912
Хоринский,81-657-000-000,Хоринский муниципальный район,муниципальный район,,1,,с Хоринск,data-20180110-structure-20150128.csv,2018,9999,106,,,3,Республика Бурятия,52.161501100000002,109.7629245
Махачкала,82-701-000-000,городской округ город Махачкала,городской округ,административный_центр_субъекта,1,,г Махачкала,data-20180110-structure-20150128.csv,2018,9999,107,,,5,Республика Дагестан,42.983024100000002,47.504871700000002
Буйнакск,82-705-000-000,городской округ город Буйнакск,городской округ,,2,82-611-000-000,г Буйнакск,data-20180110-structure-20150128.csv,2018,9999,108,,,5,Республика Дагестан,42.826090600000001,47.121962400000001
Дагестанские Огни,82-708-000-000,городской округ город Дагестанские Огни,городской округ,,1,,г Дагестанские Огни,data-20180110-structure-20150128.csv,2018,9999,109,,,5,Республика Дагестан,42.115243399999997,48.186420099999999
Дербент,82-710-000-000,городской округ город Дербент,городской округ,,2,82-620-000-000,г Дербент,data-20180110-structure-20150128.csv,2018,9999,110,,,5,Республика Дагестан,42.057858000000003,48.288764800000003
Избербаш,82-715-000-000,городской округ город Избербаш,городской округ,,1,,г Избербаш,data-20180110-structure-20150128.csv,2018,9999,111,,,5,Республика Дагестан,42.5710804,47.862999000000002
Каспийск,82-720-000-000,городской округ город Каспийск,городской округ,,1,,г Каспийск,data-20180110-structure-20150128.csv,2018,9999,112,,,5,Республика Дагестан,42.888141400000002,47.642467600000003
Кизилюрт,82-725-000-000,городской округ город Кизилюрт,городской округ,,2,82-626-000-000,г Кизилюрт,data-20180110-structure-20150128.csv,2018,9999,113,,,5,Республика Дагестан,43.1999049,46.871334300000001
Кизляр,82-730-000-000,городской округ город Кизляр,городской округ,,2,82-627-000-000,г Кизляр,data-20180110-structure-20150128.csv,2018,9999,114,,,5,Республика Дагестан,43.854672700000002,46.713932900000003
Хасавюрт,82-735-000-000,городской округ город Хасавюрт,городской округ,,2,82-654-000-000,г Хасавюрт,data-20180110-structure-20150128.csv,2018,9999,115,,,5,Республика Дагестан,43.246915999999999,46.585518399999998
Южно-Сухокумск,82-738-000-000,городской округ город Южно-Сухокумск,городской округ,,1,,г Южно-Сухокумск,data-20180110-structure-20150128.csv,2018,9999,116,,,5,Республика Дагестан,44.662230999999998,45.645138000000003
Агульский,82-601-000-000,Агульский муниципальный район,муниципальный район,,1,,с Тпиг,data-20180110-structure-20150128.csv,2018,9999,117,,,5,Республика Дагестан,41.780080099999999,47.592406699999998
Акушинский,82-603-000-000,Акушинский муниципальный район,муниципальный район,,1,,с Акуша,data-20180110-structure-20150128.csv,2018,9999,118,,,5,Республика Дагестан,42.277636999999999,47.344593000000003
Ахвахский,82-605-000-000,Ахвахский муниципальный район,муниципальный район,,1,,с Карата,data-20180110-structure-20150128.csv,2018,9999,119,,,5,Республика Дагестан,42.595674199999998,46.339526499999998
Ахтынский,82-606-000-000,Ахтынский муниципальный район,муниципальный район,,1,,с Ахты,data-20180110-structure-20150128.csv,2018,9999,120,,,5,Республика Дагестан,41.462913999999998,47.742794000000004
Бабаюртовский,82-607-000-000,Бабаюртовский муниципальный район,муниципальный район,,1,,с Бабаюрт,data-20180110-structure-20150128.csv,2018,9999,121,,,5,Республика Дагестан,43.600405899999998,46.777501299999997
Ботлихский,82-609-000-000,Ботлихский муниципальный район,муниципальный район,,1,,с Ботлих,data-20180110-structure-20150128.csv,2018,9999,122,,,5,Республика Дагестан,42.664460800000001,46.218451199999997
Буйнакский,82-611-000-000,Буйнакский муниципальный район,муниципальный район,,3,82-705-000-000,г Буйнакск,data-20180110-structure-20150128.csv,2018,9999,123,,,5,Республика Дагестан,42.826090600000001,47.121962400000001
Гергебильский,82-613-000-000,Гергебильский муниципальный район,муниципальный район,,1,,с Гергебиль,data-20180110-structure-20150128.csv,2018,9999,124,,,5,Республика Дагестан,42.502240299999997,47.0601713
Гумбетовский,82-615-000-000,Гумбетовский муниципальный район,муниципальный район,,1,,с Мехельта,data-20180110-structure-20150128.csv,2018,9999,125,,,5,Республика Дагестан,42.790591999999997,46.503067000000001
Гунибский,82-616-000-000,Гунибский муниципальный район,муниципальный район,,1,,с Гуниб,data-20180110-structure-20150128.csv,2018,9999,126,,,5,Республика Дагестан,42.387022100000003,46.964663199999997
Дахадаевский,82-618-000-000,Дахадаевский муниципальный район,муниципальный район,,1,,с Уркарах,data-20180110-structure-20150128.csv,2018,9999,127,,,5,Республика Дагестан,42.163765400000003,47.630728699999999
Дербентский,82-620-000-000,Дербентский муниципальный район,муниципальный район,,3,82-710-000-000,г Дербент,data-20180110-structure-20150128.csv,2018,9999,128,,,5,Республика Дагестан,42.057858000000003,48.288764800000003
Докузпаринский,82-621-000-000,Докузпаринский муниципальный район,муниципальный район,,1,,с Усухчай,data-20180110-structure-20150128.csv,2018,9999,129,,,5,Республика Дагестан,41.389972499999999,47.904649800000001
Казбековский,82-622-000-000,Казбековский муниципальный район,муниципальный район,,1,,с Дылым,data-20180110-structure-20150128.csv,2018,9999,130,,,5,Республика Дагестан,43.067724699999999,46.634797599999999
Кайтагский,82-623-000-000,Кайтагский муниципальный район,муниципальный район,,1,,с Маджалис,data-20180110-structure-20150128.csv,2018,9999,131,,,5,Республика Дагестан,42.1206478,47.834342300000003
Каякентский,82-624-000-000,Каякентский муниципальный район,муниципальный район,,1,,с Новокаякент,data-20180110-structure-20150128.csv,2018,9999,132,,,5,Республика Дагестан,42.388316799999998,47.988801600000002
Кизилюртовский,82-626-000-000,Кизилюртовский муниципальный район,муниципальный район,,3,82-725-000-000,г Кизилюрт,data-20180110-structure-20150128.csv,2018,9999,133,,,5,Республика Дагестан,43.1999049,46.871334300000001
Кизлярский,82-627-000-000,Кизлярский муниципальный район,муниципальный район,,3,82-730-000-000,г Кизляр,data-20180110-structure-20150128.csv,2018,9999,134,,,5,Республика Дагестан,43.854672700000002,46.713932900000003
Кулинский,82-629-000-000,Кулинский муниципальный район,муниципальный район,,1,,с Вачи,data-20180110-structure-20150128.csv,2018,9999,135,,,5,Республика Дагестан,42.072017799999998,47.214948700000001
Курахский,82-630-000-000,Курахский муниципальный район,муниципальный район,,1,,с Курах,data-20180110-structure-20150128.csv,2018,9999,136,,,5,Республика Дагестан,41.584110000000003,47.783661000000002
Лакский,82-632-000-000,Лакский муниципальный район,муниципальный район,,1,,с Кумух,data-20180110-structure-20150128.csv,2018,9999,137,,,5,Республика Дагестан,42.1702303,47.118265899999997
Левашинский,82-634-000-000,Левашинский муниципальный район,муниципальный район,,1,,с Леваши,data-20180110-structure-20150128.csv,2018,9999,138,,,5,Республика Дагестан,42.430695,47.323261000000002
Карабудахкентский,82-635-000-000,Карабудахкентский муниципальный район,муниципальный район,,1,,с Карабудахкент,data-20180110-structure-20150128.csv,2018,9999,139,,,5,Республика Дагестан,42.7105994,47.576677699999998
Кумторкалинский,82-636-000-000,Кумторкалинский муниципальный район,муниципальный район,,1,,с Коркмаскала,data-20180110-structure-20150128.csv,2018,9999,140,,,5,Республика Дагестан,43.022212699999997,47.295812599999998
Магарамкентский,82-637-000-000,Магарамкентский муниципальный район,муниципальный район,,1,,с Магарамкент,data-20180110-structure-20150128.csv,2018,9999,141,,,5,Республика Дагестан,41.616153699999998,48.349528999999997
Новолакский,82-639-000-000,Новолакский муниципальный район,муниципальный район,,1,,с Новолакское,data-20180110-structure-20150128.csv,2018,9999,142,,,5,Республика Дагестан,43.120100600000001,46.482976499999999
Ногайский,82-640-000-000,Ногайский муниципальный район,муниципальный район,,1,,с Терекли-Мектеб,data-20180110-structure-20150128.csv,2018,9999,143,,,5,Республика Дагестан,44.164783,45.873196
Рутульский,82-642-000-000,Рутульский муниципальный район,муниципальный район,,1,,с Рутул,data-20180110-structure-20150128.csv,2018,9999,144,,,5,Республика Дагестан,41.533537600000002,47.424484
Сергокалинский,82-644-000-000,Сергокалинский муниципальный район,муниципальный район,,1,,с Сергокала,data-20180110-structure-20150128.csv,2018,9999,145,,,5,Республика Дагестан,42.453341999999999,47.665371
Шамильский,82-646-000-000,Шамильский муниципальный район,муниципальный район,,1,,с Хебда,data-20180110-structure-20150128.csv,2018,9999,146,,,5,Республика Дагестан,42.444214000000002,46.550980000000003
Сулейман-Стальский,82-647-000-000,Сулейман-Стальский муниципальный район,муниципальный район,,1,,с Касумкент,data-20180110-structure-20150128.csv,2018,9999,147,,,5,Республика Дагестан,41.675811799999998,48.151632399999997
Табасаранский,82-648-000-000,Табасаранский муниципальный район,муниципальный район,,1,,с Хучни,data-20180110-structure-20150128.csv,2018,9999,148,,,5,Республика Дагестан,41.952247800000002,47.9495559
Тарумовский,82-649-000-000,Тарумовский муниципальный район,муниципальный район,,1,,с Тарумовка,data-20180110-structure-20150128.csv,2018,9999,149,,,5,Республика Дагестан,44.074500999999998,46.537163
Тляратинский,82-651-000-000,Тляратинский муниципальный район,муниципальный район,,1,,с Тлярата,data-20180110-structure-20150128.csv,2018,9999,150,,,5,Республика Дагестан,42.107425999999997,46.354999999999997
Унцукульский,82-653-000-000,Унцукульский муниципальный район,муниципальный район,,1,,с Унцукуль,data-20180110-structure-20150128.csv,2018,9999,151,,,5,Республика Дагестан,42.712722999999997,46.789847999999999
Хасавюртовский,82-654-000-000,Хасавюртовский муниципальный район,муниципальный район,,3,82-735-000-000,г Хасавюрт,data-20180110-structure-20150128.csv,2018,9999,152,,,5,Республика Дагестан,43.246915999999999,46.585518399999998
Хивский,82-655-000-000,Хивский муниципальный район,муниципальный район,,1,,с Хив,data-20180110-structure-20150128.csv,2018,9999,153,,,5,Республика Дагестан,41.752754000000003,47.926189000000001
Хунзахский,82-656-000-000,Хунзахский муниципальный район,муниципальный район,,1,,с Хунзах,data-20180110-structure-20150128.csv,2018,9999,154,,,5,Республика Дагестан,42.545231000000001,46.707104000000001
Цумадинский,82-657-000-000,Цумадинский муниципальный район,муниципальный район,,1,,с Агвали,data-20180110-structure-20150128.csv,2018,9999,155,,,5,Республика Дагестан,42.539375,46.122169
Цунтинский,82-658-000-000,Цунтинский муниципальный район,муниципальный район,,1,,с Кидеро,data-20180110-structure-20150128.csv,2018,9999,156,,,5,Республика Дагестан,42.190027000000001,45.963846400000001
Чародинский,82-659-000-000,Чародинский муниципальный район,муниципальный район,,1,,с Цуриб,data-20180110-structure-20150128.csv,2018,9999,157,,,5,Республика Дагестан,42.238261999999999,46.834105999999998
Магас,26-701-000-000,городской округ город Магас,городской округ,административный_центр_субъекта,1,,г Магас,data-20180110-structure-20150128.csv,2018,9999,158,,,6,Республика Ингушетия,43.166649700000001,44.804819100000003
Малгобек,26-715-000-000,городской округ город Малгобек,городской округ,,2,26-615-000-000,г Малгобек,data-20180110-structure-20150128.csv,2018,9999,159,,,6,Республика Ингушетия,43.512718900000003,44.586958799999998
Назрань,26-706-000-000,городской округ город Назрань,городской округ,,2,26-605-000-000,г Назрань,data-20180110-structure-20150128.csv,2018,9999,160,,,6,Республика Ингушетия,43.232077400000001,44.754012799999998
Карабулак,26-710-000-000,городской округ город Карабулак,городской округ,,1,,г Карабулак,data-20180110-structure-20150128.csv,2018,9999,161,,,6,Республика Ингушетия,43.3094909,44.910333999999999
Сунжа,26-720-000-000,городской округ город Сунжа,городской округ,,2,26-610-000-000,г Сунжа,data-20180110-structure-20150128.csv,2018,9999,162,,,6,Республика Ингушетия,43.313458199999999,45.050611400000001
Джейрахский,26-620-000-000,Джейрахский муниципальный район,муниципальный район,,1,,с Джейрах,data-20180110-structure-20150128.csv,2018,9999,163,,,6,Республика Ингушетия,42.822789499999999,44.675598000000001
Малгобекский,26-615-000-000,Малгобекский муниципальный район,муниципальный район,,3,26-715-000-000,г Малгобек,data-20180110-structure-20150128.csv,2018,9999,164,,,6,Республика Ингушетия,43.512718900000003,44.586958799999998
Назрановский,26-605-000-000,Назрановский муниципальный район,муниципальный район,,3,26-706-000-000,г Назрань,data-20180110-structure-20150128.csv,2018,9999,165,,,6,Республика Ингушетия,43.232077400000001,44.754012799999998
Сунженский,26-610-000-000,Сунженский муниципальный район,муниципальный район,,3,26-720-000-000,г Сунжа,data-20180110-structure-20150128.csv,2018,9999,166,,,6,Республика Ингушетия,43.313458199999999,45.050611400000001
Нальчик,83-701-000-000,городской округ Нальчик,городской округ,административный_центр_субъекта,1,,г Нальчик,data-20180110-structure-20150128.csv,2018,9999,167,,,7,Кабардино-Балкарская Республика,43.476960400000003,43.596657800000003
Баксан,83-703-000-000,городской округ Баксан,городской округ,,2,83-610-000-000,г Баксан,data-20180110-structure-20150128.csv,2018,9999,168,,,7,Кабардино-Балкарская Республика,43.682062600000002,43.534431900000001
Прохладный,83-710-000-000,городской округ Прохладный,городской округ,,2,83-625-000-000,г Прохладный,data-20180110-structure-20150128.csv,2018,9999,169,,,7,Кабардино-Балкарская Республика,43.759001699999999,44.010398100000003
Баксанский,83-610-000-000,Баксанский муниципальный район,муниципальный район,,3,83-703-000-000,г Баксан,data-20180110-structure-20150128.csv,2018,9999,170,,,7,Кабардино-Балкарская Республика,43.682062600000002,43.534431900000001
Зольский,83-615-000-000,Зольский муниципальный район,муниципальный район,,1,,п Залукокоаже,data-20180110-structure-20150128.csv,2018,9999,171,,,7,Кабардино-Балкарская Республика,43.899631599999999,43.217930799999998
Лескенский,83-618-000-000,Лескенский муниципальный район,муниципальный район,,1,,с Анзорей,data-20180110-structure-20150128.csv,2018,9999,172,,,7,Кабардино-Балкарская Республика,43.354921900000001,43.939882500000003
Майский,83-620-000-000,Майский муниципальный район,муниципальный район,,1,,г Майский,data-20180110-structure-20150128.csv,2018,9999,173,,,7,Кабардино-Балкарская Республика,43.6282481,44.051874099999999
Прохладненский,83-625-000-000,Прохладненский муниципальный район,муниципальный район,,3,83-710-000-000,г Прохладный,data-20180110-structure-20150128.csv,2018,9999,174,,,7,Кабардино-Балкарская Республика,43.759001699999999,44.010398100000003
Черекский,83-630-000-000,Черекский муниципальный район,муниципальный район,,1,,п Кашхатау,data-20180110-structure-20150128.csv,2018,9999,175,,,7,Кабардино-Балкарская Республика,43.319190499999998,43.609117400000002
Терский,83-635-000-000,Терский муниципальный район,муниципальный район,,1,,г Терек,data-20180110-structure-20150128.csv,2018,9999,176,,,7,Кабардино-Балкарская Республика,43.482669199999997,44.136377600000003
Урванский,83-640-000-000,Урванский муниципальный район,муниципальный район,,1,,г Нарткала,data-20180110-structure-20150128.csv,2018,9999,177,,,7,Кабардино-Балкарская Республика,43.556148899999997,43.861675900000002
Чегемский,83-645-000-000,Чегемский муниципальный район,муниципальный район,,1,,г Чегем,data-20180110-structure-20150128.csv,2018,9999,178,,,7,Кабардино-Балкарская Республика,43.5655936,43.589902100000003
Эльбрусский,83-648-000-000,Эльбрусский муниципальный район,муниципальный район,,1,,г Тырныауз,data-20180110-structure-20150128.csv,2018,9999,179,,,7,Кабардино-Балкарская Республика,43.395898600000002,42.923075099999998
Элиста,85-701-000-000,городской округ город Элиста,городской округ,административный_центр_субъекта,1,,г Элиста,data-20180110-structure-20150128.csv,2018,9999,180,,,8,Республика Калмыкия,46.306998999999998,44.270187
Городовиковский,85-605-000-000,Городовиковский муниципальный район,муниципальный район,,1,,г Городовиковск,data-20180110-structure-20150128.csv,2018,9999,181,,,8,Республика Калмыкия,46.082850999999998,41.934269
Ики-Бурульский,85-610-000-000,Ики-Бурульский муниципальный район,муниципальный район,,1,,п Ики-Бурул,data-20180110-structure-20150128.csv,2018,9999,182,,,8,Республика Калмыкия,45.822997999999998,44.647002999999998
Кетченеровский,85-625-000-000,Кетченеровский муниципальный район,муниципальный район,,1,,п Кетченеры,data-20180110-structure-20150128.csv,2018,9999,183,,,8,Республика Калмыкия,47.304371000000003,44.528315999999997
Лаганский,85-615-000-000,Лаганский муниципальный район,муниципальный район,,1,,г Лагань,data-20180110-structure-20150128.csv,2018,9999,184,,,8,Республика Калмыкия,45.392059000000003,47.361282000000003
Малодербетовский,85-620-000-000,Малодербетовский муниципальный район,муниципальный район,,1,,с Малые Дербеты,data-20180110-structure-20150128.csv,2018,9999,185,,,8,Республика Калмыкия,47.9509398,44.6783553
Октябрьский,85-623-000-000,Октябрьский муниципальный район,муниципальный район,,1,,п Большой Царын,data-20180110-structure-20150128.csv,2018,9999,186,,,8,Республика Калмыкия,47.850693,45.428035999999999
Приютненский,85-628-000-000,Приютненский муниципальный район,муниципальный район,,1,,с Приютное,data-20180110-structure-20150128.csv,2018,9999,187,,,8,Республика Калмыкия,46.100689000000003,43.512431999999997
Сарпинский,85-632-000-000,Сарпинский муниципальный район,муниципальный район,,1,,с Садовое,data-20180110-structure-20150128.csv,2018,9999,188,,,8,Республика Калмыкия,47.767650500000002,44.516415899999998
Целинный,85-637-000-000,Целинный муниципальный район,муниципальный район,,1,,с Троицкое,data-20180110-structure-20150128.csv,2018,9999,189,,,8,Республика Калмыкия,46.411068,44.260703999999997
Черноземельский,85-642-000-000,Черноземельский муниципальный район,муниципальный район,,1,,п Комсомольский,data-20180110-structure-20150128.csv,2018,9999,190,,,8,Республика Калмыкия,45.32967,46.04298
Юстинский,85-646-000-000,Юстинский муниципальный район,муниципальный район,,1,,п Цаган Аман,data-20180110-structure-20150128.csv,2018,9999,191,,,8,Республика Калмыкия,47.565372000000004,46.724105999999999
Яшалтинский,85-650-000-000,Яшалтинский муниципальный район,муниципальный район,,1,,с Яшалта,data-20180110-structure-20150128.csv,2018,9999,192,,,8,Республика Калмыкия,46.338409900000002,42.27412896268666
Яшкульский,85-654-000-000,Яшкульский муниципальный район,муниципальный район,,1,,п Яшкуль,data-20180110-structure-20150128.csv,2018,9999,193,,,8,Республика Калмыкия,46.174168000000002,45.343463999999997
Черкесский,91-701-000-000,городской округ Черкесский,городской округ,административный_центр_субъекта,1,,г Черкесск,data-20180110-structure-20150128.csv,2018,9999,194,,,9,Карачаево-Черкесская Республика,44.228522900000002,42.048257
Карачаевский,91-705-000-000,городской округ Карачаевский,городской округ,,2,91-615-000-000,г Карачаевск,data-20180110-structure-20150128.csv,2018,9999,195,,,9,Карачаево-Черкесская Республика,43.771559400000001,41.911979000000002
Абазинский,91-601-000-000,Абазинский муниципальный район,муниципальный район,,1,,аул Инжич-Чукун,data-20180110-structure-20150128.csv,2018,9999,196,,,9,Карачаево-Черкесская Республика,44.052437400000002,41.785377435305783
Адыге-Хабльский,91-603-000-000,Адыге-Хабльский муниципальный район,муниципальный район,,1,,аул Адыге-Хабль,data-20180110-structure-20150128.csv,2018,9999,197,,,9,Карачаево-Черкесская Республика,44.331443299999997,41.937135499999997
Зеленчукский,91-610-000-000,Зеленчукский муниципальный район,муниципальный район,,1,,ст-ца Зеленчукская,data-20180110-structure-20150128.csv,2018,9999,198,,,9,Карачаево-Черкесская Республика,43.854975199999998,41.5853611
Карачаевский,91-615-000-000,Карачаевский муниципальный район,муниципальный район,,3,91-705-000-000,г Карачаевск,data-20180110-structure-20150128.csv,2018,9999,199,,,9,Карачаево-Черкесская Республика,43.771559400000001,41.911979000000002
Малокарачаевский,91-620-000-000,Малокарачаевский муниципальный район,муниципальный район,,1,,с Учкекен,data-20180110-structure-20150128.csv,2018,9999,200,,,9,Карачаево-Черкесская Республика,43.946557599999998,42.514795599999999
Ногайский,91-623-000-000,Ногайский муниципальный район,муниципальный район,,1,,п Эркен-Шахар,data-20180110-structure-20150128.csv,2018,9999,201,,,9,Карачаево-Черкесская Республика,44.376828799999998,41.957922099999998
Прикубанский,91-625-000-000,Прикубанский муниципальный район,муниципальный район,,1,,п Кавказский,data-20180110-structure-20150128.csv,2018,9999,202,,,9,Карачаево-Черкесская Республика,44.2683702,42.230889099999999
Урупский,91-630-000-000,Урупский муниципальный район,муниципальный район,,1,,ст-ца Преградная,data-20180110-structure-20150128.csv,2018,9999,203,,,9,Карачаево-Черкесская Республика,43.952875499999998,41.191790599999997
Усть-Джегутинский,91-635-000-000,Усть-Джегутинский муниципальный район,муниципальный район,,1,,г Усть-Джегута,data-20180110-structure-20150128.csv,2018,9999,204,,,9,Карачаево-Черкесская Республика,44.085896099999999,41.972255699999998
Хабезский,91-640-000-000,Хабезский муниципальный район,муниципальный район,,1,,аул Хабез,data-20180110-structure-20150128.csv,2018,9999,205,,,9,Карачаево-Черкесская Республика,44.046109399999999,41.7695948
Петрозаводский,86-701-000-000,городской округ Петрозаводский,городской округ,административный_центр_субъекта,2,86-636-000-000,г Петрозаводск,data-20180110-structure-20150128.csv,2018,9999,206,,,10,Республика Карелия,61.7900426,34.390006999999997
Костомукшский,86-706-000-000,городской округ Костомукшский,городской округ,,1,,г Костомукша,data-20180110-structure-20150128.csv,2018,9999,207,,,10,Республика Карелия,64.587301299999993,30.596907600000002
Беломорский,86-604-000-000,Беломорский муниципальный район,муниципальный район,,1,,г Беломорск,data-20180110-structure-20150128.csv,2018,2024,208,,,10,Республика Карелия,64.521668399999996,34.762583499999998
Калевальский,86-609-000-000,Калевальский муниципальный район,муниципальный район,,1,,пгт Калевала,data-20180110-structure-20150128.csv,2018,9999,209,,,10,Республика Карелия,65.200096000000002,31.180171999999999
Кемский,86-612-000-000,Кемский муниципальный район,муниципальный район,,1,,г Кемь,data-20180110-structure-20150128.csv,2018,9999,210,,,10,Республика Карелия,64.9550895,34.5697446
Кондопожский,86-615-000-000,Кондопожский муниципальный район,муниципальный район,,1,,г Кондопога,data-20180110-structure-20150128.csv,2018,9999,211,,,10,Республика Карелия,62.209290000000003,34.268185000000003
Лахденпохский,86-618-000-000,Лахденпохский муниципальный район,муниципальный район,,1,,г Лахденпохья,data-20180110-structure-20150128.csv,2018,9999,212,,,10,Республика Карелия,61.517926500000002,30.203892700000001
Лоухский,86-621-000-000,Лоухский муниципальный район,муниципальный район,,1,,пгт Лоухи,data-20180110-structure-20150128.csv,2018,9999,213,,,10,Республика Карелия,66.07512539999999,33.040018576540007
Медвежьегорский,86-624-000-000,Медвежьегорский муниципальный район,муниципальный район,,1,,г Медвежьегорск,data-20180110-structure-20150128.csv,2018,9999,214,,,10,Республика Карелия,62.915024000000003,34.473339000000003
Муезерский,86-627-000-000,Муезерский муниципальный район,муниципальный район,,1,,пгт Муезерский,data-20180110-structure-20150128.csv,2018,9999,215,,,10,Республика Карелия,63.959644599999997,31.994722800000002
Олонецкий,86-630-000-000,Олонецкий муниципальный район,муниципальный район,,1,,г Олонец,data-20180110-structure-20150128.csv,2018,9999,216,,,10,Республика Карелия,60.979275999999999,32.974937599999997
Питкярантский,86-633-000-000,Питкярантский муниципальный район,муниципальный район,,1,,г Питкяранта,data-20180110-structure-20150128.csv,2018,2024,217,,,10,Республика Карелия,61.574602650000003,31.479621638933811
Прионежский,86-636-000-000,Прионежский муниципальный район,муниципальный район,,3,86-701-000-000,г Петрозаводск,data-20180110-structure-20150128.csv,2018,9999,218,,,10,Республика Карелия,61.7900426,34.390006999999997
Пряжинский,86-639-000-000,Пряжинский муниципальный район,муниципальный район,,1,,пгт Пряжа,data-20180110-structure-20150128.csv,2018,9999,219,,,10,Республика Карелия,61.6932537,33.622410799999997
Пудожский,86-642-000-000,Пудожский муниципальный район,муниципальный район,,1,,г Пудож,data-20180110-structure-20150128.csv,2018,9999,220,,,10,Республика Карелия,61.808433999999998,36.536045000000001
Сегежский,86-645-000-000,Сегежский муниципальный район,муниципальный район,,1,,г Сегежа,data-20180110-structure-20150128.csv,2018,2024,221,,,10,Республика Карелия,63.7435087,34.310686799999999
Сортавальский,86-610-000-000,Сортавальский муниципальный район,муниципальный район,,1,,г Сортавала,data-20180110-structure-20150128.csv,2018,9999,222,,,10,Республика Карелия,61.702739999999999,30.691230999999998
Суоярвский,86-650-000-000,Суоярвский муниципальный район,муниципальный район,,1,,г Суоярви,data-20180110-structure-20150128.csv,2018,2023,223,,,10,Республика Карелия,62.082009399999997,32.345855999999998
Сыктывкар,87-701-000-000,городской округ Сыктывкар,городской округ,административный_центр_субъекта,1,,г Сыктывкар,data-20180110-structure-20150128.csv,2018,9999,224,,,11,Республика Коми,61.668523700000001,50.8352024
Воркута,87-710-000-000,городской округ Воркута,городской округ,,1,,г Воркута,data-20180110-structure-20150128.csv,2018,9999,225,,,11,Республика Коми,67.503566199999995,64.062702799999997
Вуктыл,87-712-000-000,городской округ Вуктыл,городской округ,,1,,г Вуктыл,data-20180110-structure-20150128.csv,2018,2024,226,,,11,Республика Коми,63.844337000000003,57.300170999999999
Инта,87-715-000-000,городской округ Инта,городской округ,,1,,г Инта,data-20180110-structure-20150128.csv,2018,9999,227,,,11,Республика Коми,66.040149799999995,60.131363100000002
Усинск,87-723-000-000,городской округ Усинск,городской округ,,1,,г Усинск,data-20180110-structure-20150128.csv,2018,2024,228,,,11,Республика Коми,65.994423699999999,57.557086099999999
Ухта,87-725-000-000,городской округ Ухта,городской округ,,1,,г Ухта,data-20180110-structure-20150128.csv,2018,9999,229,,,11,Республика Коми,63.562379700000001,53.684237600000003
Ижемский,87-604-000-000,Ижемский муниципальный район,муниципальный район,,1,,с Ижма,data-20180110-structure-20150128.csv,2018,9999,230,,,11,Республика Коми,65.032490600000003,53.972457710170119
Княжпогостский,87-608-000-000,Княжпогостский муниципальный район,муниципальный район,,1,,г Емва,data-20180110-structure-20150128.csv,2018,9999,231,,,11,Республика Коми,62.598329499999998,50.888087300000002
Койгородский,87-612-000-000,Койгородский муниципальный район,муниципальный район,,1,,с Койгородок,data-20180110-structure-20150128.csv,2018,9999,232,,,11,Республика Коми,60.441257,51.006999999999998
Корткеросский,87-616-000-000,Корткеросский муниципальный район,муниципальный район,,1,,с Корткерос,data-20180110-structure-20150128.csv,2018,9999,233,,,11,Республика Коми,61.813079899999998,51.5744647
Печора,87-620-000-000,муниципальный район Печора,муниципальный район,,1,,г Печора,data-20180110-structure-20150128.csv,2018,9999,234,,,11,Республика Коми,65.114286199999995,57.160739999999997
Прилузский,87-624-000-000,Прилузский муниципальный район,муниципальный район,,1,,с Объячево,data-20180110-structure-20150128.csv,2018,9999,235,,,11,Республика Коми,60.334034000000003,49.618274999999997
Сосногорск,87-626-000-000,муниципальный район Сосногорск,муниципальный район,,1,,г Сосногорск,data-20180110-structure-20150128.csv,2018,9999,236,,,11,Республика Коми,63.589529800000001,53.930554600000001
Сыктывдинский,87-628-000-000,Сыктывдинский муниципальный район,муниципальный район,,1,,с Выльгорт,data-20180110-structure-20150128.csv,2018,9999,237,,,11,Республика Коми,61.627003000000002,50.768478000000002
Сысольский,87-632-000-000,Сысольский муниципальный район,муниципальный район,,1,,с Визинга,data-20180110-structure-20150128.csv,2018,9999,238,,,11,Республика Коми,61.076214,50.084496000000001
Троицко-Печорский,87-636-000-000,Троицко-Печорский муниципальный район,муниципальный район,,1,,пгт Троицко-Печорск,data-20180110-structure-20150128.csv,2018,9999,239,,,11,Республика Коми,62.714461999999997,56.185378999999998
Удорский,87-640-000-000,Удорский муниципальный район,муниципальный район,,1,,с Кослан,data-20180110-structure-20150128.csv,2018,9999,240,,,11,Республика Коми,63.456226000000001,48.894210999999999
Усть-Вымский,87-644-000-000,Усть-Вымский муниципальный район,муниципальный район,,1,,с Айкино,data-20180110-structure-20150128.csv,2018,9999,241,,,11,Республика Коми,62.224482999999999,49.992412999999999
Усть-Куломский,87-648-000-000,Усть-Куломский муниципальный район,муниципальный район,,1,,с Усть-Кулом,data-20180110-structure-20150128.csv,2018,9999,242,,,11,Республика Коми,61.684792000000002,53.689861000000001
Усть-Цилемский,87-652-000-000,Усть-Цилемский муниципальный район,муниципальный район,,1,,с Усть-Цильма,data-20180110-structure-20150128.csv,2018,9999,243,,,11,Республика Коми,65.436235449999998,52.200892535345503
Симферополь,35-701-000-000,городской округ Симферополь,городской округ,административный_центр_субъекта,2,35-647-000-000,г Симферополь,data-20180110-structure-20150128.csv,2018,9999,244,,,91,Республика Крым,44.952145899999998,34.102485799999997
Алушта,35-703-000-000,городской округ Алушта,городской округ,,1,,г Алушта,data-20180110-structure-20150128.csv,2018,9999,245,,,91,Республика Крым,44.677112000000001,34.409539299999999
Армянск,35-706-000-000,городской округ Армянск,городской округ,,1,,г Армянск,data-20180110-structure-20150128.csv,2018,9999,246,,,91,Республика Крым,46.113261000000001,33.690409099999997
Джанкой,35-709-000-000,городской округ Джанкой,городской округ,,2,35-611-000-000,г Джанкой,data-20180110-structure-20150128.csv,2018,9999,247,,,91,Республика Крым,45.711974599999998,34.392739400000004
Евпатория,35-712-000-000,городской округ Евпатория,городской округ,,1,,г Евпатория,data-20180110-structure-20150128.csv,2018,9999,248,,,91,Республика Крым,45.190763500000003,33.367904899999999
Керчь,35-715-000-000,городской округ Керчь,городской округ,,1,,г Керчь,data-20180110-structure-20150128.csv,2018,9999,249,,,91,Республика Крым,45.353400200000003,36.453864500000002
Красноперекопск,35-718-000-000,городской округ Красноперекопск,городской округ,,2,35-623-000-000,г Красноперекопск,data-20180110-structure-20150128.csv,2018,9999,250,,,91,Республика Крым,45.956840399999997,33.797490699999997
Саки,35-721-000-000,городской округ Саки,городской округ,,2,35-643-000-000,г Саки,data-20180110-structure-20150128.csv,2018,9999,251,,,91,Республика Крым,45.144946699999998,33.5982178
Судак,35-723-000-000,городской округ Судак,городской округ,,1,,г Судак,data-20180110-structure-20150128.csv,2018,9999,252,,,91,Республика Крым,44.848836900000002,34.971099000000002
Феодосия,35-726-000-000,городской округ Феодосия,городской округ,,1,,г Феодосия,data-20180110-structure-20150128.csv,2018,9999,253,,,91,Республика Крым,45.033669000000003,35.375362799999998
Ялта,35-729-000-000,городской округ Ялта,городской округ,,1,,г Ялта,data-20180110-structure-20150128.csv,2018,9999,254,,,91,Республика Крым,44.497071300000002,34.158687100000002
Бахчисарайский,35-604-000-000,Бахчисарайский муниципальный район,муниципальный район,,1,,г Бахчисарай,data-20180110-structure-20150128.csv,2018,9999,255,,,91,Республика Крым,44.739145299999997,33.885027556897597
Белогорский,35-607-000-000,Белогорский муниципальный район,муниципальный район,,1,,г Белогорск,data-20180110-structure-20150128.csv,2018,9999,256,,,91,Республика Крым,45.0454097,34.598640150000001
Джанкойский,35-611-000-000,Джанкойский муниципальный район,муниципальный район,,3,35-709-000-000,г Джанкой,data-20180110-structure-20150128.csv,2018,9999,257,,,91,Республика Крым,45.711974599999998,34.392739400000004
Кировский,35-616-000-000,Кировский муниципальный район,муниципальный район,,1,,пгт Кировское,data-20180110-structure-20150128.csv,2018,9999,258,,,91,Республика Крым,45.230648700000003,35.201075000000003
Красногвардейский,35-620-000-000,Красногвардейский муниципальный район,муниципальный район,,1,,пгт Красногвардейское,data-20180110-structure-20150128.csv,2018,9999,259,,,91,Республика Крым,45.490706250000002,34.303042786484767
Красноперекопский,35-623-000-000,Красноперекопский муниципальный район,муниципальный район,,3,35-718-000-000,г Красноперекопск,data-20180110-structure-20150128.csv,2018,9999,260,,,91,Республика Крым,45.956840399999997,33.797490699999997
Ленинский,35-627-000-000,Ленинский муниципальный район,муниципальный район,,1,,пгт Ленино,data-20180110-structure-20150128.csv,2018,9999,261,,,91,Республика Крым,45.297283999999998,35.775898499999997
Нижнегорский,35-631-000-000,Нижнегорский муниципальный район,муниципальный район,,1,,пгт Нижнегорский,data-20180110-structure-20150128.csv,2018,9999,262,,,91,Республика Крым,45.442333300000001,34.738530099999998
Первомайский,35-635-000-000,Первомайский муниципальный район,муниципальный район,,1,,пгт Первомайское,data-20180110-structure-20150128.csv,2018,9999,263,,,91,Республика Крым,45.719976099999997,33.864440578882899
Раздольненский,35-639-000-000,Раздольненский муниципальный район,муниципальный район,,1,,пгт Раздольное,data-20180110-structure-20150128.csv,2018,9999,264,,,91,Республика Крым,45.770690049999999,33.49064604426453
Сакский,35-643-000-000,Сакский муниципальный район,муниципальный район,,3,35-721-000-000,г Саки,data-20180110-structure-20150128.csv,2018,9999,265,,,91,Республика Крым,45.144946699999998,33.5982178
Симферопольский,35-647-000-000,Симферопольский муниципальный район,муниципальный район,,3,35-701-000-000,г Симферополь,data-20180110-structure-20150128.csv,2018,9999,266,,,91,Республика Крым,44.952145899999998,34.102485799999997
Советский,35-652-000-000,Советский муниципальный район,муниципальный район,,1,,пгт Советский,data-20180110-structure-20150128.csv,2018,9999,267,,,91,Республика Крым,45.350593250000003,34.947126985997912
Черноморский,35-656-000-000,Черноморский муниципальный район,муниципальный район,,1,,пгт Черноморское,data-20180110-structure-20150128.csv,2018,9999,268,,,91,Республика Крым,45.506113749999997,32.683080407139776
Йошкар-Ола,88-701-000-000,городской округ город Йошкар-Ола,городской округ,административный_центр_субъекта,1,,г Йошкар-Ола,data-20180110-structure-20150128.csv,2018,9999,269,,,12,Республика Марий Эл,56.632699600000002,47.897584700000003
Волжск,88-705-000-000,городской округ город Волжск,городской округ,,2,88-604-000-000,г Волжск,data-20180110-structure-20150128.csv,2018,9999,270,,,12,Республика Марий Эл,55.8636579,48.361859799999998
Козьмодемьянск,88-715-000-000,городской округ город Козьмодемьянск,городской округ,,2,88-608-000-000,г Козьмодемьянск,data-20180110-structure-20150128.csv,2018,9999,271,,,12,Республика Марий Эл,56.332434599999999,46.546285500000003
Волжский,88-604-000-000,Волжский муниципальный район,муниципальный район,,3,88-705-000-000,г Волжск,data-20180110-structure-20150128.csv,2018,9999,272,,,12,Республика Марий Эл,55.8636579,48.361859799999998
Горномарийский,88-608-000-000,Горномарийский муниципальный район,муниципальный район,,3,88-715-000-000,г Козьмодемьянск,data-20180110-structure-20150128.csv,2018,9999,273,,,12,Республика Марий Эл,56.332434599999999,46.546285500000003
Звениговский,88-612-000-000,Звениговский муниципальный район,муниципальный район,,1,,г Звенигово,data-20180110-structure-20150128.csv,2018,9999,274,,,12,Республика Марий Эл,55.971823899999997,48.016105000000003
Килемарский,88-616-000-000,Килемарский муниципальный район,муниципальный район,,1,,пгт Килемары,data-20180110-structure-20150128.csv,2018,9999,275,,,12,Республика Марий Эл,56.7767366,46.859489400000001
Куженерский,88-620-000-000,Куженерский муниципальный район,муниципальный район,,1,,пгт Куженер,data-20180110-structure-20150128.csv,2018,9999,276,,,12,Республика Марий Эл,56.811432799999999,48.916761399999999
Мари-Турекский,88-624-000-000,Мари-Турекский муниципальный район,муниципальный район,,1,,пгт Мари-Турек,data-20180110-structure-20150128.csv,2018,9999,277,,,12,Республика Марий Эл,56.7877954,49.620356600000001
Медведевский,88-628-000-000,Медведевский муниципальный район,муниципальный район,,1,,пгт Медведево,data-20180110-structure-20150128.csv,2018,9999,278,,,12,Республика Марий Эл,56.633242600000003,47.803023699999997
Моркинский,88-632-000-000,Моркинский муниципальный район,муниципальный район,,1,,пгт Морки,data-20180110-structure-20150128.csv,2018,9999,279,,,12,Республика Марий Эл,56.4302572,48.998050800000001
Новоторъяльский,88-636-000-000,Новоторъяльский муниципальный район,муниципальный район,,1,,пгт Новый Торъял,data-20180110-structure-20150128.csv,2018,9999,280,,,12,Республика Марий Эл,57.0032906,48.740331500000003
Оршанский,88-640-000-000,Оршанский муниципальный район,муниципальный район,,1,,пгт Оршанка,data-20180110-structure-20150128.csv,2018,9999,281,,,12,Республика Марий Эл,56.9154239,47.8944568
Параньгинский,88-644-000-000,Параньгинский муниципальный район,муниципальный район,,1,,пгт Параньга,data-20180110-structure-20150128.csv,2018,9999,282,,,12,Республика Марий Эл,56.705278499999999,49.3933921
Сернурский,88-648-000-000,Сернурский муниципальный район,муниципальный район,,1,,пгт Сернур,data-20180110-structure-20150128.csv,2018,9999,283,,,12,Республика Марий Эл,56.934761700000003,49.146916300000001
Советский,88-652-000-000,Советский муниципальный район,муниципальный район,,1,,пгт Советский,data-20180110-structure-20150128.csv,2018,9999,284,,,12,Республика Марий Эл,56.762982100000002,48.474291999999998
Юринский,88-656-000-000,Юринский муниципальный район,муниципальный район,,1,,пгт Юрино,data-20180110-structure-20150128.csv,2018,9999,285,,,12,Республика Марий Эл,56.290349999999997,46.291918000000003
Саранск,89-701-000-000,городской округ Саранск,городской округ,административный_центр_субъекта,1,,г Саранск,data-20180110-structure-20150128.csv,2018,9999,286,,,13,Республика Мордовия,54.186709999999998,45.18383
Ардатовский,89-603-000-000,Ардатовский муниципальный район,муниципальный район,,1,,г Ардатов,data-20180110-structure-20150128.csv,2018,9999,287,,,13,Республика Мордовия,54.8443349,46.239320042882397
Атюрьевский,89-605-000-000,Атюрьевский муниципальный район,муниципальный район,,1,,с Атюрьево,data-20180110-structure-20150128.csv,2018,9999,288,,,13,Республика Мордовия,54.321151899999997,43.3363522
Атяшевский,89-607-000-000,Атяшевский муниципальный район,муниципальный район,,1,,рп Атяшево,data-20180110-structure-20150128.csv,2018,9999,289,,,13,Республика Мордовия,54.579190699999998,46.075760695233953
Большеберезниковский,89-610-000-000,Большеберезниковский муниципальный район,муниципальный район,,1,,с Большие Березники,data-20180110-structure-20150128.csv,2018,9999,290,,,13,Республика Мордовия,54.171913000000004,45.966282
Большеигнатовский,89-613-000-000,Большеигнатовский муниципальный район,муниципальный район,,1,,с Большое Игнатово,data-20180110-structure-20150128.csv,2018,9999,291,,,13,Республика Мордовия,55.019762800000002,45.574424
Дубенский,89-616-000-000,Дубенский муниципальный район,муниципальный район,,1,,с Дубенки,data-20180110-structure-20150128.csv,2018,9999,292,,,13,Республика Мордовия,54.437652999999997,46.2980698
Ельниковский,89-618-000-000,Ельниковский муниципальный район,муниципальный район,,1,,с Ельники,data-20180110-structure-20150128.csv,2018,9999,293,,,13,Республика Мордовия,54.620688999999999,43.875976999999999
Зубово-Полянский,89-621-000-000,Зубово-Полянский муниципальный район,муниципальный район,,1,,рп Зубова Поляна,data-20180110-structure-20150128.csv,2018,9999,294,,,13,Республика Мордовия,54.079963999999997,42.837425000000003
Инсарский,89-624-000-000,Инсарский муниципальный район,муниципальный район,,1,,г Инсар,data-20180110-structure-20150128.csv,2018,9999,295,,,13,Республика Мордовия,53.867741000000002,44.371406999999998
Ичалковский,89-626-000-000,Ичалковский муниципальный район,муниципальный район,,1,,с Кемля,data-20180110-structure-20150128.csv,2018,9999,296,,,13,Республика Мордовия,54.694167999999998,45.243855000000003
Кадошкинский,89-628-000-000,Кадошкинский муниципальный район,муниципальный район,,1,,рп Кадошкино,data-20180110-structure-20150128.csv,2018,9999,297,,,13,Республика Мордовия,54.030755249999999,44.421327448059287
Ковылкинский,89-629-000-000,Ковылкинский муниципальный район,муниципальный район,,1,,г Ковылкино,data-20180110-structure-20150128.csv,2018,9999,298,,,13,Республика Мордовия,54.034557100000001,43.906626179209283
Кочкуровский,89-631-000-000,Кочкуровский муниципальный район,муниципальный район,,1,,с Кочкурово,data-20180110-structure-20150128.csv,2018,9999,299,,,13,Республика Мордовия,54.031413999999998,45.434708000000001
Краснослободский,89-634-000-000,Краснослободский муниципальный район,муниципальный район,,1,,г Краснослободск,data-20180110-structure-20150128.csv,2018,9999,300,,,13,Республика Мордовия,54.417210650000001,43.787770386834879
Лямбирский,89-637-000-000,Лямбирский муниципальный район,муниципальный район,,1,,с Лямбирь,data-20180110-structure-20150128.csv,2018,9999,301,,,13,Республика Мордовия,54.282845500000001,45.122640699999998
Ромодановский,89-640-000-000,Ромодановский муниципальный район,муниципальный район,,1,,п Ромоданово,data-20180110-structure-20150128.csv,2018,9999,302,,,13,Республика Мордовия,54.420921,45.334122000000001
Рузаевский,89-643-000-000,Рузаевский муниципальный район,муниципальный район,,1,,г Рузаевка,data-20180110-structure-20150128.csv,2018,9999,303,,,13,Республика Мордовия,54.058734999999999,44.954391000000001
Старошайговский,89-646-000-000,Старошайговский муниципальный район,муниципальный район,,1,,с Старое Шайгово,data-20180110-structure-20150128.csv,2018,9999,304,,,13,Республика Мордовия,54.304256000000002,44.463557999999999
Темниковский,89-649-000-000,Темниковский муниципальный район,муниципальный район,,1,,г Темников,data-20180110-structure-20150128.csv,2018,9999,305,,,13,Республика Мордовия,54.634232699999998,43.215119355499567
Теньгушевский,89-651-000-000,Теньгушевский муниципальный район,муниципальный район,,1,,с Теньгушево,data-20180110-structure-20150128.csv,2018,9999,306,,,13,Республика Мордовия,54.767166000000003,42.714210999999999
Торбеевский,89-654-000-000,Торбеевский муниципальный район,муниципальный район,,1,,рп Торбеево,data-20180110-structure-20150128.csv,2018,9999,307,,,13,Республика Мордовия,54.074531999999998,43.245144000000003
Чамзинский,89-657-000-000,Чамзинский муниципальный район,муниципальный район,,1,,рп Чамзинка,data-20180110-structure-20150128.csv,2018,9999,308,,,13,Республика Мордовия,54.407947999999998,45.784022999999998
Якутск,98-701-000-000,городской округ город Якутск,городской округ,административный_центр_субъекта,1,,г Якутск,data-20180110-structure-20150128.csv,2018,9999,309,,,14,Республика Саха (Якутия),62.0279259,129.740571750415
Жатай,98-702-000-000,городской округ Жатай,городской округ,,1,,п Жатай,data-20180110-structure-20150128.csv,2018,9999,310,,,14,Республика Саха (Якутия),62.164104000000002,129.843109
Абыйский,98-601-000-000,Абыйский муниципальный район,муниципальный район,,1,,п Белая Гора,data-20180110-structure-20150128.csv,2018,9999,311,,,14,Республика Саха (Якутия),68.537009999999995,146.187286
Алданский,98-603-000-000,Алданский муниципальный район,муниципальный район,,1,,г Алдан,data-20180110-structure-20150128.csv,2018,9999,312,,,14,Республика Саха (Якутия),58.615584749999996,125.3960842109866
Аллаиховский,98-606-000-000,Аллаиховский муниципальный район,муниципальный район,,1,,п Чокурдах,data-20180110-structure-20150128.csv,2018,9999,313,,,14,Республика Саха (Якутия),70.619382400000006,147.90239700000001
Амгинский,98-608-000-000,Амгинский муниципальный район,муниципальный район,,1,,с Амга,data-20180110-structure-20150128.csv,2018,9999,314,,,14,Республика Саха (Якутия),60.894218000000002,131.97998000000001
Анабарский,98-610-000-000,Анабарский национальный (долгано-эвенкийский) муниципальный район,муниципальный район,,1,,с Саскылах,data-20180110-structure-20150128.csv,2018,9999,315,,,14,Республика Саха (Якутия),71.964953300000005,114.09394330000001
Булунский,98-612-000-000,Булунский муниципальный район,муниципальный район,,1,,п Тикси,data-20180110-structure-20150128.csv,2018,9999,316,,,14,Республика Саха (Якутия),71.636604000000005,128.86854600000001
Верхневилюйский,98-614-000-000,Верхневилюйский муниципальный район,муниципальный район,,1,,с Верхневилюйск,data-20180110-structure-20150128.csv,2018,9999,317,,,14,Республика Саха (Якутия),63.449760900000001,120.3146678
Верхнеколымский,98-615-000-000,Верхнеколымский муниципальный район,муниципальный район,,1,,п Зырянка,data-20180110-structure-20150128.csv,2018,9999,318,,,14,Республика Саха (Якутия),65.733597000000003,150.893326
Верхоянский,98-616-000-000,Верхоянский муниципальный район,муниципальный район,,1,,п Батагай,data-20180110-structure-20150128.csv,2018,9999,319,,,14,Республика Саха (Якутия),67.654906999999994,134.63507100000001
Вилюйский,98-618-000-000,Вилюйский муниципальный район,муниципальный район,,1,,г Вилюйск,data-20180110-structure-20150128.csv,2018,9999,320,,,14,Республика Саха (Якутия),63.754081999999997,121.626549
Горный,98-620-000-000,Горный муниципальный район,муниципальный район,,1,,с Бердигестях,data-20180110-structure-20150128.csv,2018,9999,321,,,14,Республика Саха (Якутия),62.098289000000001,126.699837
Жиганский,98-622-000-000,Жиганский муниципальный район,муниципальный район,,1,,с Жиганск,data-20180110-structure-20150128.csv,2018,9999,322,,,14,Республика Саха (Якутия),66.765640000000005,123.3741
Кобяйский,98-624-000-000,Кобяйский муниципальный район,муниципальный район,,1,,п Сангар,data-20180110-structure-20150128.csv,2018,9999,323,,,14,Республика Саха (Якутия),63.923617999999998,127.466759
Нюрбинский,98-626-000-000,Нюрбинский муниципальный район,муниципальный район,,1,,г Нюрба,data-20180110-structure-20150128.csv,2018,9999,324,,,14,Республика Саха (Якутия),63.286648,118.35414900000001
Ленский,98-627-000-000,Ленский муниципальный район,муниципальный район,,1,,г Ленск,data-20180110-structure-20150128.csv,2018,9999,325,,,14,Республика Саха (Якутия),60.714548800000003,114.9172123
Мегино-Кангаласский,98-629-000-000,Мегино-Кангаласский муниципальный район,муниципальный район,,1,,п Нижний Бестях,data-20180110-structure-20150128.csv,2018,9999,326,,,14,Республика Саха (Якутия),61.957065999999998,129.91134600000001
Мирнинский,98-631-000-000,Мирнинский муниципальный район,муниципальный район,,1,,г Мирный,data-20180110-structure-20150128.csv,2018,9999,327,,,14,Республика Саха (Якутия),62.541077000000001,113.978584
Момский,98-633-000-000,Момский муниципальный район,муниципальный район,,1,,с Хонуу,data-20180110-structure-20150128.csv,2018,9999,328,,,14,Республика Саха (Якутия),66.455612000000002,143.223007
Намский,98-635-000-000,Намский муниципальный район,муниципальный район,,1,,с Намцы,data-20180110-structure-20150128.csv,2018,9999,329,,,14,Республика Саха (Якутия),62.718226999999999,129.66424599999999
Нерюнгринский,98-660-000-000,Нерюнгринский муниципальный район,муниципальный район,,1,,г Нерюнгри,data-20180110-structure-20150128.csv,2018,9999,330,,,14,Республика Саха (Якутия),56.657943500000002,124.71230420000001
Нижнеколымский,98-637-000-000,Нижнеколымский муниципальный район,муниципальный район,,1,,п Черский,data-20180110-structure-20150128.csv,2018,9999,331,,,14,Республика Саха (Якутия),68.742721799999998,161.33244351843061
Оймяконский,98-639-000-000,Оймяконский муниципальный район,муниципальный район,,1,,п Усть-Нера,data-20180110-structure-20150128.csv,2018,9999,332,,,14,Республика Саха (Якутия),64.566376000000005,143.23783900000001
Олекминский,98-641-000-000,Олекминский муниципальный район,муниципальный район,,1,,г Олёкминск,data-20180110-structure-20150128.csv,2018,9999,333,,,14,Республика Саха (Якутия),60.3729364,120.403496
Оленекский,98-642-000-000,Оленекский эвенкийский национальный муниципальный район,муниципальный район,,1,,с Оленёк,data-20180426-structure-20150128.csv,2018,9999,334,,,14,Республика Саха (Якутия),68.505272000000005,112.450287
Среднеколымский,98-646-000-000,Среднеколымский муниципальный район,муниципальный район,,1,,г Среднеколымск,data-20180110-structure-20150128.csv,2018,9999,335,,,14,Республика Саха (Якутия),67.455496999999994,153.70714559999999
Сунтарский,98-648-000-000,Сунтарский муниципальный район,муниципальный район,,1,,с Сунтар,data-20180110-structure-20150128.csv,2018,9999,336,,,14,Республика Саха (Якутия),62.157454999999999,117.646332
Таттинский,98-604-000-000,Таттинский муниципальный район,муниципальный район,,1,,с Ытык-Кюёль,data-20180110-structure-20150128.csv,2018,9999,337,,,14,Республика Саха (Якутия),62.360934999999998,133.563309
Томпонский,98-650-000-000,Томпонский муниципальный район,муниципальный район,,1,,п Хандыга,data-20180110-structure-20150128.csv,2018,9999,338,,,14,Республика Саха (Якутия),62.647793900000003,135.5750942
Усть-Алданский,98-652-000-000,Усть-Алданский муниципальный район,муниципальный район,,1,,с Борогонцы,data-20180110-structure-20150128.csv,2018,9999,339,,,14,Республика Саха (Якутия),62.672261900000002,131.17950315214651
Усть-Майский,98-654-000-000,Усть-Майский муниципальный район,муниципальный район,,1,,п Усть-Мая,data-20180110-structure-20150128.csv,2018,9999,340,,,14,Республика Саха (Якутия),60.416438999999997,134.53649899999999
Усть-Янский,98-656-000-000,Усть-Янский муниципальный район,муниципальный район,,1,,п Депутатский,data-20180110-structure-20150128.csv,2018,9999,341,,,14,Республика Саха (Якутия),69.339649399999999,139.94686350000001
Хангаласский,98-644-000-000,Хангаласский муниципальный район,муниципальный район,,1,,г Покровск,data-20180110-structure-20150128.csv,2018,9999,342,,,14,Республика Саха (Якутия),61.483269999999997,129.1540617
Чурапчинский,98-658-000-000,Чурапчинский муниципальный район,муниципальный район,,1,,с Чурапча,data-20180110-structure-20150128.csv,2018,9999,343,,,14,Республика Саха (Якутия),61.999668,132.42520099999999
Эвено-Бытантайский,98-659-000-000,Эвено-Бытантайский национальный муниципальный район,муниципальный район,,1,,с Батагай-Алыта,data-20180110-structure-20150128.csv,2018,9999,344,,,14,Республика Саха (Якутия),67.799362000000002,130.40322900000001
Владикавказ,90-701-000-000,городской округ город Владикавказ,городской округ,административный_центр_субъекта,1,,г Владикавказ,data-20180110-structure-20150128.csv,2018,9999,345,,,15,Республика Северная Осетия — Алания,43.024593000000003,44.682110000000002
Алагирский,90-605-000-000,Алагирский муниципальный район,муниципальный район,,1,,г Алагир,data-20180110-structure-20150128.csv,2018,9999,346,,,15,Республика Северная Осетия — Алания,43.018619000000001,44.2261205
Ардонский,90-610-000-000,Ардонский муниципальный район,муниципальный район,,1,,г Ардон,data-20180110-structure-20150128.csv,2018,9999,347,,,15,Республика Северная Осетия — Алания,43.1739502,44.275237500000003
Дигорский,90-615-000-000,Дигорский муниципальный район,муниципальный район,,1,,г Дигора,data-20180110-structure-20150128.csv,2018,9999,348,,,15,Республика Северная Осетия — Алания,43.1591223,44.158126699999997
Ирафский,90-620-000-000,Ирафский муниципальный район,муниципальный район,,1,,с Чикола,data-20180110-structure-20150128.csv,2018,9999,349,,,15,Республика Северная Осетия — Алания,43.198138999999998,43.923298000000003
Кировский,90-625-000-000,Кировский муниципальный район,муниципальный район,,1,,с Эльхотово,data-20180110-structure-20150128.csv,2018,9999,350,,,15,Республика Северная Осетия — Алания,43.344177999999999,44.201134000000003
Моздокский,90-630-000-000,Моздокский муниципальный район,муниципальный район,,1,,г Моздок,data-20180110-structure-20150128.csv,2018,9999,351,,,15,Республика Северная Осетия — Алания,43.735584000000003,44.653613999999997
Правобережный,90-635-000-000,Правобережный муниципальный район,муниципальный район,,1,,г Беслан,data-20180110-structure-20150128.csv,2018,9999,352,,,15,Республика Северная Осетия — Алания,43.187557200000001,44.537568899999997
Пригородный,90-640-000-000,Пригородный муниципальный район,муниципальный район,,1,,с Октябрьское,data-20180110-structure-20150128.csv,2018,9999,353,,,15,Республика Северная Осетия — Алания,43.055016000000002,44.746845
Казань,92-701-000-000,городской округ город Казань,городской округ,административный_центр_субъекта,1,,г Казань,data-20180110-structure-20150128.csv,2018,9999,354,,,16,Республика Татарстан,55.782354699999999,49.1242266
Набережные Челны,92-730-000-000,городской округ город Набережные Челны,городской округ,,2,92-657-000-000,г Набережные Челны,data-20180110-structure-20150128.csv,2018,9999,355,,,16,Республика Татарстан,55.741977400000003,52.399206999999997
Агрызский,92-601-000-000,Агрызский муниципальный район,муниципальный район,,1,,г Агрыз,data-20180110-structure-20150128.csv,2018,9999,356,,,16,Республика Татарстан,56.525516000000003,52.997164300000001
Азнакаевский,92-602-000-000,Азнакаевский муниципальный район,муниципальный район,,1,,г Азнакаево,data-20180110-structure-20150128.csv,2018,9999,357,,,16,Республика Татарстан,54.862955499999998,53.079227500000002
Аксубаевский,92-604-000-000,Аксубаевский муниципальный район,муниципальный район,,1,,пгт Аксубаево,data-20180110-structure-20150128.csv,2018,9999,358,,,16,Республика Татарстан,54.846350999999999,50.8055345
Актанышский,92-605-000-000,Актанышский муниципальный район,муниципальный район,,1,,с Актаныш,data-20180110-structure-20150128.csv,2018,9999,359,,,16,Республика Татарстан,55.7221799,54.057727200000002
Алексеевский,92-606-000-000,Алексеевский муниципальный район,муниципальный район,,1,,пгт Алексеевское,data-20180110-structure-20150128.csv,2018,9999,360,,,16,Республика Татарстан,55.304964900000002,50.112903899999999
Алькеевский,92-607-000-000,Алькеевский муниципальный район,муниципальный район,,1,,с Базарные Матаки,data-20180110-structure-20150128.csv,2018,9999,361,,,16,Республика Татарстан,54.903484499999998,49.927548799999997
Альметьевский,92-608-000-000,Альметьевский муниципальный район,муниципальный район,,1,,г Альметьевск,data-20180110-structure-20150128.csv,2018,9999,362,,,16,Республика Татарстан,54.900500800000003,52.296377700000001
Апастовский,92-610-000-000,Апастовский муниципальный район,муниципальный район,,1,,пгт Апастово,data-20180110-structure-20150128.csv,2018,9999,363,,,16,Республика Татарстан,55.202671700000003,48.506861200000003
Арский,92-612-000-000,Арский муниципальный район,муниципальный район,,1,,г Арск,data-20180110-structure-20150128.csv,2018,9999,364,,,16,Республика Татарстан,56.090991600000002,49.8771828
Атнинский,92-613-000-000,Атнинский муниципальный район,муниципальный район,,1,,с Большая Атня,data-20180110-structure-20150128.csv,2018,9999,365,,,16,Республика Татарстан,56.250304700000001,49.453400299999998
Бавлинский,92-614-000-000,Бавлинский муниципальный район,муниципальный район,,1,,г Бавлы,data-20180110-structure-20150128.csv,2018,9999,366,,,16,Республика Татарстан,54.403106899999997,53.235636700000001
Балтасинский,92-615-000-000,Балтасинский муниципальный район,муниципальный район,,1,,пгт Балтаси,data-20180110-structure-20150128.csv,2018,9999,367,,,16,Республика Татарстан,56.344622999999999,50.2114172
Бугульминский,92-617-000-000,Бугульминский муниципальный район,муниципальный район,,1,,г Бугульма,data-20180110-structure-20150128.csv,2018,9999,368,,,16,Республика Татарстан,54.538415200000003,52.795595300000002
Буинский,92-618-000-000,Буинский муниципальный район,муниципальный район,,1,,г Буинск,data-20180110-structure-20150128.csv,2018,9999,369,,,16,Республика Татарстан,54.972365600000003,48.292683400000001
Верхнеуслонский,92-620-000-000,Верхнеуслонский муниципальный район,муниципальный район,,1,,с Верхний Услон,data-20180110-structure-20150128.csv,2018,9999,370,,,16,Республика Татарстан,55.7685496,48.982921300000001
Высокогорский,92-622-000-000,Высокогорский муниципальный район,муниципальный район,,1,,п ж/д ст Высокая Гора,data-20180110-structure-20150128.csv,2018,9999,371,,,16,Республика Татарстан,55.910181399999999,49.307204800000001
Дрожжановский,92-624-000-000,Дрожжановский муниципальный район,муниципальный район,,1,,с Старое Дрожжаное,data-20180110-structure-20150128.csv,2018,9999,372,,,16,Республика Татарстан,54.724982699999998,47.564539699999997
Елабужский,92-626-000-000,Елабужский муниципальный район,муниципальный район,,1,,г Елабуга,data-20180110-structure-20150128.csv,2018,9999,373,,,16,Республика Татарстан,55.757713099999997,52.053993800000001
Заинский,92-627-000-000,Заинский муниципальный район,муниципальный район,,1,,г Заинск,data-20180110-structure-20150128.csv,2018,9999,374,,,16,Республика Татарстан,55.286650899999998,52.005604699999999
Зеленодольский,92-628-000-000,Зеленодольский муниципальный район,муниципальный район,,1,,г Зеленодольск,data-20180110-structure-20150128.csv,2018,9999,375,,,16,Республика Татарстан,55.858662699999996,48.557465900610552
Кайбицкий,92-629-000-000,Кайбицкий муниципальный район,муниципальный район,,1,,с Большие Кайбицы,data-20180110-structure-20150128.csv,2018,9999,376,,,16,Республика Татарстан,55.406165799999997,48.193579999999997
Камско-Устьинский,92-630-000-000,Камско-Устьинский муниципальный район,муниципальный район,,1,,пгт Камское Устье,data-20180110-structure-20150128.csv,2018,9999,377,,,16,Республика Татарстан,55.201562899999999,49.268008199999997
Кукморский,92-633-000-000,Кукморский муниципальный район,муниципальный район,,1,,пгт Кукмор,data-20180110-structure-20150128.csv,2018,9999,378,,,16,Республика Татарстан,56.186531799999997,50.8972087
Лаишевский,92-634-000-000,Лаишевский муниципальный район,муниципальный район,,1,,г Лаишево,data-20180110-structure-20150128.csv,2018,9999,379,,,16,Республика Татарстан,55.405139699999999,49.555692532308861
Лениногорский,92-636-000-000,Лениногорский муниципальный район,муниципальный район,,1,,г Лениногорск,data-20180110-structure-20150128.csv,2018,9999,380,,,16,Республика Татарстан,54.599432399999998,52.446909900000001
Мамадышский,92-638-000-000,Мамадышский муниципальный район,муниципальный район,,1,,г Мамадыш,data-20180110-structure-20150128.csv,2018,9999,381,,,16,Республика Татарстан,55.7090757,51.408903199999997
Менделеевский,92-639-000-000,Менделеевский муниципальный район,муниципальный район,,1,,г Менделеевск,data-20180110-structure-20150128.csv,2018,9999,382,,,16,Республика Татарстан,55.887870599999999,52.308442999999997
Мензелинский,92-640-000-000,Мензелинский муниципальный район,муниципальный район,,1,,г Мензелинск,data-20180110-structure-20150128.csv,2018,9999,383,,,16,Республика Татарстан,55.725558499999998,53.107181500000003
Муслюмовский,92-642-000-000,Муслюмовский муниципальный район,муниципальный район,,1,,с Муслюмово,data-20180110-structure-20150128.csv,2018,9999,384,,,16,Республика Татарстан,55.304120900000001,53.197533100000001
Нижнекамский,92-644-000-000,Нижнекамский муниципальный район,муниципальный район,,1,,г Нижнекамск,data-20180110-structure-20150128.csv,2018,9999,385,,,16,Республика Татарстан,55.641287900000002,51.816037600000001
Новошешминский,92-645-000-000,Новошешминский муниципальный район,муниципальный район,,1,,с Новошешминск,data-20180110-structure-20150128.csv,2018,9999,386,,,16,Республика Татарстан,55.061644700000002,51.224884000000003
Нурлатский,92-646-000-000,Нурлатский муниципальный район,муниципальный район,,1,,г Нурлат,data-20180110-structure-20150128.csv,2018,9999,387,,,16,Республика Татарстан,54.429735100000002,50.801957899999998
Пестречинский,92-648-000-000,Пестречинский муниципальный район,муниципальный район,,1,,с Пестрецы,data-20180110-structure-20150128.csv,2018,9999,388,,,16,Республика Татарстан,55.750211100000001,49.657091299999998
Рыбно-Слободский,92-650-000-000,Рыбно-Слободский муниципальный район,муниципальный район,,1,,пгт Рыбная Слобода,data-20180110-structure-20150128.csv,2018,9999,389,,,16,Республика Татарстан,55.464421199999997,50.140620499999997
Сабинский,92-652-000-000,Сабинский муниципальный район,муниципальный район,,1,,пгт Богатые Сабы,data-20180110-structure-20150128.csv,2018,9999,390,,,16,Республика Татарстан,56.010623199999998,50.446780199999999
Сармановский,92-653-000-000,Сармановский муниципальный район,муниципальный район,,1,,с Сарманово,data-20180110-structure-20150128.csv,2018,9999,391,,,16,Республика Татарстан,55.260751300000003,52.577677383491952
Спасский,92-632-000-000,Спасский муниципальный район,муниципальный район,,1,,г Болгар,data-20180110-structure-20150128.csv,2018,9999,392,,,16,Республика Татарстан,54.974743699999998,49.030207500000003
Тетюшский,92-655-000-000,Тетюшский муниципальный район,муниципальный район,,1,,г Тетюши,data-20180110-structure-20150128.csv,2018,9999,393,,,16,Республика Татарстан,54.934275399999997,48.8319574
Тукаевский,92-657-000-000,Тукаевский муниципальный район,муниципальный район,,3,92-730-000-000,г Набережные Челны,data-20180110-structure-20150128.csv,2018,9999,394,,,16,Республика Татарстан,55.741977400000003,52.399206999999997
Тюлячинский,92-656-000-000,Тюлячинский муниципальный район,муниципальный район,,1,,с Тюлячи,data-20180110-structure-20150128.csv,2018,9999,395,,,16,Республика Татарстан,55.891884599999997,50.233498500000003
Черемшанский,92-658-000-000,Черемшанский муниципальный район,муниципальный район,,1,,с Черемшан,data-20180110-structure-20150128.csv,2018,9999,396,,,16,Республика Татарстан,54.661101299999999,51.505322300000003
Чистопольский,92-659-000-000,Чистопольский муниципальный район,муниципальный район,,1,,г Чистополь,data-20180110-structure-20150128.csv,2018,9999,397,,,16,Республика Татарстан,55.371483099999999,50.636731099999999
Ютазинский,92-654-000-000,Ютазинский муниципальный район,муниципальный район,,1,,пгт Уруссу,data-20180110-structure-20150128.csv,2018,9999,398,,,16,Республика Татарстан,54.599332400000002,53.466325900000001
Кызыл,93-701-000-000,городской округ город Кызыл,городской округ,административный_центр_субъекта,1,,г Кызыл,data-20180110-structure-20150128.csv,2018,9999,399,,,17,Республика Тыва,51.719079000000001,94.430067899999997
Ак-Довурак,93-703-000-000,городской округ город Ак-Довурак,городской округ,,1,,г Ак-Довурак,data-20180110-structure-20150128.csv,2018,9999,400,,,17,Республика Тыва,51.179181849999999,90.601961418345923
Бай-Тайгинский,93-605-000-000,Бай-Тайгинский муниципальный район,муниципальный район,,1,,с Тээли,data-20180110-structure-20150128.csv,2018,9999,401,,,17,Республика Тыва,51.011095400000002,90.2043058
Барун-Хемчикский,93-610-000-000,Барун-Хемчикский муниципальный район,муниципальный район,,1,,с Кызыл-Мажалык,data-20180110-structure-20150128.csv,2018,9999,402,,,17,Республика Тыва,51.145461099999999,90.581480299999996
Дзун-Хемчикский,93-615-000-000,Дзун-Хемчикский муниципальный район,муниципальный район,,1,,г Чадан,data-20180110-structure-20150128.csv,2018,9999,403,,,17,Республика Тыва,51.284038500000001,91.566670099999996
Каа-Хемский,93-620-000-000,Каа-Хемский муниципальный район,муниципальный район,,1,,с Сарыг-Сеп,data-20180110-structure-20150128.csv,2018,9999,404,,,17,Республика Тыва,51.492626000000001,95.554681000000002
Кызылский,93-622-000-000,Кызылский муниципальный район,муниципальный район,,1,,пгт Каа-Хем,data-20180110-structure-20150128.csv,2018,9999,405,,,17,Республика Тыва,51.696541000000003,94.563721000000001
Монгун-Тайгинский,93-625-000-000,Монгун-Тайгинский муниципальный район,муниципальный район,,1,,с Мугур-Аксы,data-20180110-structure-20150128.csv,2018,9999,406,,,17,Республика Тыва,50.380003500000001,90.441721000000001
Овюрский,93-630-000-000,Овюрский муниципальный район,муниципальный район,,1,,с Хандагайты,data-20180110-structure-20150128.csv,2018,9999,407,,,17,Республика Тыва,50.733074500000001,92.072645100000003
Пий-Хемский,93-635-000-000,Пий-Хемский муниципальный район,муниципальный район,,1,,г Туран,data-20180110-structure-20150128.csv,2018,9999,408,,,17,Республика Тыва,52.145809300000003,93.918643399999993
Сут-Хольский,93-638-000-000,Сут-Хольский муниципальный район,муниципальный район,,1,,с Суг-Аксы,data-20180110-structure-20150128.csv,2018,9999,409,,,17,Республика Тыва,51.402248,91.278785999999997
Тандинский,93-640-000-000,Тандинский муниципальный район,муниципальный район,,1,,с Бай-Хаак,data-20180110-structure-20150128.csv,2018,9999,410,,,17,Республика Тыва,51.160103100000001,94.465199100000007
Тере-Хольский,93-643-000-000,Тере-Хольский муниципальный район,муниципальный район,,1,,с Кунгуртуг,data-20180110-structure-20150128.csv,2018,9999,411,,,17,Республика Тыва,50.5986817,97.525438600000001
Тес-Хемский,93-645-000-000,Тес-Хемский муниципальный район,муниципальный район,,1,,с Самагалтай,data-20180110-structure-20150128.csv,2018,9999,412,,,17,Республика Тыва,50.599957099999997,95.001846
Тоджинский,93-650-000-000,Тоджинский муниципальный район,муниципальный район,,1,,с Тоора-Хем,data-20180110-structure-20150128.csv,2018,9999,413,,,17,Республика Тыва,52.467923200000001,96.117896000000002
Улуг-Хемский,93-654-000-000,Улуг-Хемский муниципальный район,муниципальный район,,1,,г Шагонар,data-20180110-structure-20150128.csv,2018,9999,414,,,17,Республика Тыва,51.538721000000002,92.919407399999997
Чаа-Хольский,93-656-000-000,Чаа-Хольский муниципальный район,муниципальный район,,1,,с Чаа-Холь,data-20180110-structure-20150128.csv,2018,9999,415,,,17,Республика Тыва,51.514131499999998,92.334858600000004
Чеди-Хольский,93-657-000-000,Чеди-Хольский муниципальный район,муниципальный район,,1,,с Хову-Аксы,data-20180110-structure-20150128.csv,2018,9999,416,,,17,Республика Тыва,51.131943,93.715744000000001
Эрзинский,93-658-000-000,Эрзинский муниципальный район,муниципальный район,,1,,с Эрзин,data-20180110-structure-20150128.csv,2018,9999,417,,,17,Республика Тыва,50.288141600000003,95.122182600000002
Ижевск,94-701-000-000,городской округ город Ижевск,городской округ,административный_центр_субъекта,1,,г Ижевск,data-20180110-structure-20150128.csv,2018,9999,418,,,18,Удмуртская Республика,56.860517450000003,53.197730742455313
Воткинск,94-710-000-000,городской округ город Воткинск,городской округ,,2,94-608-000-000;94-508-000-000,г Воткинск,data-20180110-structure-20150128.csv,2018,9999,419,,,18,Удмуртская Республика,57.030962649999999,53.952909871495507
Глазов,94-720-000-000,городской округ город Глазов,городской округ,,2,94-610-000-000;94-510-000-000,г Глазов,data-20180110-structure-20150128.csv,2018,9999,420,,,18,Удмуртская Республика,58.140119599999998,52.646438799999999
Можга,94-730-000-000,городской округ город Можга,городской округ,,2,94-635-000-000;94-535-000-000,г Можга,data-20180110-structure-20150128.csv,2018,9999,421,,,18,Удмуртская Республика,56.44903635,52.218594744003283
Сарапул,94-740-000-000,городской округ город Сарапул,городской округ,,1,,г Сарапул,data-20180110-structure-20150128.csv,2018,9999,422,,,18,Удмуртская Республика,56.481155200000003,53.782692709252608
Алнашский,94-602-000-000,Алнашский муниципальный район,муниципальный район,,1,,с Алнаши,data-20180110-structure-20150128.csv,2018,2022,423,,,18,Удмуртская Республика,56.1848812,52.475530900000003
Балезинский,94-604-000-000,Балезинский муниципальный район,муниципальный район,,1,,п Балезино,data-20180110-structure-20150128.csv,2018,2022,424,,,18,Удмуртская Республика,57.974568599999998,53.011189100000003
Вавожский,94-606-000-000,Вавожский муниципальный район,муниципальный район,,1,,с Вавож,data-20180110-structure-20150128.csv,2018,2022,425,,,18,Удмуртская Республика,56.767612900000003,51.9313766
Воткинский,94-608-000-000,Воткинский муниципальный район,муниципальный район,,3,94-710-000-000,г Воткинск,data-20180110-structure-20150128.csv,2018,2022,426,,,18,Удмуртская Республика,57.030962649999999,53.952909871495507
Глазовский,94-610-000-000,Глазовский муниципальный район,муниципальный район,,3,94-720-000-000,г Глазов,data-20180110-structure-20150128.csv,2018,2022,427,,,18,Удмуртская Республика,58.140119599999998,52.646438799999999
Граховский,94-612-000-000,Граховский муниципальный район,муниципальный район,,1,,с Грахово,data-20180110-structure-20150128.csv,2018,2022,428,,,18,Удмуртская Республика,56.0468999,51.9629501
Дебёсский,94-614-000-000,Дебёсский муниципальный район,муниципальный район,,1,,с Дебёсы,data-20180110-structure-20150128.csv,2018,2022,429,,,18,Удмуртская Республика,57.652351000000003,53.806393
Завьяловский,94-616-000-000,Завьяловский муниципальный район,муниципальный район,,1,,с Завьялово,data-20180110-structure-20150128.csv,2018,2022,430,,,18,Удмуртская Республика,56.784661999999997,53.3776005
Игринский,94-618-000-000,Игринский муниципальный район,муниципальный район,,1,,п Игра,data-20180110-structure-20150128.csv,2018,2022,431,,,18,Удмуртская Республика,57.539150100000001,53.080851899999999
Камбарский,94-620-000-000,Камбарский муниципальный район,муниципальный район,,1,,г Камбарка,data-20180110-structure-20150128.csv,2018,2022,432,,,18,Удмуртская Республика,56.265251499999998,54.194561299999997
Каракулинский,94-622-000-000,Каракулинский муниципальный район,муниципальный район,,1,,с Каракулино,data-20180110-structure-20150128.csv,2018,2022,433,,,18,Удмуртская Республика,56.010523200000002,53.705165000000001
Кезский,94-624-000-000,Кезский муниципальный район,муниципальный район,,1,,п Кез,data-20180110-structure-20150128.csv,2018,2022,434,,,18,Удмуртская Республика,57.896557299999998,53.714013399999999
Кизнерский,94-626-000-000,Кизнерский муниципальный район,муниципальный район,,1,,п Кизнер,data-20180110-structure-20150128.csv,2018,2022,435,,,18,Удмуртская Республика,56.285025500000003,51.519262599999998
Киясовский,94-628-000-000,Киясовский муниципальный район,муниципальный район,,1,,с Киясово,data-20180110-structure-20150128.csv,2018,2022,436,,,18,Удмуртская Республика,56.343880400000003,53.124752600000001
Красногорский,94-630-000-000,Красногорский муниципальный район,муниципальный район,,1,,с Красногорское,data-20180110-structure-20150128.csv,2018,2022,437,,,18,Удмуртская Республика,57.703724999999999,52.501840999999999
Малопургинский,94-633-000-000,Малопургинский муниципальный район,муниципальный район,,1,,с Малая Пурга,data-20180110-structure-20150128.csv,2018,2022,438,,,18,Удмуртская Республика,56.549545500000001,53.005508499999998
Можгинский,94-635-000-000,Можгинский муниципальный район,муниципальный район,,3,94-730-000-000,г Можга,data-20180110-structure-20150128.csv,2018,2022,439,,,18,Удмуртская Республика,56.44903635,52.218594744003283
Сарапульский,94-637-000-000,Сарапульский муниципальный район,муниципальный район,,1,,с Сигаево,data-20180110-structure-20150128.csv,2018,2022,440,,,18,Удмуртская Республика,56.421605800000002,53.775369599999998
Селтинский,94-639-000-000,Селтинский муниципальный район,муниципальный район,,1,,с Селты,data-20180110-structure-20150128.csv,2018,2022,441,,,18,Удмуртская Республика,57.3094964,52.138146800000001
Сюмсинский,94-641-000-000,Сюмсинский муниципальный район,муниципальный район,,1,,с Сюмси,data-20180110-structure-20150128.csv,2018,2022,442,,,18,Удмуртская Республика,57.108137800000002,51.614731599999999
Увинский,94-644-000-000,Увинский муниципальный район,муниципальный район,,1,,п Ува,data-20180110-structure-20150128.csv,2018,2022,443,,,18,Удмуртская Республика,56.9826616,52.1884394
Шарканский,94-646-000-000,Шарканский муниципальный район,муниципальный район,,1,,с Шаркан,data-20180110-structure-20150128.csv,2018,2022,444,,,18,Удмуртская Республика,57.295315000000002,53.869011
Юкаменский,94-648-000-000,Юкаменский муниципальный район,муниципальный район,,1,,с Юкаменское,data-20180110-structure-20150128.csv,2018,2022,445,,,18,Удмуртская Республика,57.886576099999999,52.247309799999996
Якшур-Бодьинский,94-650-000-000,Якшур-Бодьинский муниципальный район,муниципальный район,,1,,с Якшур-Бодья,data-20180110-structure-20150128.csv,2018,2022,446,,,18,Удмуртская Республика,57.184248400000001,53.154484699999998
Ярский,94-652-000-000,Ярский муниципальный район,муниципальный район,,1,,п Яр,data-20180110-structure-20150128.csv,2018,2022,447,,,18,Удмуртская Республика,58.244242399999997,52.107932599999998
Абакан,95-701-000-000,городской округ город Абакан,городской округ,административный_центр_субъекта,1,,г Абакан,data-20180110-structure-20150128.csv,2018,9999,448,,,19,Республика Хакасия,53.720680000000002,91.440601900000004
Абаза,95-702-000-000,городской округ город Абаза,городской округ,,1,,г Абаза,data-20180110-structure-20150128.csv,2018,9999,449,,,19,Республика Хакасия,52.651054600000002,90.101158999999996
Саяногорск,95-708-000-000,городской округ город Саяногорск,городской округ,,1,,г Саяногорск,data-20180110-structure-20150128.csv,2018,9999,450,,,19,Республика Хакасия,53.089901500000003,91.412837699999997
Сорск,95-709-000-000,городской округ город Сорск,городской округ,,1,,г Сорск,data-20180110-structure-20150128.csv,2018,9999,451,,,19,Республика Хакасия,54.001609199999997,90.252586100000002
Черногорск,95-715-000-000,городской округ город Черногорск,городской округ,,1,,г Черногорск,data-20180110-structure-20150128.csv,2018,9999,452,,,19,Республика Хакасия,53.828235999999997,91.313209999999998
Алтайский,95-605-000-000,Алтайский муниципальный район,муниципальный район,,1,,с Белый Яр,data-20180110-structure-20150128.csv,2018,9999,453,,,19,Республика Хакасия,53.596435999999997,91.382362000000001
Аскизский,95-608-000-000,Аскизский муниципальный район,муниципальный район,,1,,с Аскиз,data-20180110-structure-20150128.csv,2018,9999,454,,,19,Республика Хакасия,53.132581199999997,90.530043500000005
Бейский,95-612-000-000,Бейский муниципальный район,муниципальный район,,1,,с Бея,data-20180110-structure-20150128.csv,2018,9999,455,,,19,Республика Хакасия,53.046245999999996,90.921988999999996
Боградский,95-615-000-000,Боградский муниципальный район,муниципальный район,,1,,с Боград,data-20180110-structure-20150128.csv,2018,9999,456,,,19,Республика Хакасия,54.218060000000001,90.856026
Орджоникидзевский,95-620-000-000,Орджоникидзевский муниципальный район,муниципальный район,,1,,п Копьёво,data-20180110-structure-20150128.csv,2018,9999,457,,,19,Республика Хакасия,55.035609999999998,89.847221000000005
Таштыпский,95-625-000-000,Таштыпский муниципальный район,муниципальный район,,1,,с Таштып,data-20180110-structure-20150128.csv,2018,9999,458,,,19,Республика Хакасия,52.788064900000002,89.595457999999994
Усть-Абаканский,95-630-000-000,Усть-Абаканский муниципальный район,муниципальный район,,1,,рп Усть-Абакан,data-20180110-structure-20150128.csv,2018,9999,459,,,19,Республика Хакасия,53.832661399999999,91.393803800000001
Ширинский,95-635-000-000,Ширинский муниципальный район,муниципальный район,,1,,с Шира,data-20180110-structure-20150128.csv,2018,9999,460,,,19,Республика Хакасия,54.487639999999999,89.962890999999999
Грозный,96-701-000-000,городской округ город Грозный,городской округ,административный_центр_субъекта,2,96-607-000-000,г Грозный,data-20180110-structure-20150128.csv,2018,9999,461,,,20,Чеченская Республика,43.319703099999998,45.693430800000002
Аргун,96-702-000-000,городской округ город Аргун,городской округ,,1,,г Аргун,data-20180110-structure-20150128.csv,2018,9999,462,,,20,Чеченская Республика,43.295045500000001,45.8688918
Ачхой-Мартановский,96-602-000-000,Ачхой-Мартановский муниципальный район,муниципальный район,,1,,с Ачхой-Мартан,data-20180110-structure-20150128.csv,2018,9999,463,,,20,Чеченская Республика,43.192625200000002,45.287929099999999
Веденский,96-604-000-000,Веденский муниципальный район,муниципальный район,,1,,с Ведено,data-20180110-structure-20150128.csv,2018,9999,464,,,20,Чеченская Республика,42.968518400000001,46.098714800000003
Грозненский,96-607-000-000,Грозненский муниципальный район,муниципальный район,,3,96-701-000-000,г Грозный,data-20180110-structure-20150128.csv,2018,9999,465,,,20,Чеченская Республика,43.319703099999998,45.693430800000002
Гудермесский,96-610-000-000,Гудермесский муниципальный район,муниципальный район,,1,,г Гудермес,data-20180110-structure-20150128.csv,2018,9999,466,,,20,Чеченская Республика,43.35696145,46.100786361902593
Итум-Калинский,96-611-000-000,Итум-Калинский муниципальный район,муниципальный район,,1,,с Итум-Кали,data-20180110-structure-20150128.csv,2018,9999,467,,,20,Чеченская Республика,42.734993000000003,45.576996000000001
Курчалоевский,96-612-000-000,Курчалоевский муниципальный район,муниципальный район,,1,,с Курчалой,data-20180110-structure-20150128.csv,2018,9999,468,,,20,Чеченская Республика,43.200049999999997,46.090786000000001
Надтеречный,96-616-000-000,Надтеречный муниципальный район,муниципальный район,,1,,с Знаменское,data-20180110-structure-20150128.csv,2018,9999,469,,,20,Чеченская Республика,43.677269000000003,45.128799000000001
Наурский,96-622-000-000,Наурский муниципальный район,муниципальный район,,1,,ст-ца Наурская,data-20180110-structure-20150128.csv,2018,9999,470,,,20,Чеченская Республика,43.650588999999997,45.311900999999999
Ножай-Юртовский,96-625-000-000,Ножай-Юртовский муниципальный район,муниципальный район,,1,,с Ножай-Юрт,data-20180110-structure-20150128.csv,2018,9999,471,,,20,Чеченская Республика,43.0945581,46.379867699999998
Шатойский,96-628-000-000,Шатойский муниципальный район,муниципальный район,,1,,с Шатой,data-20180110-structure-20150128.csv,2018,9999,472,,,20,Чеченская Республика,42.872710099999999,45.689561584647819
Сунженский,96-631-000-000,Сунженский муниципальный район,муниципальный район,,1,,с Серноводское,data-20180110-structure-20150128.csv,2018,2020,473,,,20,Чеченская Республика,43.315834000000002,45.163657999999998
Урус-Мартановский,96-634-000-000,Урус-Мартановский муниципальный район,муниципальный район,,1,,г Урус-Мартан,data-20180110-structure-20150128.csv,2018,9999,474,,,20,Чеченская Республика,43.133102000000001,45.538424999999997
Шалинский,96-637-000-000,Шалинский муниципальный район,муниципальный район,,1,,г Шали,data-20180110-structure-20150128.csv,2018,9999,475,,,20,Чеченская Республика,43.153942000000001,45.906578000000003
Шелковской,96-640-000-000,Шелковской муниципальный район,муниципальный район,,1,,ст-ца Шелковская,data-20180110-structure-20150128.csv,2018,9999,476,,,20,Чеченская Республика,43.506141999999997,46.333469000000001
Шаройский,96-691-000-000,Шаройский муниципальный район,муниципальный район,,1,,с Химой,data-20180110-structure-20150128.csv,2018,9999,477,,,20,Чеченская Республика,42.655330999999997,45.852561999999999
Чебоксары,97-701-000-000,городской округ город Чебоксары,городской округ,административный_центр_субъекта,1,,г Чебоксары,data-20180110-structure-20150128.csv,2018,9999,478,,,21,Чувашская Республика,56.130719499999998,47.244959700000003
Алатырь,97-704-000-000,городской округ город Алатырь,городской округ,,2,97-603-000-000;97-503-000-000,г Алатырь,data-20180110-structure-20150128.csv,2018,9999,479,,,21,Чувашская Республика,54.845829549999998,46.562748428457297
Канаш,97-707-000-000,городской округ город Канаш,городской округ,,2,97-616-000-000;97-516-000-000,г Канаш,data-20180110-structure-20150128.csv,2018,9999,480,,,21,Чувашская Республика,55.514816099999997,47.498630718890077
Новочебоксарск,97-710-000-000,городской округ город Новочебоксарск,городской округ,,1,,г Новочебоксарск,data-20180110-structure-20150128.csv,2018,9999,481,,,21,Чувашская Республика,56.114002300000003,47.487034100000002
Шумерля,97-713-000-000,городской округ город Шумерля,городской округ,,2,97-650-000-000;97-550-000-000,г Шумерля,data-20180110-structure-20150128.csv,2018,9999,482,,,21,Чувашская Республика,55.498516199999997,46.4186725
Алатырский,97-603-000-000,Алатырский муниципальный район,муниципальный район,,3,97-704-000-000,г Алатырь,data-20180110-structure-20150128.csv,2018,2023,483,,,21,Чувашская Республика,54.845829549999998,46.562748428457297
Аликовский,97-605-000-000,Аликовский муниципальный район,муниципальный район,,1,,с Аликово,data-20180110-structure-20150128.csv,2018,2023,484,,,21,Чувашская Республика,55.739375699999997,46.746533499999998
Батыревский,97-607-000-000,Батыревский муниципальный район,муниципальный район,,1,,с Батырево,data-20180110-structure-20150128.csv,2018,2023,485,,,21,Чувашская Республика,55.068155900000001,47.6042007
Вурнарский,97-610-000-000,Вурнарский муниципальный район,муниципальный район,,1,,пгт Вурнары,data-20180110-structure-20150128.csv,2018,2023,486,,,21,Чувашская Республика,55.491709499999999,46.952900300000003
Ибресинский,97-613-000-000,Ибресинский муниципальный район,муниципальный район,,1,,пгт Ибреси,data-20180110-structure-20150128.csv,2018,2023,487,,,21,Чувашская Республика,55.304300400000002,47.038911200000001
Канашский,97-616-000-000,Канашский муниципальный район,муниципальный район,,3,97-707-000-000,г Канаш,data-20180110-structure-20150128.csv,2018,2023,488,,,21,Чувашская Республика,55.514816099999997,47.498630718890077
Козловский,97-619-000-000,Козловский муниципальный район,муниципальный район,,1,,г Козловка,data-20180110-structure-20150128.csv,2018,2023,489,,,21,Чувашская Республика,55.841476399999998,48.248423099999997
Комсомольский,97-621-000-000,Комсомольский муниципальный район,муниципальный район,,1,,с Комсомольское,data-20180110-structure-20150128.csv,2018,2023,490,,,21,Чувашская Республика,55.2622657,47.545599899999999
Красноармейский,97-624-000-000,Красноармейский муниципальный район,муниципальный район,,1,,с Красноармейское,data-20180110-structure-20150128.csv,2018,2022,491,,,21,Чувашская Республика,55.767925200000001,47.168494199999998
Красночетайский,97-626-000-000,Красночетайский муниципальный район,муниципальный район,,1,,с Красные Четаи,data-20180110-structure-20150128.csv,2018,2023,492,,,21,Чувашская Республика,55.698822499999999,46.159370699999997
Мариинско-Посадский,97-629-000-000,Мариинско-Посадский муниципальный район,муниципальный район,,1,,г Мариинский Посад,data-20180110-structure-20150128.csv,2018,2023,493,,,21,Чувашская Республика,56.1178077,47.722065399999998
Моргаушский,97-632-000-000,Моргаушский муниципальный район,муниципальный район,,1,,с Моргауши,data-20180110-structure-20150128.csv,2018,2023,494,,,21,Чувашская Республика,55.964211599999999,46.768777499999999
Порецкий,97-635-000-000,Порецкий муниципальный район,муниципальный район,,1,,с Порецкое,data-20180110-structure-20150128.csv,2018,2023,495,,,21,Чувашская Республика,55.1989448,46.3261836
Урмарский,97-638-000-000,Урмарский муниципальный район,муниципальный район,,1,,пгт Урмары,data-20180110-structure-20150128.csv,2018,2023,496,,,21,Чувашская Республика,55.680293399999996,47.944691300000002
Цивильский,97-641-000-000,Цивильский муниципальный район,муниципальный район,,1,,г Цивильск,data-20180110-structure-20150128.csv,2018,2023,497,,,21,Чувашская Республика,55.866107200000002,47.473703
Чебоксарский,97-644-000-000,Чебоксарский муниципальный район,муниципальный район,,1,,пгт Кугеси,data-20180110-structure-20150128.csv,2018,2023,498,,,21,Чувашская Республика,56.031550199999998,47.298795599999998
Шемуршинский,97-647-000-000,Шемуршинский муниципальный район,муниципальный район,,1,,с Шемурша,data-20180110-structure-20150128.csv,2018,2023,499,,,21,Чувашская Республика,54.885476099999998,47.516509999999997
Шумерлинский,97-650-000-000,Шумерлинский муниципальный район,муниципальный район,,3,97-713-000-000,г Шумерля,data-20180110-structure-20150128.csv,2018,2022,500,,,21,Чувашская Республика,55.498516199999997,46.4186725
Ядринский,97-653-000-000,Ядринский муниципальный район,муниципальный район,,1,,г Ядрин,data-20180110-structure-20150128.csv,2018,2023,501,,,21,Чувашская Республика,55.940797600000003,46.200658599999997
Яльчикский,97-655-000-000,Яльчикский муниципальный район,муниципальный район,,1,,с Яльчики,data-20180110-structure-20150128.csv,2018,2023,502,,,21,Чувашская Республика,55.162865799999999,48.003334000000002
Янтиковский,97-658-000-000,Янтиковский муниципальный район,муниципальный район,,1,,с Янтиково,data-20180110-structure-20150128.csv,2018,2023,503,,,21,Чувашская Республика,55.516373299999998,47.780588100000003
Барнаул,01-701-000-000,городской округ город Барнаул,городской округ,административный_центр_субъекта,1,,г Барнаул,data-20180110-structure-20150128.csv,2018,9999,504,,,22,Алтайский край,53.347549299999997,83.778844800000002
Алейск,01-703-000-000,городской округ город Алейск,городской округ,,2,01-601-000-000,г Алейск,data-20180110-structure-20150128.csv,2018,9999,505,,,22,Алтайский край,52.497035199999999,82.773231100000004
Белокуриха,01-704-000-000,городской округ город Белокуриха,городской округ,,1,,г Белокуриха,data-20180110-structure-20150128.csv,2018,9999,506,,,22,Алтайский край,51.9994856,84.986086099999994
Бийск,01-705-000-000,городской округ город Бийск,городской округ,,2,01-604-000-000,г Бийск,data-20180110-structure-20150128.csv,2018,9999,507,,,22,Алтайский край,52.539490499999999,85.214867299999995
Заринск,01-706-000-000,городской округ город Заринск,городской округ,,2,01-613-000-000,г Заринск,data-20180110-structure-20150128.csv,2018,9999,508,,,22,Алтайский край,53.707915,84.934860599999993
Новоалтайск,01-713-000-000,городской округ город Новоалтайск,городской округ,,2,01-632-000-000,г Новоалтайск,data-20180110-structure-20150128.csv,2018,9999,509,,,22,Алтайский край,53.393340999999999,83.939407000000003
Рубцовск,01-716-000-000,городской округ город Рубцовск,городской округ,,2,01-638-000-000,г Рубцовск,data-20180110-structure-20150128.csv,2018,9999,510,,,22,Алтайский край,51.527626400000003,81.217617399999995
Славгород,01-719-000-000,городской округ город Славгород,городской округ,,1,,г Славгород,data-20180110-structure-20150128.csv,2018,2023,511,,,22,Алтайский край,52.996892099999997,78.648504099999997
Яровое,01-730-000-000,городской округ город Яровое,городской округ,,1,,г Яровое,data-20180110-structure-20150128.csv,2018,9999,512,,,22,Алтайский край,52.919704000000003,78.563568000000004
Сибирский,01-755-000-000,городской округ ЗАТО Сибирский,городской округ,ЗАТО,1,,п Сибирский,data-20180110-structure-20150128.csv,2018,9999,513,,,22,Алтайский край,53.557068000000001,83.838425000000001
Алейский,01-601-000-000,Алейский муниципальный район,муниципальный район,,3,01-703-000-000,г Алейск,data-20180110-structure-20150128.csv,2018,9999,514,,,22,Алтайский край,52.497035199999999,82.773231100000004
Алтайский,01-602-000-000,Алтайский муниципальный район,муниципальный район,,1,,с Алтайское,data-20180110-structure-20150128.csv,2018,9999,515,,,22,Алтайский край,51.945144999999997,85.336746000000005
Баевский,01-603-000-000,Баевский муниципальный район,муниципальный район,,1,,с Баево,data-20180110-structure-20150128.csv,2018,9999,516,,,22,Алтайский край,53.268557100000002,80.779229999999998
Бийский,01-604-000-000,Бийский муниципальный район,муниципальный район,,3,01-705-000-000,г Бийск,data-20180110-structure-20150128.csv,2018,9999,517,,,22,Алтайский край,52.539490499999999,85.214867299999995
Благовещенский,01-605-000-000,Благовещенский муниципальный район,муниципальный район,,1,,рп Благовещенка,data-20180110-structure-20150128.csv,2018,9999,518,,,22,Алтайский край,52.830601999999999,79.870568300000002
Бурлинский,01-606-000-000,Бурлинский муниципальный район,муниципальный район,,1,,с Бурла,data-20180110-structure-20150128.csv,2018,9999,519,,,22,Алтайский край,53.3364288,78.330684199999993
Быстроистокский,01-607-000-000,Быстроистокский муниципальный район,муниципальный район,,1,,с Быстрый Исток,data-20180110-structure-20150128.csv,2018,9999,520,,,22,Алтайский край,52.374219099999998,84.393165800000006
Волчихинский,01-608-000-000,Волчихинский муниципальный район,муниципальный район,,1,,с Волчиха,data-20180110-structure-20150128.csv,2018,9999,521,,,22,Алтайский край,52.017335500000002,80.365084899999999
Егорьевский,01-609-000-000,Егорьевский муниципальный район,муниципальный район,,1,,с Новоегорьевское,data-20180110-structure-20150128.csv,2018,9999,522,,,22,Алтайский край,51.758929999999999,80.892516999999998
Ельцовский,01-610-000-000,Ельцовский муниципальный район,муниципальный район,,1,,с Ельцовка,data-20180110-structure-20150128.csv,2018,9999,523,,,22,Алтайский край,53.281942100000002,86.204491899999994
Завьяловский,01-611-000-000,Завьяловский муниципальный район,муниципальный район,,1,,с Завьялово,data-20180110-structure-20150128.csv,2018,9999,524,,,22,Алтайский край,52.8386675,80.919780000000003
Залесовский,01-612-000-000,Залесовский муниципальный район,муниципальный район,,1,,с Залесово,data-20180110-structure-20150128.csv,2018,2022,525,,,22,Алтайский край,53.993351199999999,84.7466139
Заринский,01-613-000-000,Заринский муниципальный район,муниципальный район,,3,01-706-000-000,г Заринск,data-20180110-structure-20150128.csv,2018,9999,526,,,22,Алтайский край,53.707915,84.934860599999993
Змеиногорский,01-614-000-000,Змеиногорский муниципальный район,муниципальный район,,1,,г Змеиногорск,data-20180110-structure-20150128.csv,2018,9999,527,,,22,Алтайский край,51.154465799999997,82.197992799999994
Калманский,01-615-000-000,Калманский муниципальный район,муниципальный район,,1,,с Калманка,data-20180110-structure-20150128.csv,2018,9999,528,,,22,Алтайский край,52.898239400000001,83.543813499999999
Каменский,01-616-000-000,Каменский муниципальный район,муниципальный район,,1,,г Камень-на-Оби,data-20180110-structure-20150128.csv,2018,9999,529,,,22,Алтайский край,53.79023085,81.315975340990718
Ключевский,01-617-000-000,Ключевский муниципальный район,муниципальный район,,1,,с Ключи,data-20180110-structure-20150128.csv,2018,9999,530,,,22,Алтайский край,52.253060499999997,79.167816400000007
Косихинский,01-618-000-000,Косихинский муниципальный район,муниципальный район,,1,,с Косиха,data-20180110-structure-20150128.csv,2018,9999,531,,,22,Алтайский край,53.361951699999999,84.579506800000004
Красногорский,01-619-000-000,Красногорский муниципальный район,муниципальный район,,1,,с Красногорское,data-20180110-structure-20150128.csv,2018,9999,532,,,22,Алтайский край,52.296340999999998,86.195273999999998
Краснощёковский,01-620-000-000,Краснощёковский муниципальный район,муниципальный район,,1,,с Краснощёково,data-20180110-structure-20150128.csv,2018,9999,533,,,22,Алтайский край,51.669356999999998,82.730652000000006
Крутихинский,01-621-000-000,Крутихинский муниципальный район,муниципальный район,,1,,с Крутиха,data-20180110-structure-20150128.csv,2018,9999,534,,,22,Алтайский край,53.961956800000003,81.214379399999999
Кулундинский,01-622-000-000,Кулундинский муниципальный район,муниципальный район,,1,,с Кулунда,data-20180110-structure-20150128.csv,2018,9999,535,,,22,Алтайский край,52.566558999999998,78.935447999999994
Курьинский,01-623-000-000,Курьинский муниципальный район,муниципальный район,,1,,с Курья,data-20180110-structure-20150128.csv,2018,9999,536,,,22,Алтайский край,51.600290200000003,82.288781400000005
Кытмановский,01-624-000-000,Кытмановский муниципальный район,муниципальный район,,1,,с Кытманово,data-20180110-structure-20150128.csv,2018,9999,537,,,22,Алтайский край,53.463696900000002,85.450275300000001
Локтевский,01-625-000-000,Локтевский муниципальный район,муниципальный район,,1,,г Горняк,data-20180110-structure-20150128.csv,2018,9999,538,,,22,Алтайский край,51.000464100000002,81.463858299999998
Мамонтовский,01-626-000-000,Мамонтовский муниципальный район,муниципальный район,,1,,с Мамонтово,data-20180110-structure-20150128.csv,2018,9999,539,,,22,Алтайский край,52.706700300000001,81.631290800000002
Михайловский,01-627-000-000,Михайловский муниципальный район,муниципальный район,,1,,с Михайловское,data-20180110-structure-20150128.csv,2018,9999,540,,,22,Алтайский край,51.821248599999997,79.719317599999997
Новичихинский,01-628-000-000,Новичихинский муниципальный район,муниципальный район,,1,,с Новичиха,data-20180110-structure-20150128.csv,2018,9999,541,,,22,Алтайский край,52.210328199999999,81.394041400000006
Зональный,01-629-000-000,Зональный муниципальный район,муниципальный район,,1,,с Зональное,data-20180110-structure-20150128.csv,2018,9999,542,,,22,Алтайский край,52.663998499999998,84.934735900000007
Павловский,01-630-000-000,Павловский муниципальный район,муниципальный район,,1,,с Павловск,data-20180110-structure-20150128.csv,2018,9999,543,,,22,Алтайский край,53.313335600000002,82.989911899999996
Панкрушихинский,01-631-000-000,Панкрушихинский муниципальный район,муниципальный район,,1,,с Панкрушиха,data-20180110-structure-20150128.csv,2018,9999,544,,,22,Алтайский край,53.832859999999997,80.344300000000004
Первомайский,01-632-000-000,Первомайский муниципальный район,муниципальный район,,3,01-713-000-000,г Новоалтайск,data-20180110-structure-20150128.csv,2018,9999,545,,,22,Алтайский край,53.393340999999999,83.939407000000003
Петропавловский,01-633-000-000,Петропавловский муниципальный район,муниципальный район,,1,,с Петропавловское,data-20180110-structure-20150128.csv,2018,9999,546,,,22,Алтайский край,52.069763000000002,84.108115999999995
Поспелихинский,01-634-000-000,Поспелихинский муниципальный район,муниципальный район,,1,,с Поспелиха,data-20180110-structure-20150128.csv,2018,9999,547,,,22,Алтайский край,51.970786099999998,81.733924400000006
Ребрихинский,01-635-000-000,Ребрихинский муниципальный район,муниципальный район,,1,,с Ребриха,data-20180110-structure-20150128.csv,2018,9999,548,,,22,Алтайский край,53.075280300000003,82.338217
Родинский,01-636-000-000,Родинский муниципальный район,муниципальный район,,1,,с Родино,data-20180110-structure-20150128.csv,2018,9999,549,,,22,Алтайский край,52.496135000000002,80.2104298
Романовский,01-637-000-000,Романовский муниципальный район,муниципальный район,,1,,с Романово,data-20180110-structure-20150128.csv,2018,9999,550,,,22,Алтайский край,52.618722900000002,81.226359000000002
Рубцовский,01-638-000-000,Рубцовский муниципальный район,муниципальный район,,3,01-716-000-000,г Рубцовск,data-20180110-structure-20150128.csv,2018,9999,551,,,22,Алтайский край,51.527626400000003,81.217617399999995
Смоленский,01-640-000-000,Смоленский муниципальный район,муниципальный район,,1,,с Смоленское,data-20180110-structure-20150128.csv,2018,9999,552,,,22,Алтайский край,52.305301999999998,85.079384000000005
Суетский,01-641-000-000,Суетский муниципальный район,муниципальный район,,1,,с Верх-Суетка,data-20180110-structure-20150128.csv,2018,2023,553,,,22,Алтайский край,53.302718499999997,80.0450874
Советский,01-642-000-000,Советский муниципальный район,муниципальный район,,1,,с Советское,data-20180110-structure-20150128.csv,2018,9999,554,,,22,Алтайский край,52.282603999999999,85.409721000000005
Солонешенский,01-643-000-000,Солонешенский муниципальный район,муниципальный район,,1,,с Солонешное,data-20180110-structure-20150128.csv,2018,9999,555,,,22,Алтайский край,51.655628,84.318352000000004
Солтонский,01-644-000-000,Солтонский муниципальный район,муниципальный район,,1,,с Солтон,data-20180110-structure-20150128.csv,2018,9999,556,,,22,Алтайский край,52.836551800000002,86.475638900000007
Шелаболихинский,01-645-000-000,Шелаболихинский муниципальный район,муниципальный район,,1,,с Шелаболиха,data-20180110-structure-20150128.csv,2018,9999,557,,,22,Алтайский край,53.417482300000003,82.597199399999994
Табунский,01-646-000-000,Табунский муниципальный район,муниципальный район,,1,,с Табуны,data-20180110-structure-20150128.csv,2018,9999,558,,,22,Алтайский край,52.774718499999999,78.790409699999998
Тальменский,01-647-000-000,Тальменский муниципальный район,муниципальный район,,1,,рп Тальменка,data-20180110-structure-20150128.csv,2018,9999,559,,,22,Алтайский край,53.817630600000001,83.562010999999998
Тогульский,01-648-000-000,Тогульский муниципальный район,муниципальный район,,1,,с Тогул,data-20180110-structure-20150128.csv,2018,9999,560,,,22,Алтайский край,53.465817700000002,85.913627300000002
Топчихинский,01-649-000-000,Топчихинский муниципальный район,муниципальный район,,1,,с Топчиха,data-20180110-structure-20150128.csv,2018,9999,561,,,22,Алтайский край,52.817566900000003,83.115342999999996
Третьяковский,01-650-000-000,Третьяковский муниципальный район,муниципальный район,,1,,с Староалейское,data-20180110-structure-20150128.csv,2018,9999,562,,,22,Алтайский край,51.006228999999998,81.999640999999997
Троицкий,01-651-000-000,Троицкий муниципальный район,муниципальный район,,1,,с Троицкое,data-20180110-structure-20150128.csv,2018,9999,563,,,22,Алтайский край,52.981388000000003,84.677627999999999
Тюменцевский,01-652-000-000,Тюменцевский муниципальный район,муниципальный район,,1,,с Тюменцево,data-20180110-structure-20150128.csv,2018,9999,564,,,22,Алтайский край,53.318951400000003,81.497958699999998
Угловский,01-653-000-000,Угловский муниципальный район,муниципальный район,,1,,с Угловское,data-20180110-structure-20150128.csv,2018,9999,565,,,22,Алтайский край,51.360809099999997,80.188386499999993
Усть-Калманский,01-654-000-000,Усть-Калманский муниципальный район,муниципальный район,,1,,с Усть-Калманка,data-20180110-structure-20150128.csv,2018,9999,566,,,22,Алтайский край,52.117137499999998,83.304779400000001
Усть-Пристанский,01-655-000-000,Усть-Пристанский муниципальный район,муниципальный район,,1,,с Усть-Чарышская Пристань,data-20180110-structure-20150128.csv,2018,9999,567,,,22,Алтайский край,52.391293900000001,83.668250999999998
Хабарский,01-656-000-000,Хабарский муниципальный район,муниципальный район,,1,,с Хабары,data-20180110-structure-20150128.csv,2018,9999,568,,,22,Алтайский край,53.623680100000001,79.540477699999997
Целинный,01-657-000-000,Целинный муниципальный район,муниципальный район,,1,,с Целинное,data-20180110-structure-20150128.csv,2018,9999,569,,,22,Алтайский край,53.080691700000003,85.6647246
Чарышский,01-658-000-000,Чарышский муниципальный район,муниципальный район,,1,,с Чарышское,data-20180110-structure-20150128.csv,2018,2023,570,,,22,Алтайский край,51.400848099999997,83.556989000000002
Шипуновский,01-659-000-000,Шипуновский муниципальный район,муниципальный район,,1,,с Шипуново,data-20180110-structure-20150128.csv,2018,9999,571,,,22,Алтайский край,52.218868000000001,82.261627000000004
Немецкий,01-660-000-000,Немецкий национальный муниципальный район,муниципальный район,,1,,с Гальбштадт,data-20180110-structure-20150128.csv,2018,9999,572,,,22,Алтайский край,53.226580200000001,78.986588299999994
Чита,76-701-000-000,городской округ город Чита,городской округ,административный_центр_субъекта,2,76-650-000-000,г Чита,data-20180110-structure-20150128.csv,2018,9999,573,,,75,Забайкальский край,52.033408999999999,113.500893
Петровск-Забайкальский,76-715-000-000,городской округ город Петровск-Забайкальский,городской округ,,2,76-636-000-000,г Петровск-Забайкальский,data-20180110-structure-20150128.csv,2018,9999,574,,,75,Забайкальский край,51.280626849999997,108.8386403192038
Горный,76-785-000-000,городской округ ЗАТО поселок Горный,городской округ,ЗАТО,1,,п Горный,data-20180110-structure-20150128.csv,2018,9999,575,,,75,Забайкальский край,51.554679999999998,113.033165
Акшинский,76-603-000-000,Акшинский муниципальный район,муниципальный район,,1,,с Акша,data-20180110-structure-20150128.csv,2018,9999,576,,,75,Забайкальский край,50.280814999999997,113.285149
Александрово-Заводский,76-604-000-000,Александрово-Заводский муниципальный район,муниципальный район,,1,,с Александровский Завод,data-20180110-structure-20150128.csv,2018,9999,577,,,75,Забайкальский край,50.923641000000003,117.93409699999999
Балейский,76-606-000-000,Балейский муниципальный район,муниципальный район,,1,,г Балей,data-20180110-structure-20150128.csv,2018,9999,578,,,75,Забайкальский край,51.578789,116.64604199999999
Борзинский,76-609-000-000,Борзинский муниципальный район,муниципальный район,,1,,г Борзя,data-20180110-structure-20150128.csv,2018,9999,579,,,75,Забайкальский край,50.385180800000001,116.5330685
Газимуро-Заводский,76-610-000-000,Газимуро-Заводский муниципальный район,муниципальный район,,1,,с Газимурский Завод,data-20180110-structure-20150128.csv,2018,2024,580,,,75,Забайкальский край,51.551116700000001,118.3349104
Забайкальский,76-612-000-000,Забайкальский муниципальный район,муниципальный район,,1,,пгт Забайкальск,data-20180110-structure-20150128.csv,2018,9999,581,,,75,Забайкальский край,49.644652999999998,117.329025
Каларский,76-615-000-000,Каларский муниципальный район,муниципальный район,,1,,с Чара,data-20180110-structure-20150128.csv,2018,2021,582,,,75,Забайкальский край,56.933596199999997,117.5617682
Калганский,76-618-000-000,Калганский муниципальный район,муниципальный район,,1,,с Калга,data-20180110-structure-20150128.csv,2018,2024,583,,,75,Забайкальский край,50.923549999999999,118.899208
Карымский,76-620-000-000,Карымский муниципальный район,муниципальный район,,1,,пгт Карымское,data-20180110-structure-20150128.csv,2018,9999,584,,,75,Забайкальский край,51.623401999999999,114.34063
Краснокаменск и Краснокаменский,76-621-000-000,муниципальный район Город Краснокаменск и Краснокаменский район,муниципальный район,,1,,г Краснокаменск,data-20180110-structure-20150128.csv,2018,9999,585,,,75,Забайкальский край,50.096992,118.041344
Красночикойский,76-622-000-000,Красночикойский муниципальный район,муниципальный район,,1,,с Красный Чикой,data-20180110-structure-20150128.csv,2018,9999,586,,,75,Забайкальский край,50.364742,108.75798
Кыринский,76-624-000-000,Кыринский муниципальный район,муниципальный район,,1,,с Кыра,data-20180110-structure-20150128.csv,2018,9999,587,,,75,Забайкальский край,49.578625000000002,111.971039
Могочинский,76-626-000-000,Могочинский муниципальный район,муниципальный район,,1,,г Могоча,data-20180110-structure-20150128.csv,2018,2024,588,,,75,Забайкальский край,53.736264200000001,119.76248529999999
Нерчинский,76-628-000-000,Нерчинский муниципальный район,муниципальный район,,1,,г Нерчинск,data-20180110-structure-20150128.csv,2018,9999,589,,,75,Забайкальский край,51.976939999999999,116.588341
Нерчинско-Заводский,76-630-000-000,Нерчинско-Заводский муниципальный район,муниципальный район,,1,,с Нерчинский Завод,data-20180110-structure-20150128.csv,2018,9999,590,,,75,Забайкальский край,51.309040000000003,119.61623400000001
Оловяннинский,76-632-000-000,Оловяннинский муниципальный район,муниципальный район,,1,,пгт Оловянная,data-20180110-structure-20150128.csv,2018,9999,591,,,75,Забайкальский край,50.943686999999997,115.58693700000001
Ононский,76-634-000-000,Ононский муниципальный район,муниципальный район,,1,,с Нижний Цасучей,data-20180110-structure-20150128.csv,2018,2024,592,,,75,Забайкальский край,50.510593,115.118385
Петровск-Забайкальский,76-636-000-000,Петровск-Забайкальский муниципальный район,муниципальный район,,3,76-715-000-000,г Петровск-Забайкальский,data-20180110-structure-20150128.csv,2018,9999,593,,,75,Забайкальский край,51.280626849999997,108.8386403192038
Приаргунский,76-638-000-000,Приаргунский муниципальный район,муниципальный район,,1,,пгт Приаргунск,data-20180110-structure-20150128.csv,2018,2021,594,,,75,Забайкальский край,50.365901999999998,119.09013400000001
Сретенский,76-640-000-000,Сретенский муниципальный район,муниципальный район,,1,,г Сретенск,data-20180110-structure-20150128.csv,2018,9999,595,,,75,Забайкальский край,52.243191000000003,117.69554100000001
Тунгиро-Олёкминский,76-642-000-000,Тунгиро-Олёкминский муниципальный район,муниципальный район,,1,,с Тупик,data-20180110-structure-20150128.csv,2018,9999,596,,,75,Забайкальский край,54.426772999999997,119.94368
Тунгокоченский,76-644-000-000,Тунгокоченский муниципальный район,муниципальный район,,1,,с Верх-Усугли,data-20180110-structure-20150128.csv,2018,9999,597,,,75,Забайкальский край,52.690086000000001,115.188309
Улётовский,76-646-000-000,Улётовский муниципальный район,муниципальный район,,1,,с Улёты,data-20180110-structure-20150128.csv,2018,9999,598,,,75,Забайкальский край,51.358539999999998,112.48511499999999
Хилокский,76-647-000-000,Хилокский муниципальный район,муниципальный район,,1,,г Хилок,data-20180110-structure-20150128.csv,2018,9999,599,,,75,Забайкальский край,51.362843599999998,110.4579749
Чернышевский,76-648-000-000,Чернышевский муниципальный район,муниципальный район,,1,,пгт Чернышевск,data-20180110-structure-20150128.csv,2018,9999,600,,,75,Забайкальский край,52.514068999999999,117.01371
Читинский,76-650-000-000,Читинский муниципальный район,муниципальный район,,3,76-701-000-000,г Чита,data-20180110-structure-20150128.csv,2018,9999,601,,,75,Забайкальский край,52.033408999999999,113.500893
Шелопугинский,76-652-000-000,Шелопугинский муниципальный район,муниципальный район,,1,,с Шелопугино,data-20180110-structure-20150128.csv,2018,9999,602,,,75,Забайкальский край,51.649864000000001,117.564728
Шилкинский,76-654-000-000,Шилкинский муниципальный район,муниципальный район,,1,,г Шилка,data-20180110-structure-20150128.csv,2018,9999,603,,,75,Забайкальский край,51.851638999999999,116.02589399999999
Агинское,76-702-000-000,городской округ поселок Агинское,городской округ,,2,76-602-000-000,пгт Агинское,data-20180110-structure-20150128.csv,2018,9999,604,,,75,Забайкальский край,51.1057609,114.5408006
Агинский,76-602-000-000,Агинский муниципальный район,муниципальный район,,3,76-702-000-000,пгт Агинское,data-20180110-structure-20150128.csv,2018,9999,605,,,75,Забайкальский край,51.1057609,114.5408006
Дульдургинский,76-611-000-000,Дульдургинский муниципальный район,муниципальный район,,1,,с Дульдурга,data-20180110-structure-20150128.csv,2018,9999,606,,,75,Забайкальский край,50.739131399999998,113.39247570000001
Могойтуйский,76-625-000-000,Могойтуйский муниципальный район,муниципальный район,,1,,пгт Могойтуй,data-20180110-structure-20150128.csv,2018,9999,607,,,75,Забайкальский край,51.283117699999998,114.9299468
Петропавловск-Камчатский,30-701-000-000,городской округ Петропавловск-Камчатский,городской округ,административный_центр_субъекта,1,,г Петропавловск-Камчатский,data-20180110-structure-20150128.csv,2018,9999,608,,,41,Камчатский край,53.019983799999999,158.64713560000001
Вилючинский,30-735-000-000,городской округ Вилючинский ЗАТО,городской округ,ЗАТО,1,,г Вилючинск,data-20180110-structure-20150128.csv,2018,9999,609,,,41,Камчатский край,52.931834000000002,158.405383
Алеутский,30-601-000-000,Алеутский муниципальный район,муниципальный район,,1,,с Никольское,data-20180110-structure-20150128.csv,2018,2021,610,,,41,Камчатский край,55.197973300000001,165.9969098
Быстринский,30-604-000-000,Быстринский муниципальный район,муниципальный район,,1,,с Эссо,data-20180110-structure-20150128.csv,2018,9999,611,,,41,Камчатский край,55.928247200000001,158.70435789999999
Елизовский,30-607-000-000,Елизовский муниципальный район,муниципальный район,,1,,г Елизово,data-20180110-structure-20150128.csv,2018,9999,612,,,41,Камчатский край,53.186497199999998,158.38367120000001
Мильковский,30-610-000-000,Мильковский муниципальный район,муниципальный район,,1,,с Мильково,data-20180110-structure-20150128.csv,2018,2024,613,,,41,Камчатский край,54.690410999999997,158.60987900000001
Соболевский,30-613-000-000,Соболевский муниципальный район,муниципальный район,,1,,с Соболево,data-20180110-structure-20150128.csv,2018,9999,614,,,41,Камчатский край,54.297684199999999,155.94242130000001
Усть-Большерецкий,30-616-000-000,Усть-Большерецкий муниципальный район,муниципальный район,,1,,с Усть-Большерецк,data-20180110-structure-20150128.csv,2018,9999,615,,,41,Камчатский край,52.825058499999997,156.28049250000001
Усть-Камчатский,30-619-000-000,Усть-Камчатский муниципальный район,муниципальный район,,1,,п Усть-Камчатск,data-20180110-structure-20150128.csv,2018,9999,616,,,41,Камчатский край,56.240037700000002,162.53695680000001
Палана,30-851-000-000,городской округ поселок Палана,городской округ,,1,,пгт Палана,data-20180110-structure-20150128.csv,2018,9999,617,,,41,Камчатский край,59.082760499999999,159.9512943
Карагинский,30-824-000-000,Карагинский муниципальный район,муниципальный район,,1,,п Оссора,data-20180110-structure-20150128.csv,2018,9999,618,,,41,Камчатский край,59.247413999999999,163.069931
Олюторский,30-827-000-000,Олюторский муниципальный район,муниципальный район,,1,,с Тиличики,data-20180110-structure-20150128.csv,2018,9999,619,,,41,Камчатский край,60.429133999999998,166.057053
Пенжинский,30-829-000-000,Пенжинский муниципальный район,муниципальный район,,1,,с Каменское,data-20180110-structure-20150128.csv,2018,9999,620,,,41,Камчатский край,62.468600000000002,166.2046
Тигильский,30-832-000-000,Тигильский муниципальный район,муниципальный район,,1,,с Тигиль,data-20180110-structure-20150128.csv,2018,9999,621,,,41,Камчатский край,57.650604000000001,158.8234989
Краснодар,03-701-000-000,городской округ город Краснодар,городской округ,административный_центр_субъекта,1,,г Краснодар,data-20180110-structure-20150128.csv,2018,9999,622,,,23,Краснодарский край,45.011233300000001,38.984565500000002
Анапа,03-703-000-000,городской округ город-курорт Анапа,городской округ,,1,,г Анапа,data-20180110-structure-20150128.csv,2018,9999,623,,,23,Краснодарский край,44.894272000000001,37.316887000000001
Армавир,03-705-000-000,городской округ город Армавир,городской округ,,1,,г Армавир,data-20180110-structure-20150128.csv,2018,9999,624,,,23,Краснодарский край,44.9993585,41.129406099999997
Геленджик,03-708-000-000,городской округ город-курорт Геленджик,городской округ,,1,,г Геленджик,data-20180110-structure-20150128.csv,2018,9999,625,,,23,Краснодарский край,44.5609447,38.076683199999998
Горячий Ключ,03-709-000-000,городской округ город Горячий Ключ,городской округ,,1,,г Горячий Ключ,data-20180110-structure-20150128.csv,2018,9999,626,,,23,Краснодарский край,44.634265300000003,39.136361299999997
Новороссийск,03-720-000-000,городской округ город Новороссийск,городской округ,,1,,г Новороссийск,data-20180110-structure-20150128.csv,2018,9999,627,,,23,Краснодарский край,44.723957800000001,37.769071099999998
Сочи,03-726-000-000,городской округ город-курорт Сочи,городской округ,,1,,г Сочи,data-20180110-structure-20150128.csv,2018,2021,628,,disunion_1,23,Краснодарский край,43.585482300000002,39.723109000000001
Абинский,03-601-000-000,Абинский муниципальный район,муниципальный район,,1,,г Абинск,data-20180110-structure-20150128.csv,2018,9999,629,,,23,Краснодарский край,44.864952799999998,38.157818900000002
Апшеронский,03-605-000-000,Апшеронский муниципальный район,муниципальный район,,1,,г Апшеронск,data-20180110-structure-20150128.csv,2018,9999,630,,,23,Краснодарский край,44.461804600000001,39.741047999999999
Белоглинский,03-607-000-000,Белоглинский муниципальный район,муниципальный район,,1,,с Белая Глина,data-20180110-structure-20150128.csv,2018,9999,631,,,23,Краснодарский край,46.078418999999997,40.863700999999999
Белореченский,03-608-000-000,Белореченский муниципальный район,муниципальный район,,1,,г Белореченск,data-20180110-structure-20150128.csv,2018,9999,632,,,23,Краснодарский край,44.761414899999998,39.871294300000002
Брюховецкий,03-610-000-000,Брюховецкий муниципальный район,муниципальный район,,1,,ст-ца Брюховецкая,data-20180110-structure-20150128.csv,2018,9999,633,,,23,Краснодарский край,45.800616599999998,39.0003034
Выселковский,03-612-000-000,Выселковский муниципальный район,муниципальный район,,1,,ст-ца Выселки,data-20180110-structure-20150128.csv,2018,9999,634,,,23,Краснодарский край,45.580622099999999,39.657423700000002
Гулькевичский,03-613-000-000,Гулькевичский муниципальный район,муниципальный район,,1,,г Гулькевичи,data-20180110-structure-20150128.csv,2018,9999,635,,,23,Краснодарский край,45.356511900000001,40.696225599999998
Динской,03-614-000-000,Динской муниципальный район,муниципальный район,,1,,ст-ца Динская,data-20180110-structure-20150128.csv,2018,9999,636,,,23,Краснодарский край,45.216871300000001,39.224975700000002
Ейский,03-616-000-000,Ейский муниципальный район,муниципальный район,,1,,г Ейск,data-20180110-structure-20150128.csv,2018,9999,637,,,23,Краснодарский край,46.711209400000001,38.274798699999998
Кавказский,03-618-000-000,Кавказский муниципальный район,муниципальный район,,1,,г Кропоткин,data-20180110-structure-20150128.csv,2018,9999,638,,,23,Краснодарский край,45.434441300000003,40.575027400000003
Калининский,03-619-000-000,Калининский муниципальный район,муниципальный район,,1,,ст-ца Калининская,data-20180110-structure-20150128.csv,2018,9999,639,,,23,Краснодарский край,45.485662599999998,38.659813700000001
Каневской,03-620-000-000,Каневской муниципальный район,муниципальный район,,1,,ст-ца Каневская,data-20180110-structure-20150128.csv,2018,9999,640,,,23,Краснодарский край,46.084599900000001,38.972192900000003
Кореновский,03-621-000-000,Кореновский муниципальный район,муниципальный район,,1,,г Кореновск,data-20180110-structure-20150128.csv,2018,9999,641,,,23,Краснодарский край,45.463586300000003,39.448756500000002
Красноармейский,03-623-000-000,Красноармейский муниципальный район,муниципальный район,,1,,ст-ца Полтавская,data-20180110-structure-20150128.csv,2018,9999,642,,,23,Краснодарский край,45.366793999999999,38.211505699999996
Крыловский,03-624-000-000,Крыловский муниципальный район,муниципальный район,,1,,ст-ца Крыловская,data-20180110-structure-20150128.csv,2018,9999,643,,,23,Краснодарский край,46.321865000000003,39.962913999999998
Крымский,03-625-000-000,Крымский муниципальный район,муниципальный район,,1,,г Крымск,data-20180110-structure-20150128.csv,2018,9999,644,,,23,Краснодарский край,44.929588899999999,37.9880177
Курганинский,03-627-000-000,Курганинский муниципальный район,муниципальный район,,1,,г Курганинск,data-20180110-structure-20150128.csv,2018,9999,645,,,23,Краснодарский край,44.885163499999997,40.589467399999997
Кущевский,03-628-000-000,Кущевский муниципальный район,муниципальный район,,1,,ст-ца Кущевская,data-20180110-structure-20150128.csv,2018,9999,646,,,23,Краснодарский край,46.565008400000004,39.627371199999999
Лабинский,03-630-000-000,Лабинский муниципальный район,муниципальный район,,1,,г Лабинск,data-20180110-structure-20150128.csv,2018,9999,647,,,23,Краснодарский край,44.6347953,40.724218499999999
Ленинградский,03-632-000-000,Ленинградский муниципальный район,муниципальный район,,1,,ст-ца Ленинградская,data-20180110-structure-20150128.csv,2018,9999,648,,,23,Краснодарский край,46.321244900000003,39.389553999999997
Мостовский,03-633-000-000,Мостовский муниципальный район,муниципальный район,,1,,пгт Мостовской,data-20180110-structure-20150128.csv,2018,9999,649,,,23,Краснодарский край,44.4138041,40.789944599999998
Новокубанский,03-634-000-000,Новокубанский муниципальный район,муниципальный район,,1,,г Новокубанск,data-20180110-structure-20150128.csv,2018,9999,650,,,23,Краснодарский край,45.108318400000002,41.036689600000003
Новопокровский,03-635-000-000,Новопокровский муниципальный район,муниципальный район,,1,,ст-ца Новопокровская,data-20180110-structure-20150128.csv,2018,9999,651,,,23,Краснодарский край,45.953814999999999,40.707203
Отрадненский,03-637-000-000,Отрадненский муниципальный район,муниципальный район,,1,,ст-ца Отрадная,data-20180110-structure-20150128.csv,2018,9999,652,,,23,Краснодарский край,44.397568700000001,41.526316899999998
Павловский,03-639-000-000,Павловский муниципальный район,муниципальный район,,1,,ст-ца Павловская,data-20180110-structure-20150128.csv,2018,9999,653,,,23,Краснодарский край,46.135199999999998,39.783000000000001
Приморско-Ахтарский,03-641-000-000,Приморско-Ахтарский муниципальный район,муниципальный район,,1,,г Приморско-Ахтарск,data-20180110-structure-20150128.csv,2018,9999,654,,,23,Краснодарский край,46.043180999999997,38.155480300000001
Северский,03-643-000-000,Северский муниципальный район,муниципальный район,,1,,ст-ца Северская,data-20180110-structure-20150128.csv,2018,9999,655,,,23,Краснодарский край,44.853420999999997,38.678125299999998
Славянский,03-645-000-000,Славянский муниципальный район,муниципальный район,,1,,г Славянск-на-Кубани,data-20180110-structure-20150128.csv,2018,9999,656,,,23,Краснодарский край,45.249234600000001,38.109267441601517
Староминский,03-647-000-000,Староминский муниципальный район,муниципальный район,,1,,ст-ца Староминская,data-20180110-structure-20150128.csv,2018,9999,657,,,23,Краснодарский край,46.5359488,39.062505600000001
Тбилисский,03-649-000-000,Тбилисский муниципальный район,муниципальный район,,1,,ст-ца Тбилисская,data-20180110-structure-20150128.csv,2018,9999,658,,,23,Краснодарский край,45.363568100000002,40.1898342
Темрюкский,03-651-000-000,Темрюкский муниципальный район,муниципальный район,,1,,г Темрюк,data-20180110-structure-20150128.csv,2018,9999,659,,,23,Краснодарский край,45.275166300000002,37.390548099999997
Тимашевский,03-653-000-000,Тимашевский муниципальный район,муниципальный район,,1,,г Тимашевск,data-20180110-structure-20150128.csv,2018,9999,660,,,23,Краснодарский край,45.612968500000001,38.935774299999999
Тихорецкий,03-654-000-000,Тихорецкий муниципальный район,муниципальный район,,1,,г Тихорецк,data-20180110-structure-20150128.csv,2018,9999,661,,,23,Краснодарский край,45.854678999999997,40.128124
Туапсинский,03-655-000-000,Туапсинский муниципальный район,муниципальный район,,1,,г Туапсе,data-20180110-structure-20150128.csv,2018,9999,662,,,23,Краснодарский край,44.098474699999997,39.071887500000003
Успенский,03-656-000-000,Успенский муниципальный район,муниципальный район,,1,,с Успенское,data-20180110-structure-20150128.csv,2018,9999,663,,,23,Краснодарский край,44.834654800000003,41.385048500000003
Усть-Лабинский,03-657-000-000,Усть-Лабинский муниципальный район,муниципальный район,,1,,г Усть-Лабинск,data-20180110-structure-20150128.csv,2018,9999,664,,,23,Краснодарский край,45.2178027,39.6896725
Щербиновский,03-659-000-000,Щербиновский муниципальный район,муниципальный район,,1,,ст-ца Старощербиновская,data-20180110-structure-20150128.csv,2018,9999,665,,,23,Краснодарский край,46.628450600000001,38.662497100000003
Красноярск,04-701-000-000,городской округ город Красноярск,городской округ,административный_центр_субъекта,1,,г Красноярск,data-20180110-structure-20150128.csv,2018,9999,666,,,24,Красноярский край,56.0091173,92.872585999999998
Ачинск,04-703-000-000,городской округ город Ачинск,городской округ,,2,04-603-000-000,г Ачинск,data-20180110-structure-20150128.csv,2018,9999,667,,,24,Красноярский край,56.269484599999998,90.495396400000004
Боготол,04-706-000-000,городской округ город Боготол,городской округ,,2,04-608-000-000,г Боготол,data-20180110-structure-20150128.csv,2018,9999,668,,,24,Красноярский край,56.211463999999999,89.531638999999998
Бородино,04-707-000-000,городской округ город Бородино,городской округ,,1,,г Бородино,data-20180110-structure-20150128.csv,2018,9999,669,,,24,Красноярский край,55.9,94.893649999999994
Дивногорск,04-709-000-000,городской округ город Дивногорск,городской округ,,1,,г Дивногорск,data-20180110-structure-20150128.csv,2018,9999,670,,,24,Красноярский край,55.959643999999997,92.375420000000005
Енисейск,04-712-000-000,городской округ город Енисейск,городской округ,,2,04-615-000-000,г Енисейск,data-20180110-structure-20150128.csv,2018,9999,671,,,24,Красноярский край,58.453221200000002,92.174816899999996
Железногорск,04-735-000-000,городской округ ЗАТО город Железногорск,городской округ,ЗАТО,1,,г Железногорск,data-20180110-structure-20150128.csv,2018,9999,672,,,24,Красноярский край,56.250937999999998,93.532859999999999
Зеленогорск,04-737-000-000,городской округ ЗАТО город Зеленогорск,городской округ,ЗАТО,1,,г Зеленогорск,data-20180110-structure-20150128.csv,2018,9999,673,,,24,Красноярский край,56.11356,94.589279000000005
Канск,04-720-000-000,городской округ город Канск,городской округ,,2,04-621-000-000,г Канск,data-20180110-structure-20150128.csv,2018,9999,674,,,24,Красноярский край,56.205997000000004,95.706787000000006
Лесосибирск,04-722-000-000,городской округ город Лесосибирск,городской округ,,1,,г Лесосибирск,data-20180110-structure-20150128.csv,2018,9999,675,,,24,Красноярский край,58.2165271,92.507835400000005
Минусинск,04-723-000-000,городской округ город Минусинск,городской округ,,2,04-633-000-000,г Минусинск,data-20180110-structure-20150128.csv,2018,9999,676,,,24,Красноярский край,53.686205600000001,91.656775199999998
Назарово,04-726-000-000,городской округ город Назарово,городской округ,,2,04-637-000-000,г Назарово,data-20180110-structure-20150128.csv,2018,9999,677,,,24,Красноярский край,56.011592999999998,90.418503000000001
Норильск,04-729-000-000,городской округ город Норильск,городской округ,,1,,г Норильск,data-20180110-structure-20150128.csv,2018,9999,678,,,24,Красноярский край,69.344405399999999,88.209615099999994
Сосновоборск,04-733-000-000,городской округ город Сосновоборск,городской округ,,1,,г Сосновоборск,data-20180110-structure-20150128.csv,2018,9999,679,,,24,Красноярский край,56.121493999999998,93.338729999999998
Шарыпово,04-740-000-000,городской округ город Шарыпово,городской округ,,2,04-658-000-000;04-558-000-000,г Шарыпово,data-20180110-structure-20150128.csv,2018,9999,680,,,24,Красноярский край,55.532912699999997,89.186420400000003
Кедровый,04-775-000-000,городской округ поселок Кедровый,городской округ,,1,,п Кедровый,data-20180110-structure-20150128.csv,2018,9999,681,,,24,Красноярский край,56.23724,92.323425
Солнечный,04-780-000-000,городской округ ЗАТО поселок Солнечный,городской округ,ЗАТО,1,,п Солнечный,data-20180110-structure-20150128.csv,2018,9999,682,,,24,Красноярский край,55.284547199999999,89.823283000000004
Абанский,04-601-000-000,Абанский муниципальный район,муниципальный район,,1,,п Абан,data-20180110-structure-20150128.csv,2018,9999,683,,,24,Красноярский край,56.676670000000001,96.067763999999997
Ачинский,04-603-000-000,Ачинский муниципальный район,муниципальный район,,3,04-703-000-000,г Ачинск,data-20180110-structure-20150128.csv,2018,9999,684,,,24,Красноярский край,56.269484599999998,90.495396400000004
Балахтинский,04-604-000-000,Балахтинский муниципальный район,муниципальный район,,1,,рп Балахта,data-20180110-structure-20150128.csv,2018,9999,685,,,24,Красноярский край,55.383220999999999,91.615273000000002
Березовский,04-605-000-000,Березовский муниципальный район,муниципальный район,,1,,рп Березовка,data-20180110-structure-20150128.csv,2018,9999,686,,,24,Красноярский край,56.038421999999997,93.133194000000003
Бирилюсский,04-606-000-000,Бирилюсский муниципальный район,муниципальный район,,1,,с Новобирилюссы,data-20180110-structure-20150128.csv,2018,9999,687,,,24,Красноярский край,56.951709999999999,90.685805999999999
Боготольский,04-608-000-000,Боготольский муниципальный район,муниципальный район,,3,04-706-000-000,г Боготол,data-20180110-structure-20150128.csv,2018,9999,688,,,24,Красноярский край,56.211463999999999,89.531638999999998
Богучанский,04-609-000-000,Богучанский муниципальный район,муниципальный район,,1,,с Богучаны,data-20180110-structure-20150128.csv,2018,9999,689,,,24,Красноярский край,58.382815999999998,97.461578000000003
Большемуртинский,04-610-000-000,Большемуртинский муниципальный район,муниципальный район,,1,,рп Большая Мурта,data-20180110-structure-20150128.csv,2018,9999,690,,,24,Красноярский край,56.909846999999999,93.138015999999993
Большеулуйский,04-611-000-000,Большеулуйский муниципальный район,муниципальный район,,1,,с Большой Улуй,data-20180110-structure-20150128.csv,2018,9999,691,,,24,Красноярский край,56.656810999999998,90.579750000000004
Дзержинский,04-613-000-000,Дзержинский муниципальный район,муниципальный район,,1,,с Дзержинское,data-20180110-structure-20150128.csv,2018,9999,692,,,24,Красноярский край,56.838005000000003,95.22139
Емельяновский,04-614-000-000,Емельяновский муниципальный район,муниципальный район,,1,,рп Емельяново,data-20180110-structure-20150128.csv,2018,9999,693,,,24,Красноярский край,56.167254999999997,92.688453999999993
Енисейский,04-615-000-000,Енисейский муниципальный район,муниципальный район,,3,04-712-000-000,г Енисейск,data-20180110-structure-20150128.csv,2018,9999,694,,,24,Красноярский край,58.453221200000002,92.174816899999996
Ермаковский,04-616-000-000,Ермаковский муниципальный район,муниципальный район,,1,,с Ермаковское,data-20180110-structure-20150128.csv,2018,9999,695,,,24,Красноярский край,53.278046000000003,92.396088000000006
Идринский,04-617-000-000,Идринский муниципальный район,муниципальный район,,1,,с Идринское,data-20180110-structure-20150128.csv,2018,9999,696,,,24,Красноярский край,54.370876000000003,92.133156
Иланский,04-618-000-000,Иланский муниципальный район,муниципальный район,,1,,г Иланский,data-20180110-structure-20150128.csv,2018,9999,697,,,24,Красноярский край,56.238059999999997,96.066940000000002
Ирбейский,04-619-000-000,Ирбейский муниципальный район,муниципальный район,,1,,с Ирбейское,data-20180110-structure-20150128.csv,2018,9999,698,,,24,Красноярский край,55.644500999999998,95.456528000000006
Казачинский,04-620-000-000,Казачинский муниципальный район,муниципальный район,,1,,с Казачинское,data-20180110-structure-20150128.csv,2018,9999,699,,,24,Красноярский край,57.694408000000003,93.281029000000004
Канский,04-621-000-000,Канский муниципальный район,муниципальный район,,3,04-720-000-000,г Канск,data-20180110-structure-20150128.csv,2018,9999,700,,,24,Красноярский край,56.205997000000004,95.706787000000006
Каратузский,04-622-000-000,Каратузский муниципальный район,муниципальный район,,1,,с Каратузское,data-20180110-structure-20150128.csv,2018,9999,701,,,24,Красноярский край,53.600665999999997,92.868995999999996
Кежемский,04-624-000-000,Кежемский муниципальный район,муниципальный район,,1,,г Кодинск,data-20180110-structure-20150128.csv,2018,9999,702,,,24,Красноярский край,58.602701500000002,99.188751499999995
Козульский,04-626-000-000,Козульский муниципальный район,муниципальный район,,1,,рп Козулька,data-20180110-structure-20150128.csv,2018,9999,703,,,24,Красноярский край,56.165137999999999,91.391975000000002
Краснотуранский,04-628-000-000,Краснотуранский муниципальный район,муниципальный район,,1,,с Краснотуранск,data-20180110-structure-20150128.csv,2018,9999,704,,,24,Красноярский край,54.316296000000001,91.567824999999999
Курагинский,04-630-000-000,Курагинский муниципальный район,муниципальный район,,1,,рп Курагино,data-20180110-structure-20150128.csv,2018,9999,705,,,24,Красноярский край,53.888092,92.680222000000001
Манский,04-631-000-000,Манский муниципальный район,муниципальный район,,1,,с Шалинское,data-20180110-structure-20150128.csv,2018,9999,706,,,24,Красноярский край,55.719715000000001,93.764815999999996
Минусинский,04-633-000-000,Минусинский муниципальный район,муниципальный район,,3,04-723-000-000,г Минусинск,data-20180110-structure-20150128.csv,2018,9999,707,,,24,Красноярский край,53.686205600000001,91.656775199999998
Мотыгинский,04-635-000-000,Мотыгинский муниципальный район,муниципальный район,,1,,рп Мотыгино,data-20180110-structure-20150128.csv,2018,9999,708,,,24,Красноярский край,58.184207999999998,94.694298000000003
Назаровский,04-637-000-000,Назаровский муниципальный район,муниципальный район,,3,04-726-000-000,г Назарово,data-20180110-structure-20150128.csv,2018,9999,709,,,24,Красноярский край,56.011592999999998,90.418503000000001
Нижнеингашский,04-639-000-000,Нижнеингашский муниципальный район,муниципальный район,,1,,рп Нижний Ингаш,data-20180110-structure-20150128.csv,2018,9999,710,,,24,Красноярский край,56.203601999999997,96.544517999999997
Новоселовский,04-641-000-000,Новоселовский муниципальный район,муниципальный район,,1,,с Новоселово,data-20180110-structure-20150128.csv,2018,9999,711,,,24,Красноярский край,55.005177000000003,90.967201000000003
Партизанский,04-643-000-000,Партизанский муниципальный район,муниципальный район,,1,,с Партизанское,data-20180110-structure-20150128.csv,2018,9999,712,,,24,Красноярский край,55.499271,94.393066000000005
Пировский,04-645-000-000,Пировский муниципальный район,муниципальный район,,1,,с Пировское,data-20180110-structure-20150128.csv,2018,2020,713,,,24,Красноярский край,57.624046,92.272644
Рыбинский,04-647-000-000,Рыбинский муниципальный район,муниципальный район,,1,,г Заозерный,data-20180110-structure-20150128.csv,2018,9999,714,,,24,Красноярский край,55.965401,94.708106999999998
Саянский,04-648-000-000,Саянский муниципальный район,муниципальный район,,1,,с Агинское,data-20180110-structure-20150128.csv,2018,9999,715,,,24,Красноярский край,55.258972,94.906372000000005
Северо-Енисейский,04-649-000-000,Северо-Енисейский муниципальный район,муниципальный район,,1,,рп Северо-Енисейский,data-20180110-structure-20150128.csv,2018,9999,716,,,24,Красноярский край,60.374701999999999,93.032996999999995
Сухобузимский,04-651-000-000,Сухобузимский муниципальный район,муниципальный район,,1,,с Сухобузимское,data-20180110-structure-20150128.csv,2018,9999,717,,,24,Красноярский край,56.499875000000003,93.278567600000002
Таймырский Долгано-Ненецкий,04-653-000-000,Таймырский Долгано-Ненецкий муниципальный район,муниципальный район,,1,,г Дудинка,data-20180110-structure-20150128.csv,2018,9999,718,,,24,Красноярский край,69.403817900000007,86.172190000000001
Тасеевский,04-652-000-000,Тасеевский муниципальный район,муниципальный район,,1,,с Тасеево,data-20180110-structure-20150128.csv,2018,9999,719,,,24,Красноярский край,57.216042000000002,94.898598000000007
Туруханский,04-654-000-000,Туруханский муниципальный район,муниципальный район,,1,,с Туруханск,data-20180110-structure-20150128.csv,2018,9999,720,,,24,Красноярский край,65.793428500000005,87.958937500000005
Тюхтетский,04-655-000-000,Тюхтетский муниципальный район,муниципальный район,,1,,с Тюхтет,data-20180110-structure-20150128.csv,2018,2021,721,,,24,Красноярский край,56.539836999999999,89.311485000000005
Ужурский,04-656-000-000,Ужурский муниципальный район,муниципальный район,,1,,г Ужур,data-20180110-structure-20150128.csv,2018,9999,722,,,24,Красноярский край,55.3197221,89.842419699999994
Уярский,04-657-000-000,Уярский муниципальный район,муниципальный район,,1,,г Уяр,data-20180110-structure-20150128.csv,2018,9999,723,,,24,Красноярский край,55.809986000000002,94.327774000000005
Шарыповский,04-658-000-000,Шарыповский муниципальный район,муниципальный район,,3,04-740-000-000,г Шарыпово,data-20180110-structure-20150128.csv,2018,2020,724,,,24,Красноярский край,55.532912699999997,89.186420400000003
Шушенский,04-659-000-000,Шушенский муниципальный район,муниципальный район,,1,,рп Шушенское,data-20180110-structure-20150128.csv,2018,9999,725,,,24,Красноярский край,53.327820000000003,91.945374000000001
Эвенкийский,04-650-000-000,Эвенкийский муниципальный район,муниципальный район,,1,,п Тура,data-20180110-structure-20150128.csv,2018,9999,726,,,24,Красноярский край,64.274195500000005,100.21696350000001
Пермский,57-701-000-000,городской округ Пермский,городской округ,административный_центр_субъекта,2,57-646-000-000;57-546-000-000,г Пермь,data-20180110-structure-20150128.csv,2018,9999,727,,,59,Пермский край,58.014964999999997,56.246723000000003
Березниковский,57-708-000-000,городской округ Березниковский,городской округ,,1,,г Березники,data-20180110-structure-20150128.csv,2018,2019,728,,union_4,59,Пермский край,59.408417100000001,56.8036958
Губахинский,57-717-000-000,городской округ Губахинский,городской округ,,1,,г Губаха,data-20220627-structure-20150128.csv,2018,2023,729,,union_18,59,Пермский край,58.842407000000001,57.555058000000002
Кунгур,57-722-000-000,городской округ город Кунгур,городской округ,,2,57-630-000-000,г Кунгур,data-20200401-structure-20150128.csv,2018,2021,730,,union_14,59,Пермский край,57.439777100000001,56.926607300000001
Лысьвенский,57-726-000-000,городской округ Лысьвенский,городской округ,,1,,г Лысьва,data-20180110-structure-20150128.csv,2018,9999,731,,,59,Пермский край,58.105055999999998,57.802846099999996
Соликамский,57-730-000-000,городской округ Соликамский,городской округ,,2,57-650-000-000,г Соликамск,data-20180110-structure-20150128.csv,2018,2019,732,,union_3,59,Пермский край,59.649436999999999,56.779594000000003
Звёздный,57-763-000-000,городской округ ЗАТО Звёздный,городской округ,ЗАТО,1,,п Звездный,data-20180110-structure-20150128.csv,2018,9999,733,,,59,Пермский край,57.735309999999998,56.313526000000003
Александровский,57-605-000-000,Александровский муниципальный район,муниципальный район,,1,,г Александровск,data-20180110-structure-20150128.csv,2018,2020,734,,,59,Пермский край,59.159386099999999,57.586123200000003
Бардымский,57-604-000-000,Бардымский муниципальный район,муниципальный район,,1,,с Барда,data-20180110-structure-20150128.csv,2018,2021,735,,,59,Пермский край,56.930186999999997,55.586967000000001
Березовский,57-606-000-000,Березовский муниципальный район,муниципальный район,,1,,с Березовка,data-20180110-structure-20150128.csv,2018,2020,736,,,59,Пермский край,57.6026326,57.333067
Большесосновский,57-608-000-000,Большесосновский муниципальный район,муниципальный район,,1,,с Большая Соснова,data-20180110-structure-20150128.csv,2018,2022,737,,,59,Пермский край,57.671267999999998,54.602867000000003
Верещагинский,57-612-000-000,Верещагинский муниципальный район,муниципальный район,,1,,г Верещагино,data-20180110-structure-20150128.csv,2018,2020,738,,,59,Пермский край,58.072099000000001,54.6674784
Горнозаводский,57-614-000-000,Горнозаводский муниципальный район,муниципальный район,,1,,г Горнозаводск,data-20180110-structure-20150128.csv,2018,2019,739,,,59,Пермский край,58.374001,58.325057999999999
Гремячинский,57-615-000-000,Гремячинский муниципальный район,муниципальный район,,1,,г Гремячинск,data-20180110-structure-20150128.csv,2018,2019,740,,,59,Пермский край,58.566966299999997,57.850404900000001
Добрянский,57-616-000-000,Добрянский муниципальный район,муниципальный район,,1,,г Добрянка,data-20180110-structure-20150128.csv,2018,2020,741,,,59,Пермский край,58.4624764,56.4007589
Еловский,57-618-000-000,Еловский муниципальный район,муниципальный район,,1,,с Елово,data-20180110-structure-20150128.csv,2018,2021,742,,,59,Пермский край,57.046350349999997,54.923459718185988
Ильинский,57-620-000-000,Ильинский муниципальный район,муниципальный район,,1,,п Ильинский,data-20180110-structure-20150128.csv,2018,2020,743,,,59,Пермский край,58.567624649999999,55.694509700077347
Карагайский,57-622-000-000,Карагайский муниципальный район,муниципальный район,,1,,с Карагай,data-20180110-structure-20150128.csv,2018,2021,744,,,59,Пермский край,58.265579000000002,54.927208
Кизеловский,57-623-000-000,Кизеловский муниципальный район,муниципальный район,,1,,г Кизел,data-20180110-structure-20150128.csv,2018,2019,745,,,59,Пермский край,59.049252000000003,57.653500000000001
Кишертский,57-624-000-000,Кишертский муниципальный район,муниципальный район,,1,,с Усть-Кишерть,data-20180110-structure-20150128.csv,2018,2021,746,,,59,Пермский край,57.359971700000003,57.247177499999999
Красновишерский,57-626-000-000,Красновишерский муниципальный район,муниципальный район,,1,,г Красновишерск,data-20180110-structure-20150128.csv,2018,2020,747,,,59,Пермский край,60.401783700000003,57.076704499999998
Краснокамский,57-627-000-000,Краснокамский муниципальный район,муниципальный район,,1,,г Краснокамск,data-20180110-structure-20150128.csv,2018,2019,748,,,59,Пермский край,58.081261300000001,55.758694300000002
Куединский,57-628-000-000,Куединский муниципальный район,муниципальный район,,1,,п Куеда,data-20180110-structure-20150128.csv,2018,2021,749,,,59,Пермский край,56.433506000000001,55.590763000000003
Кунгурский,57-630-000-000,Кунгурский муниципальный район,муниципальный район,,3,57-722-000-000,г Кунгур,data-20180110-structure-20150128.csv,2018,2021,750,,union_14,59,Пермский край,57.439777100000001,56.926607300000001
Нытвенский,57-634-000-000,Нытвенский муниципальный район,муниципальный район,,1,,г Нытва,data-20180110-structure-20150128.csv,2018,2020,751,,,59,Пермский край,57.943423000000003,55.331634899999997
Октябрьский,57-636-000-000,Октябрьский муниципальный район,муниципальный район,,1,,рп Октябрьский,data-20180110-structure-20150128.csv,2018,2020,752,,,59,Пермский край,56.514307799999997,57.2035567
Ординский,57-638-000-000,Ординский муниципальный район,муниципальный район,,1,,с Орда,data-20180110-structure-20150128.csv,2018,2020,753,,,59,Пермский край,57.195328450000012,56.90325538019961
Осинский,57-640-000-000,Осинский муниципальный район,муниципальный район,,1,,г Оса,data-20180110-structure-20150128.csv,2018,2020,754,,,59,Пермский край,57.282920699999998,55.460205899999998
Оханский,57-642-000-000,Оханский муниципальный район,муниципальный район,,1,,г Оханск,data-20180110-structure-20150128.csv,2018,2019,755,,,59,Пермский край,57.721784999999997,55.385989299999999
Очерский,57-644-000-000,Очерский муниципальный район,муниципальный район,,1,,г Очер,data-20180110-structure-20150128.csv,2018,2020,756,,,59,Пермский край,57.8836175,54.715823
Пермский,57-646-000-000,Пермский муниципальный район,муниципальный район,,3,57-701-000-000,г Пермь,data-20180110-structure-20150128.csv,2018,2023,757,,,59,Пермский край,58.014964999999997,56.246723000000003
Сивинский,57-648-000-000,Сивинский муниципальный район,муниципальный район,,1,,с Сива,data-20180110-structure-20150128.csv,2018,2021,758,,,59,Пермский край,58.4277655,54.205753000000001
Соликамский,57-650-000-000,Соликамский муниципальный район,муниципальный район,,3,57-730-000-000,г Соликамск,data-20180110-structure-20150128.csv,2018,2019,759,,union_3,59,Пермский край,59.649436999999999,56.779594000000003
Суксунский,57-651-000-000,Суксунский муниципальный район,муниципальный район,,1,,рп Суксун,data-20180110-structure-20150128.csv,2018,2020,760,,,59,Пермский край,57.146392200000001,57.395133899999998
Уинский,57-652-000-000,Уинский муниципальный район,муниципальный район,,1,,с Уинское,data-20180110-structure-20150128.csv,2018,2020,761,,,59,Пермский край,56.878297349999997,56.568374373782213
Усольский,57-653-000-000,Усольский муниципальный район,муниципальный район,,1,,г Усолье,data-20180110-structure-20150128.csv,2018,2019,762,,union_4,59,Пермский край,59.418025100000001,56.6830803
Чайковский,57-654-000-000,Чайковский муниципальный район,муниципальный район,,1,,г Чайковский,data-20180110-structure-20150128.csv,2018,2019,763,,,59,Пермский край,56.7787468,54.150070399999997
Частинский,57-655-000-000,Частинский муниципальный район,муниципальный район,,1,,с Частые,data-20180110-structure-20150128.csv,2018,2021,764,,,59,Пермский край,57.292951599999988,54.964259689477267
Чердынский,57-656-000-000,Чердынский муниципальный район,муниципальный район,,1,,г Чердынь,data-20180110-structure-20150128.csv,2018,2020,765,,,59,Пермский край,60.4046807,56.475275199999999
Чернушинский,57-657-000-000,Чернушинский муниципальный район,муниципальный район,,1,,г Чернушка,data-20180110-structure-20150128.csv,2018,2020,766,,,59,Пермский край,56.515281700000003,56.076504100000001
Чусовской,57-658-000-000,Чусовской муниципальный район,муниципальный район,,1,,г Чусовой,data-20180110-structure-20150128.csv,2018,2020,767,,,59,Пермский край,58.282055,57.821075
Кудымкар,57-851-000-000,городской округ город Кудымкар,городской округ,,2,57-821-000-000,г Кудымкар,data-20190319-structure-20150128.csv,2018,2020,768,,,59,Пермский край,59.014606000000001,54.664135000000002
Гайнский,57-814-000-000,Гайнский муниципальный район,муниципальный район,,1,,п Гайны,data-20180110-structure-20150128.csv,2018,2020,769,,,59,Пермский край,60.304130999999998,54.327331999999998
Косинский,57-817-000-000,Косинский муниципальный район,муниципальный район,,1,,с Коса,data-20180110-structure-20150128.csv,2018,2020,770,,,59,Пермский край,59.944386000000002,54.989826000000001
Кочевский,57-819-000-000,Кочевский муниципальный район,муниципальный район,,1,,с Кочево,data-20180110-structure-20150128.csv,2018,2020,771,,,59,Пермский край,59.609367349999999,54.326390437814453
Кудымкарский,57-821-000-000,Кудымкарский муниципальный район,муниципальный район,,3,57-851-000-000,г Кудымкар,data-20190319-structure-20150128.csv,2018,2020,772,,,59,Пермский край,59.014606000000001,54.664135000000002
Юрлинский,57-825-000-000,Юрлинский муниципальный район,муниципальный район,,1,,с Юрла,data-20180110-structure-20150128.csv,2018,2020,773,,,59,Пермский край,59.328687500000001,54.324655499999999
Юсьвинский,57-827-000-000,Юсьвинский муниципальный район,муниципальный район,,1,,с Юсьва,data-20180110-structure-20150128.csv,2018,2020,774,,,59,Пермский край,58.964664999999997,54.9605745
Владивостокский,05-701-000-000,городской округ Владивостокский,городской округ,административный_центр_субъекта,1,,г Владивосток,data-20180110-structure-20150128.csv,2018,9999,775,,,25,Приморский край,43.115067799999998,131.8855768
Арсеньевский,05-703-000-000,городской округ Арсеньевский,городской округ,,1,,г Арсеньев,data-20180110-structure-20150128.csv,2018,9999,776,,,25,Приморский край,44.164445100000002,133.27042549999999
Артемовский,05-705-000-000,городской округ Артемовский,городской округ,,1,,г Артем,data-20180110-structure-20150128.csv,2018,9999,777,,,25,Приморский край,43.357037699999999,132.1853629
Большой Камень,05-706-000-000,городской округ Большой Камень,городской округ,,1,,г Большой Камень,data-20180110-structure-20150128.csv,2018,9999,778,,,25,Приморский край,43.112119399999997,132.3509104
Дальнегорский,05-707-000-000,городской округ Дальнегорский,городской округ,,1,,г Дальнегорск,data-20180110-structure-20150128.csv,2018,9999,779,,,25,Приморский край,44.559457000000002,135.57592410000001
Дальнереченский,05-708-000-000,городской округ Дальнереченский,городской округ,,2,05-607-000-000,г Дальнереченск,data-20180110-structure-20150128.csv,2018,9999,780,,,25,Приморский край,45.933719500000002,133.73490559999999
Лесозаводский,05-711-000-000,городской округ Лесозаводский,городской округ,,1,,г Лесозаводск,data-20180110-structure-20150128.csv,2018,9999,781,,,25,Приморский край,45.465339399999998,133.40474570000001
Находкинский,05-714-000-000,городской округ Находкинский,городской округ,,1,,г Находка,data-20180110-structure-20150128.csv,2018,9999,782,,,25,Приморский край,42.8246489,132.89259999999999
Партизанский,05-717-000-000,городской округ Партизанский,городской округ,,1,,г Партизанск,data-20180110-structure-20150128.csv,2018,9999,783,,,25,Приморский край,43.140664700000002,133.14331369999999
Спасск-Дальний,05-720-000-000,городской округ Спасск-Дальний,городской округ,,2,05-637-000-000,г Спасск-Дальний,data-20180110-structure-20150128.csv,2018,9999,784,,,25,Приморский край,44.5980135,132.81570099999999
Уссурийский,05-723-000-000,городской округ Уссурийский,городской округ,,1,,г Уссурийск,data-20180110-structure-20150128.csv,2018,9999,785,,,25,Приморский край,43.7972447,131.9520752
Фокино,05-747-000-000,городской округ ЗАТО Фокино,городской округ,ЗАТО,1,,г Фокино,data-20180110-structure-20150128.csv,2018,9999,786,,,25,Приморский край,42.977208400000002,132.40490500000001
Анучинский,05-602-000-000,Анучинский муниципальный район,муниципальный район,,1,,с Анучино,data-20180110-structure-20150128.csv,2018,2020,787,,,25,Приморский край,43.9656156,133.06065839999999
Дальнереченский,05-607-000-000,Дальнереченский муниципальный район,муниципальный район,,3,05-708-000-000,г Дальнереченск,data-20180110-structure-20150128.csv,2018,9999,788,,,25,Приморский край,45.933719500000002,133.73490559999999
Кавалеровский,05-610-000-000,Кавалеровский муниципальный район,муниципальный район,,1,,пгт Кавалерово,data-20180110-structure-20150128.csv,2018,2023,789,,,25,Приморский край,44.267363699999997,135.05549769999999
Кировский,05-612-000-000,Кировский муниципальный район,муниципальный район,,1,,пгт Кировский,data-20180110-structure-20150128.csv,2018,9999,790,,,25,Приморский край,45.089762700000001,133.50620269999999
Красноармейский,05-614-000-000,Красноармейский муниципальный район,муниципальный район,,1,,с Новопокровка,data-20180110-structure-20150128.csv,2018,2024,791,,,25,Приморский край,45.851822599999998,134.50055259999999
Лазовский,05-617-000-000,Лазовский муниципальный район,муниципальный район,,1,,с Лазо,data-20180110-structure-20150128.csv,2018,2021,792,,,25,Приморский край,43.384793999999999,133.90540429999999
Михайловский,05-620-000-000,Михайловский муниципальный район,муниципальный район,,1,,с Михайловка,data-20180110-structure-20150128.csv,2018,9999,793,,,25,Приморский край,43.9370245,132.00331449999999
Надеждинский,05-623-000-000,Надеждинский муниципальный район,муниципальный район,,1,,с Вольно-Надеждинское,data-20180110-structure-20150128.csv,2018,9999,794,,,25,Приморский край,43.370990499999998,131.9933355
Октябрьский,05-626-000-000,Октябрьский муниципальный район,муниципальный район,,1,,с Покровка,data-20180110-structure-20150128.csv,2018,2021,795,,,25,Приморский край,43.952465699999998,131.63296349999999
Ольгинский,05-628-000-000,Ольгинский муниципальный район,муниципальный район,,1,,пгт Ольга,data-20180110-structure-20150128.csv,2018,2023,796,,,25,Приморский край,43.746100900000002,135.29016759999999
Партизанский,05-630-000-000,Партизанский муниципальный район,муниципальный район,,1,,с Владимиро-Александровское,data-20180110-structure-20150128.csv,2018,2024,797,,,25,Приморский край,42.892236599999997,133.0782462
Пограничный,05-632-000-000,Пограничный муниципальный район,муниципальный район,,1,,пгт Пограничный,data-20180110-structure-20150128.csv,2018,2020,798,,,25,Приморский край,44.403115100000001,131.38250600000001
Пожарский,05-634-000-000,Пожарский муниципальный район,муниципальный район,,1,,пгт Лучегорск,data-20180110-structure-20150128.csv,2018,2023,799,,,25,Приморский край,46.444319499999999,134.3006729
Спасский,05-637-000-000,Спасский муниципальный район,муниципальный район,,3,05-720-000-000,г Спасск-Дальний,data-20180110-structure-20150128.csv,2018,9999,800,,,25,Приморский край,44.5980135,132.81570099999999
Тернейский,05-640-000-000,Тернейский муниципальный район,муниципальный район,,1,,пгт Терней,data-20180110-structure-20150128.csv,2018,2021,801,,,25,Приморский край,45.0504046,136.61372929999999
Ханкайский,05-646-000-000,Ханкайский муниципальный район,муниципальный район,,1,,с Камень-Рыболов,data-20180110-structure-20150128.csv,2018,2021,802,,,25,Приморский край,44.742198399999999,132.0467903
Хасанский,05-648-000-000,Хасанский муниципальный район,муниципальный район,,1,,пгт Славянка,data-20180110-structure-20150128.csv,2018,2023,803,,,25,Приморский край,42.860683299999998,131.39241150000001
Хорольский,05-650-000-000,Хорольский муниципальный район,муниципальный район,,1,,с Хороль,data-20180110-structure-20150128.csv,2018,2021,804,,,25,Приморский край,44.425258499999998,132.08166159999999
Черниговский,05-653-000-000,Черниговский муниципальный район,муниципальный район,,1,,с Черниговка,data-20180110-structure-20150128.csv,2018,2024,805,,,25,Приморский край,44.359136800000002,132.4941354
Чугуевский,05-655-000-000,Чугуевский муниципальный район,муниципальный район,,1,,с Чугуевка,data-20180110-structure-20150128.csv,2018,2020,806,,,25,Приморский край,44.168666700000003,133.8729678
Шкотовский,05-657-000-000,Шкотовский муниципальный район,муниципальный район,,1,,пгт Смоляниново,data-20180110-structure-20150128.csv,2018,2024,807,,,25,Приморский край,43.287494500000001,132.45637579999999
Яковлевский,05-659-000-000,Яковлевский муниципальный район,муниципальный район,,1,,с Яковлевка,data-20180110-structure-20150128.csv,2018,2024,808,,,25,Приморский край,44.426299899999997,133.47422109999999
Ставрополь,07-701-000-000,городской округ город Ставрополь,городской округ,административный_центр_субъекта,1,,г Ставрополь,data-20180110-structure-20150128.csv,2018,9999,809,,,26,Ставропольский край,45.043324499999997,41.969093399999998
Благодарненский,07-705-000-000,городской округ Благодарненский,городской округ,,1,,г Благодарный,data-20180110-structure-20150128.csv,2018,2024,810,,,26,Ставропольский край,45.1006298,43.437218700000003
Георгиевский,07-707-000-000,городской округ Георгиевский,городской округ,,1,,г Георгиевск,data-20180110-structure-20150128.csv,2018,2024,811,,,26,Ставропольский край,44.147894399999998,43.474171800000001
Ессентуки,07-710-000-000,городской округ город-курорт Ессентуки,городской округ,,1,,г Ессентуки,data-20180110-structure-20150128.csv,2018,9999,812,,,26,Ставропольский край,44.047004200000003,42.857657500000002
Железноводск,07-712-000-000,городской округ город-курорт Железноводск,городской округ,,1,,г Железноводск,data-20180110-structure-20150128.csv,2018,9999,813,,,26,Ставропольский край,44.142403399999999,43.009075099999997
Изобильненский,07-713-000-000,городской округ Изобильненский,городской округ,,1,,г Изобильный,data-20180110-structure-20150128.csv,2018,2024,814,,,26,Ставропольский край,45.374079600000002,41.712115400000002
Ипатовский,07-714-000-000,городской округ Ипатовский,городской округ,,1,,г Ипатово,data-20180110-structure-20150128.csv,2018,2024,815,,,26,Ставропольский край,45.719723000000002,42.916285999999999
Кисловодск,07-715-000-000,городской округ город-курорт Кисловодск,городской округ,,1,,г Кисловодск,data-20180110-structure-20150128.csv,2018,2022,816,,transfer_3,26,Ставропольский край,43.912874299999999,42.719218599999998
Кировский,07-716-000-000,городской округ Кировский,городской округ,,1,,г Новопавловск,data-20180110-structure-20150128.csv,2018,2024,817,,,26,Ставропольский край,43.961891000000001,43.631100000000004
Лермонтов,07-718-000-000,городской округ город Лермонтов,городской округ,,1,,г Лермонтов,data-20180110-structure-20150128.csv,2018,9999,818,,,26,Ставропольский край,44.105046799999997,42.9731466
Минераловодский,07-721-000-000,городской округ Минераловодский,городской округ,,1,,г Минеральные Воды,data-20180110-structure-20150128.csv,2018,2024,819,,,26,Ставропольский край,44.210737700000003,43.134968999999998
Невинномысск,07-724-000-000,городской округ город Невинномысск,городской округ,,1,,г Невинномысск,data-20180110-structure-20150128.csv,2018,9999,820,,,26,Ставропольский край,44.624581399999997,41.947594100000003
Нефтекумский,07-725-000-000,городской округ Нефтекумский,городской округ,,1,,г Нефтекумск,data-20180110-structure-20150128.csv,2018,2024,821,,,26,Ставропольский край,44.752204999999996,44.985076999999997
Новоалександровский,07-726-000-000,городской округ Новоалександровский,городской округ,,1,,г Новоалександровск,data-20180110-structure-20150128.csv,2018,2024,822,,,26,Ставропольский край,45.495253200000001,41.219886600000002
Петровский,07-731-000-000,городской округ Петровский,городской округ,,1,,г Светлоград,data-20180110-structure-20150128.csv,2018,2024,823,,,26,Ставропольский край,45.340613300000001,42.845928600000001
Пятигорск,07-727-000-000,городской округ город-курорт Пятигорск,городской округ,,1,,г Пятигорск,data-20180110-structure-20150128.csv,2018,9999,824,,,26,Ставропольский край,44.039774999999999,43.070666899999999
Советский,07-735-000-000,городской округ Советский,городской округ,,1,,г Зеленокумск,data-20180110-structure-20150128.csv,2018,2024,825,,,26,Ставропольский край,44.403174999999997,43.884163000000001
Александровский,07-602-000-000,Александровский муниципальный район,муниципальный район,,1,,с Александровское,data-20180110-structure-20150128.csv,2018,2021,826,,,26,Ставропольский край,44.712477300000003,43.000500000000002
Андроповский,07-632-000-000,Андроповский муниципальный район,муниципальный район,,1,,с Курсавка,data-20180110-structure-20150128.csv,2018,2021,827,,,26,Ставропольский край,44.461642900000001,42.508231100000003
Апанасенковский,07-605-000-000,Апанасенковский муниципальный район,муниципальный район,,1,,с Дивное,data-20180110-structure-20150128.csv,2018,2021,828,,,26,Ставропольский край,45.910305000000001,43.341800999999997
Арзгирский,07-607-000-000,Арзгирский муниципальный район,муниципальный район,,1,,с Арзгир,data-20180110-structure-20150128.csv,2018,2021,829,,,26,Ставропольский край,45.369194,44.212685
Будённовский,07-612-000-000,Будённовский муниципальный район,муниципальный район,,1,,г Будённовск,data-20180110-structure-20150128.csv,2018,2021,830,,,26,Ставропольский край,44.780532999999998,44.163356999999998
Грачёвский,07-617-000-000,Грачёвский муниципальный район,муниципальный район,,1,,с Грачёвка,data-20180110-structure-20150128.csv,2018,2021,831,,,26,Ставропольский край,45.202821499999999,42.399056799999997
Кочубеевский,07-628-000-000,Кочубеевский муниципальный район,муниципальный район,,1,,с Кочубеевское,data-20180110-structure-20150128.csv,2018,2021,832,,,26,Ставропольский край,44.686731799999997,41.825955999999998
Красногвардейский,07-630-000-000,Красногвардейский муниципальный район,муниципальный район,,1,,с Красногвардейское,data-20180110-structure-20150128.csv,2018,2021,833,,,26,Ставропольский край,45.840508,41.514591000000003
Курский,07-633-000-000,Курский муниципальный район,муниципальный район,,1,,ст-ца Курская,data-20180110-structure-20150128.csv,2018,2021,834,,,26,Ставропольский край,44.043141400000003,44.462526599999997
Левокумский,07-636-000-000,Левокумский муниципальный район,муниципальный район,,1,,с Левокумское,data-20180110-structure-20150128.csv,2018,2021,835,,,26,Ставропольский край,44.822535999999999,44.660426999999999
Новоселицкий,07-644-000-000,Новоселицкий муниципальный район,муниципальный район,,1,,с Новоселицкое,data-20180110-structure-20150128.csv,2018,2021,836,,,26,Ставропольский край,44.756465800000001,43.434083000000001
Предгорный,07-648-000-000,Предгорный муниципальный район,муниципальный район,,1,,ст-ца Ессентукская,data-20180110-structure-20150128.csv,2018,2021,837,,,26,Ставропольский край,44.021651599999998,42.874233099999998
Степновский,07-652-000-000,Степновский муниципальный район,муниципальный район,,1,,с Степное,data-20180110-structure-20150128.csv,2018,2021,838,,,26,Ставропольский край,44.268863099999997,44.594409499999998
Труновский,07-654-000-000,Труновский муниципальный район,муниципальный район,,1,,с Донское,data-20180110-structure-20150128.csv,2018,2021,839,,,26,Ставропольский край,45.454815600000003,41.975638199999999
Туркменский,07-656-000-000,Туркменский муниципальный район,муниципальный район,,1,,с Летняя Ставка,data-20180110-structure-20150128.csv,2018,2021,840,,,26,Ставропольский край,45.426357000000003,43.442570000000003
Шпаковский,07-658-000-000,Шпаковский муниципальный район,муниципальный район,,1,,г Михайловск,data-20180110-structure-20150128.csv,2018,2021,841,,,26,Ставропольский край,45.132491299999998,42.026330399999999
Хабаровск,08-701-000-000,городской округ город Хабаровск,городской округ,административный_центр_субъекта,2,08-655-000-000,г Хабаровск,data-20180110-structure-20150128.csv,2018,9999,842,,,27,Хабаровский край,48.481256799999997,135.07629679999999
Комсомольск-на-Амуре,08-709-000-000,городской округ город Комсомольск-на-Амуре,городской округ,,2,08-620-000-000,г Комсомольск-на-Амуре,data-20180110-structure-20150128.csv,2018,9999,843,,,27,Хабаровский край,50.549727699999998,137.0099189
Амурский,08-603-000-000,Амурский муниципальный район,муниципальный район,,1,,г Амурск,data-20180110-structure-20150128.csv,2018,9999,844,,,27,Хабаровский край,50.226558799999999,136.9100919
Аяно-Майский,08-606-000-000,Аяно-Майский муниципальный район,муниципальный район,,1,,с Аян,data-20180110-structure-20150128.csv,2018,9999,845,,,27,Хабаровский край,56.460900700000003,138.18173390000001
Бикинский,08-609-000-000,Бикинский муниципальный район,муниципальный район,,1,,г Бикин,data-20180110-structure-20150128.csv,2018,9999,846,,,27,Хабаровский край,46.819363000000003,134.25482199999999
Ванинский,08-612-000-000,Ванинский муниципальный район,муниципальный район,,1,,рп Ванино,data-20180110-structure-20150128.csv,2018,9999,847,,,27,Хабаровский край,49.090480999999997,140.260864
Верхнебуреинский,08-614-000-000,Верхнебуреинский муниципальный район,муниципальный район,,1,,рп Чегдомын,data-20180110-structure-20150128.csv,2018,9999,848,,,27,Хабаровский край,51.134487,133.03555299999999
Вяземский,08-617-000-000,Вяземский муниципальный район,муниципальный район,,1,,г Вяземский,data-20180110-structure-20150128.csv,2018,9999,849,,,27,Хабаровский край,47.533454999999996,134.75787399999999
Комсомольский,08-620-000-000,Комсомольский муниципальный район,муниципальный район,,3,08-709-000-000,г Комсомольск-на-Амуре,data-20180110-structure-20150128.csv,2018,9999,850,,,27,Хабаровский край,50.549727699999998,137.0099189
Лазо,08-624-000-000,муниципальный район имени Лазо,муниципальный район,,1,,рп Переяславка,data-20180110-structure-20150128.csv,2018,9999,851,,,27,Хабаровский край,47.968635999999996,135.054947
Нанайский,08-628-000-000,Нанайский муниципальный район,муниципальный район,,1,,с Троицкое,data-20180110-structure-20150128.csv,2018,9999,852,,,27,Хабаровский край,49.441263599999999,136.54868733720289
Николаевский,08-631-000-000,Николаевский муниципальный район,муниципальный район,,1,,г Николаевск-на-Амуре,data-20180110-structure-20150128.csv,2018,9999,853,,,27,Хабаровский край,53.138728999999998,140.72493
Охотский,08-634-000-000,Охотский муниципальный район,муниципальный район,,1,,рп Охотск,data-20180110-structure-20150128.csv,2018,2024,854,,,27,Хабаровский край,59.361994699999997,143.2146511
Полины Осипенко,08-637-000-000,муниципальный район имени Полины Осипенко,муниципальный район,,1,,с им Полины Осипенко,data-20180110-structure-20150128.csv,2018,9999,855,,,27,Хабаровский край,52.422848000000002,136.48938000000001
Советско-Гаванский,08-642-000-000,Советско-Гаванский муниципальный район,муниципальный район,,1,,г Советская Гавань,data-20180110-structure-20150128.csv,2018,9999,856,,,27,Хабаровский край,48.966302599999999,140.28495799999999
Солнечный,08-644-000-000,Солнечный муниципальный район,муниципальный район,,1,,рп Солнечный,data-20180110-structure-20150128.csv,2018,9999,857,,,27,Хабаровский край,50.723807999999998,136.64006000000001
Тугуро-Чумиканский,08-646-000-000,Тугуро-Чумиканский муниципальный район,муниципальный район,,1,,с Чумикан,data-20180110-structure-20150128.csv,2018,9999,858,,,27,Хабаровский край,54.696181699999997,135.2824292
Ульчский,08-650-000-000,Ульчский муниципальный район,муниципальный район,,1,,с Богородское,data-20180110-structure-20150128.csv,2018,9999,859,,,27,Хабаровский край,52.382556399999999,140.45002737812851
Хабаровский,08-655-000-000,Хабаровский муниципальный район,муниципальный район,,3,08-701-000-000,г Хабаровск,data-20180110-structure-20150128.csv,2018,9999,860,,,27,Хабаровский край,48.481256799999997,135.07629679999999
Благовещенск,10-701-000-000,городской округ город Благовещенск,городской округ,административный_центр_субъекта,2,10-611-000-000;10-511-000-000,г Благовещенск,data-20180110-structure-20150128.csv,2018,9999,861,,,28,Амурская область,50.260041700000002,127.5337378
Белогорск,10-710-000-000,городской округ город Белогорск,городской округ,,2,10-608-000-000;10-508-000-000,г Белогорск,data-20180110-structure-20150128.csv,2018,9999,862,,,28,Амурская область,50.921326000000001,128.47287
Зея,10-712-000-000,городской округ город Зея,городской округ,,2,10-625-000-000;10-525-000-000,г Зея,data-20180110-structure-20150128.csv,2018,9999,863,,,28,Амурская область,53.740358399999998,127.2716246
Райчихинск,10-720-000-000,городской округ город Райчихинск,городской округ,,1,,г Райчихинск,data-20180110-structure-20150128.csv,2018,9999,864,,,28,Амурская область,49.796787999999999,129.4030842
Свободный,10-730-000-000,городской округ город Свободный,городской округ,,2,10-642-000-000,г Свободный,data-20180110-structure-20150128.csv,2018,9999,865,,,28,Амурская область,51.377353999999997,128.13475
Тында,10-732-000-000,городской округ город Тында,городской округ,,2,10-654-000-000;10-554-000-000,г Тында,data-20180110-structure-20150128.csv,2018,9999,866,,,28,Амурская область,55.149693999999997,124.73758840000001
Шимановск,10-740-000-000,городской округ город Шимановск,городской округ,,2,10-655-000-000;10-555-000-000,г Шимановск,data-20180110-structure-20150128.csv,2018,9999,867,,,28,Амурская область,51.998702199999997,127.67191560000001
Прогресс,10-775-000-000,городской округ рабочий поселок (поселок городского типа) Прогресс,городской округ,,1,,рп (пгт) Прогресс,data-20180110-structure-20150128.csv,2018,9999,868,,,28,Амурская область,49.742874800000003,129.67531890000001
Циолковский,10-770-000-000,городской округ ЗАТО Циолковский,городской округ,ЗАТО,1,,г Циолковский,data-20180110-structure-20150128.csv,2018,9999,869,,,28,Амурская область,51.763224399999999,128.13269628906579
Архаринский,10-605-000-000,Архаринский муниципальный район,муниципальный район,,1,,рп (пгт) Архара,data-20180110-structure-20150128.csv,2018,2023,870,,,28,Амурская область,49.4224283,130.0858308
Белогорский,10-608-000-000,Белогорский муниципальный район,муниципальный район,,3,10-710-000-000,г Белогорск,data-20180110-structure-20150128.csv,2018,2021,871,,,28,Амурская область,50.921326000000001,128.47287
Благовещенский,10-611-000-000,Благовещенский муниципальный район,муниципальный район,,3,10-701-000-000,г Благовещенск,data-20180110-structure-20150128.csv,2018,2023,872,,,28,Амурская область,50.260041700000002,127.5337378
Бурейский,10-615-000-000,Бурейский муниципальный район,муниципальный район,,1,,рп (пгт) Новобурейский,data-20180110-structure-20150128.csv,2018,2021,873,,,28,Амурская область,49.793960400000003,129.87341050000001
Завитинский,10-621-000-000,Завитинский муниципальный район,муниципальный район,,1,,г Завитинск,data-20180110-structure-20150128.csv,2018,2021,874,,,28,Амурская область,50.111153999999999,129.4402341
Зейский,10-625-000-000,Зейский муниципальный район,муниципальный район,,3,10-712-000-000,г Зея,data-20180110-structure-20150128.csv,2018,2024,875,,,28,Амурская область,53.740358399999998,127.2716246
Ивановский,10-628-000-000,Ивановский муниципальный район,муниципальный район,,1,,с Ивановка,data-20180110-structure-20150128.csv,2018,2021,876,,,28,Амурская область,50.358142999999998,128.003128
Константиновский,10-630-000-000,Константиновский муниципальный район,муниципальный район,,1,,с Константиновка,data-20180110-structure-20150128.csv,2018,9999,877,,,28,Амурская область,49.6180004,127.9852534
Магдагачинский,10-631-000-000,Магдагачинский муниципальный район,муниципальный район,,1,,рп (пгт) Магдагачи,data-20180110-structure-20150128.csv,2018,9999,878,,,28,Амурская область,53.450908599999998,125.8035421
Мазановский,10-632-000-000,Мазановский муниципальный район,муниципальный район,,1,,с Новокиевский Увал,data-20180110-structure-20150128.csv,2018,9999,879,,,28,Амурская область,51.662438700000003,128.920503
Михайловский,10-635-000-000,Михайловский муниципальный район,муниципальный район,,1,,с Поярково,data-20180110-structure-20150128.csv,2018,9999,880,,,28,Амурская область,49.621155000000002,128.65097
Октябрьский,10-638-000-000,Октябрьский муниципальный район,муниципальный район,,1,,с Екатеринославка,data-20180110-structure-20150128.csv,2018,9999,881,,,28,Амурская область,50.371284000000003,129.107193
Ромненский,10-640-000-000,Ромненский муниципальный район,муниципальный район,,1,,с Ромны,data-20180110-structure-20150128.csv,2018,2021,882,,,28,Амурская область,50.718390999999997,129.29092399999999
Свободненский,10-642-000-000,Свободненский муниципальный район,муниципальный район,,3,10-730-000-000,г Свободный,data-20180110-structure-20150128.csv,2018,9999,883,,,28,Амурская область,51.377353999999997,128.13475
Селемджинский,10-645-000-000,Селемджинский муниципальный район,муниципальный район,,1,,рп (пгт) Экимчан,data-20180110-structure-20150128.csv,2018,9999,884,,,28,Амурская область,53.068480999999998,132.940369
Серышевский,10-647-000-000,Серышевский муниципальный район,муниципальный район,,1,,рп (пгт) Серышево,data-20180110-structure-20150128.csv,2018,2023,885,,,28,Амурская область,51.091206,128.38092
Сковородинский,10-649-000-000,Сковородинский муниципальный район,муниципальный район,,1,,г Сковородино,data-20180110-structure-20150128.csv,2018,2023,886,,,28,Амурская область,53.986256699999998,123.9373454
Тамбовский,10-651-000-000,Тамбовский муниципальный район,муниципальный район,,1,,с Тамбовка,data-20180110-structure-20150128.csv,2018,2023,887,,,28,Амурская область,50.098019000000001,128.069885
Тындинский,10-654-000-000,Тындинский муниципальный район,муниципальный район,,3,10-732-000-000,г Тында,data-20180110-structure-20150128.csv,2018,2021,888,,,28,Амурская область,55.149693999999997,124.73758840000001
Шимановский,10-655-000-000,Шимановский муниципальный район,муниципальный район,,3,10-740-000-000,г Шимановск,data-20180110-structure-20150128.csv,2018,2023,889,,,28,Амурская область,51.998702199999997,127.67191560000001
Архангельск,11-701-000-000,городской округ город Архангельск,городской округ,административный_центр_субъекта,2,11-652-000-000;11-552-000-000,г Архангельск,data-20180110-structure-20150128.csv,2018,9999,890,,,29,Архангельская область,64.543021999999993,40.537120999999999
Коряжма,11-708-000-000,городской округ город Коряжма,городской округ,,1,,г Коряжма,data-20180110-structure-20150128.csv,2018,9999,891,,,29,Архангельская область,61.315252200000003,47.160729099999998
Котлас,11-710-000-000,городской округ Котлас,городской округ,,2,11-627-000-000;11-527-000-000,г Котлас,data-20180110-structure-20150128.csv,2018,9999,892,,,29,Архангельская область,61.252150999999998,46.647629000000002
Мирный,11-725-000-000,городской округ ЗАТО Мирный,городской округ,ЗАТО,1,,г Мирный,data-20180110-structure-20150128.csv,2018,9999,893,,,29,Архангельская область,62.762352,40.328643999999997
Новая Земля,11-712-000-000,городской округ Новая Земля,городской округ,,1,,рп Белушья Губа,data-20180110-structure-20150128.csv,2018,9999,894,,,29,Архангельская область,71.537698399999996,52.342734299999996
Новодвинск,11-715-000-000,городской округ город Новодвинск,городской округ,,1,,г Новодвинск,data-20180110-structure-20150128.csv,2018,9999,895,,,29,Архангельская область,64.419212000000002,40.793793000000001
Северодвинск,11-730-000-000,городской округ Северодвинск,городской округ,,1,,г Северодвинск,data-20180110-structure-20150128.csv,2018,9999,896,,,29,Архангельская область,64.563384999999997,39.823768999999999
Вельский,11-605-000-000,Вельский муниципальный район,муниципальный район,,1,,г Вельск,data-20180110-structure-20150128.csv,2018,9999,897,,,29,Архангельская область,61.075644599999997,42.097958200000001
Верхнетоемский,11-608-000-000,Верхнетоемский муниципальный район,муниципальный район,,1,,с Верхняя Тойма,data-20180110-structure-20150128.csv,2018,2022,898,,,29,Архангельская область,62.235364099999998,45.000789699999999
Вилегодский,11-611-000-000,Вилегодский муниципальный район,муниципальный район,,1,,с Ильинско-Подомское,data-20180110-structure-20150128.csv,2018,2021,899,,,29,Архангельская область,61.115704000000001,47.97831
Виноградовский,11-614-000-000,Виноградовский муниципальный район,муниципальный район,,1,,рп Березник,data-20180110-structure-20150128.csv,2018,2022,900,,,29,Архангельская область,62.855541000000002,42.710132999999999
Каргопольский,11-618-000-000,Каргопольский муниципальный район,муниципальный район,,1,,г Каргополь,data-20180110-structure-20150128.csv,2018,2021,901,,,29,Архангельская область,61.509121,38.940795999999999
Коношский,11-622-000-000,Коношский муниципальный район,муниципальный район,,1,,рп Коноша,data-20180110-structure-20150128.csv,2018,9999,902,,,29,Архангельская область,60.973812000000002,40.256709999999998
Котласский,11-627-000-000,Котласский муниципальный район,муниципальный район,,3,11-710-000-000,г Котлас,data-20180110-structure-20150128.csv,2018,2023,903,,,29,Архангельская область,61.252150999999998,46.647629000000002
Красноборский,11-630-000-000,Красноборский муниципальный район,муниципальный район,,1,,с Красноборск,data-20180110-structure-20150128.csv,2018,2024,904,,,29,Архангельская область,61.556373999999998,45.934134999999998
Ленский,11-635-000-000,Ленский муниципальный район,муниципальный район,,1,,с Яренск,data-20180110-structure-20150128.csv,2018,9999,905,,,29,Архангельская область,62.172482000000002,49.088965999999999
Лешуконский,11-638-000-000,Лешуконский муниципальный район,муниципальный район,,1,,с Лешуконское,data-20180110-structure-20150128.csv,2018,2023,906,,,29,Архангельская область,64.902480999999995,45.767242000000003
Мезенский,11-642-000-000,Мезенский муниципальный район,муниципальный район,,1,,г Мезень,data-20180110-structure-20150128.csv,2018,2023,907,,,29,Архангельская область,65.843956000000006,44.244140999999999
Няндомский,11-644-000-000,Няндомский муниципальный район,муниципальный район,,1,,г Няндома,data-20180110-structure-20150128.csv,2018,2023,908,,,29,Архангельская область,61.661298500000001,40.197040399999999
Онежский,11-646-000-000,Онежский муниципальный район,муниципальный район,,1,,г Онега,data-20180110-structure-20150128.csv,2018,9999,909,,,29,Архангельская область,63.911644000000003,38.094822000000001
Пинежский,11-648-000-000,Пинежский муниципальный район,муниципальный район,,1,,с Карпогоры,data-20180110-structure-20150128.csv,2018,2024,910,,,29,Архангельская область,64.001807999999997,44.442722000000003
Плесецкий,11-650-000-000,Плесецкий муниципальный район,муниципальный район,,1,,рп Плесецк,data-20180110-structure-20150128.csv,2018,2022,911,,,29,Архангельская область,62.709524000000002,40.284388499999999
Приморский,11-652-000-000,Приморский муниципальный район,муниципальный район,,3,11-701-000-000,г Архангельск,data-20180110-structure-20150128.csv,2018,2024,912,,,29,Архангельская область,64.543021999999993,40.537120999999999
Устьянский,11-654-000-000,Устьянский муниципальный район,муниципальный район,,1,,рп Октябрьский,data-20180110-structure-20150128.csv,2018,2023,913,,,29,Архангельская область,61.090485000000001,43.171481999999997
Холмогорский,11-656-000-000,Холмогорский муниципальный район,муниципальный район,,1,,с Холмогоры,data-20180110-structure-20150128.csv,2018,2023,914,,,29,Архангельская область,64.227000799999999,41.6512435
Шенкурский,11-658-000-000,Шенкурский муниципальный район,муниципальный район,,1,,г Шенкурск,data-20180110-structure-20150128.csv,2018,2023,915,,,29,Архангельская область,62.105927899999998,42.907643499999999
Нарьян-Мар,11-851-000-000,городской округ город Нарьян-Мар,городской округ,административный_центр_субъекта,1,,г Нарьян-Мар,data-20180110-structure-20150128.csv,2018,9999,916,,,83,Ненецкий автономный округ,67.638017500000004,53.007104400000003
Заполярный,11-811-000-000,муниципальный район Заполярный район,муниципальный район,,1,,рп Искателей,data-20180110-structure-20150128.csv,2018,9999,917,,,83,Ненецкий автономный округ,67.676238999999995,53.129215000000002
Астрахань,12-701-000-000,городской округ город Астрахань,городской округ,административный_центр_субъекта,1,,г Астрахань,data-20180110-structure-20150128.csv,2018,9999,918,,,30,Астраханская область,46.349830799999999,48.032620299999998
Знаменск,12-719-000-000,городской округ ЗАТО Знаменск,городской округ,ЗАТО,1,,г Знаменск,data-20180110-structure-20150128.csv,2018,9999,919,,,30,Астраханская область,48.588828999999997,45.725631999999997
Ахтубинский,12-605-000-000,Ахтубинский муниципальный район,муниципальный район,,1,,г Ахтубинск,data-20180110-structure-20150128.csv,2018,9999,920,,,30,Астраханская область,48.284813200000002,46.164370599999998
Володарский,12-610-000-000,Володарский муниципальный район,муниципальный район,,1,,п Володарский,data-20180110-structure-20150128.csv,2018,9999,921,,,30,Астраханская область,46.398243000000001,48.536437999999997
Енотаевский,12-615-000-000,Енотаевский муниципальный район,муниципальный район,,1,,с Енотаевка,data-20180110-structure-20150128.csv,2018,9999,922,,,30,Астраханская область,47.244399799999997,47.035491899999997
Икрянинский,12-620-000-000,Икрянинский муниципальный район,муниципальный район,,1,,с Икряное,data-20180110-structure-20150128.csv,2018,9999,923,,,30,Астраханская область,46.097921300000003,47.736268799999998
Камызякский,12-625-000-000,Камызякский муниципальный район,муниципальный район,,1,,г Камызяк,data-20180110-structure-20150128.csv,2018,9999,924,,,30,Астраханская область,46.120527000000003,48.081561700000002
Красноярский,12-630-000-000,Красноярский муниципальный район,муниципальный район,,1,,с Красный Яр,data-20180110-structure-20150128.csv,2018,9999,925,,,30,Астраханская область,46.532944899999997,48.352695099999998
Лиманский,12-635-000-000,Лиманский муниципальный район,муниципальный район,,1,,рп Лиман,data-20180110-structure-20150128.csv,2018,9999,926,,,30,Астраханская область,45.783508500000003,47.225547200000001
Наримановский,12-640-000-000,Наримановский муниципальный район,муниципальный район,,1,,г Нариманов,data-20180110-structure-20150128.csv,2018,9999,927,,,30,Астраханская область,46.679878299999999,47.86102647452168
Приволжский,12-642-000-000,Приволжский муниципальный район,муниципальный район,,1,,с Началово,data-20180110-structure-20150128.csv,2018,9999,928,,,30,Астраханская область,46.338798400000002,48.194564
Харабалинский,12-645-000-000,Харабалинский муниципальный район,муниципальный район,,1,,г Харабали,data-20180110-structure-20150128.csv,2018,9999,929,,,30,Астраханская область,47.408374199999997,47.253889899999997
Черноярский,12-650-000-000,Черноярский муниципальный район,муниципальный район,,1,,с Черный Яр,data-20180110-structure-20150128.csv,2018,9999,930,,,30,Астраханская область,48.061531000000002,46.113723999999998
Белгород,14-701-000-000,городской округ город Белгород,городской округ,административный_центр_субъекта,1,,г Белгород,data-20180110-structure-20150128.csv,2018,9999,931,,,31,Белгородская область,50.5955595,36.587339399999998
Губкинский,14-730-000-000,городской округ Губкинский,городской округ,,1,,г Губкин,data-20180110-structure-20150128.csv,2018,9999,932,,,31,Белгородская область,51.283714000000003,37.534660000000002
Старооскольский,14-740-000-000,городской округ Старооскольский,городской округ,,1,,г Старый Оскол,data-20180110-structure-20150128.csv,2018,9999,933,,,31,Белгородская область,51.298037999999998,37.833202
Алексеевский  и  Алексеевка,14-605-000-000,муниципальный район Алексеевский район и город Алексеевка,муниципальный район,,1,,г Алексеевка,data-20180110-structure-20150128.csv,2018,2019,934,,,31,Белгородская область,50.629936399999998,38.686715399999997
Белгородский,14-610-000-000,Белгородский муниципальный район,муниципальный район,,1,,п Майский,data-20180110-structure-20150128.csv,2018,9999,935,,,31,Белгородская область,50.523834700000002,36.456707100000003
Борисовский,14-615-000-000,Борисовский муниципальный район,муниципальный район,,1,,п Борисовка,data-20180110-structure-20150128.csv,2018,9999,936,,,31,Белгородская область,50.608940799999999,36.012492199999997
Валуйки и Валуйский,14-620-000-000,муниципальный район Город Валуйки и Валуйский район,муниципальный район,,1,,г Валуйки,data-20180110-structure-20150128.csv,2018,2019,937,,,31,Белгородская область,50.213388600000002,38.098696699999998
Вейделевский,14-625-000-000,Вейделевский муниципальный район,муниципальный район,,1,,п Вейделевка,data-20180110-structure-20150128.csv,2018,9999,938,,,31,Белгородская область,50.151896200000003,38.445308900000001
Волоконовский,14-630-000-000,Волоконовский муниципальный район,муниципальный район,,1,,п Волоконовка,data-20180110-structure-20150128.csv,2018,9999,939,,,31,Белгородская область,50.486155599999996,37.841126899999999
Грайворонский,14-632-000-000,Грайворонский муниципальный район,муниципальный район,,1,,г Грайворон,data-20180110-structure-20150128.csv,2018,2019,940,,,31,Белгородская область,50.483772799999997,35.671201799999999
Ивнянский,14-638-000-000,Ивнянский муниципальный район,муниципальный район,,1,,п Ивня,data-20180110-structure-20150128.csv,2018,9999,941,,,31,Белгородская область,51.062305000000002,36.137352
Корочанский,14-640-000-000,Корочанский муниципальный район,муниципальный район,,1,,г Короча,data-20180110-structure-20150128.csv,2018,9999,942,,,31,Белгородская область,50.810741,37.195315999999998
Красненский,14-641-000-000,Красненский муниципальный район,муниципальный район,,1,,с Красное,data-20180110-structure-20150128.csv,2018,9999,943,,,31,Белгородская область,50.931849999999997,38.679358999999998
Красногвардейский,14-642-000-000,Красногвардейский муниципальный район,муниципальный район,,1,,г Бирюч,data-20180110-structure-20150128.csv,2018,9999,944,,,31,Белгородская область,50.65234985,38.40550244400589
Краснояружский,14-643-000-000,Краснояружский муниципальный район,муниципальный район,,1,,п Красная Яруга,data-20180110-structure-20150128.csv,2018,9999,945,,,31,Белгородская область,50.800700999999997,35.655228000000001
Новооскольский,14-644-000-000,Новооскольский муниципальный район,муниципальный район,,1,,г Новый Оскол,data-20180110-structure-20150128.csv,2018,2019,946,,,31,Белгородская область,50.764426999999998,37.863337999999999
Прохоровский,14-646-000-000,Прохоровский муниципальный район,муниципальный район,,1,,п Прохоровка,data-20180110-structure-20150128.csv,2018,9999,947,,,31,Белгородская область,51.034546300000002,36.732464899999997
Ракитянский,14-648-000-000,Ракитянский муниципальный район,муниципальный район,,1,,п Ракитное,data-20180110-structure-20150128.csv,2018,9999,948,,,31,Белгородская область,50.833621999999998,35.832400999999997
Ровеньский,14-650-000-000,Ровеньский муниципальный район,муниципальный район,,1,,п Ровеньки,data-20180110-structure-20150128.csv,2018,9999,949,,,31,Белгородская область,49.914729999999999,38.892006000000002
Чернянский,14-654-000-000,Чернянский муниципальный район,муниципальный район,,1,,п Чернянка,data-20180110-structure-20150128.csv,2018,9999,950,,,31,Белгородская область,50.940876699999997,37.804174600000003
Шебекинский  и  Шебекино,14-656-000-000,муниципальный район Шебекинский район и город Шебекино,муниципальный район,,1,,г Шебекино,data-20180110-structure-20150128.csv,2018,2019,951,,,31,Белгородская область,50.457536900000001,37.09559306934095
Яковлевский,14-658-000-000,Яковлевский муниципальный район,муниципальный район,,1,,г Строитель,data-20180110-structure-20150128.csv,2018,2019,952,,,31,Белгородская область,50.785235999999998,36.485427999999999
Брянск,15-701-000-000,городской округ город Брянск,городской округ,административный_центр_субъекта,1,,г Брянск,data-20180110-structure-20150128.csv,2018,9999,953,,,32,Брянская область,53.336047399999998,34.219216000000003
Клинцы,15-715-000-000,городской округ город Клинцы,городской округ,,2,15-630-000-000,г Клинцы,data-20180110-structure-20150128.csv,2018,9999,954,,,32,Брянская область,52.758510999999999,32.240096999999999
Новозыбков,15-720-000-000,городской округ город Новозыбков,городской округ,,2,15-640-000-000,г Новозыбков,data-20180110-structure-20150128.csv,2018,2020,955,,union_6,32,Брянская область,52.537086000000002,31.933669999999999
Сельцо,15-725-000-000,городской округ город Сельцо,городской округ,,1,,г Сельцо,data-20180110-structure-20150128.csv,2018,9999,956,,,32,Брянская область,53.369976000000001,34.100616000000002
Фокино,15-710-000-000,городской округ город Фокино,городской округ,,1,,г Фокино,data-20180110-structure-20150128.csv,2018,9999,957,,,32,Брянская область,53.452662500000002,34.415458700000002
Стародуб,15-750-000-000,городской округ город Стародуб,городской округ,,2,15-650-000-000,г Стародуб,data-20180110-structure-20150128.csv,2018,2021,958,,union_11,32,Брянская область,52.584446,32.760097999999999
Брасовский,15-604-000-000,Брасовский муниципальный район,муниципальный район,,1,,п Локоть,data-20180110-structure-20150128.csv,2018,9999,959,,,32,Брянская область,52.572232,34.571667400000003
Брянский,15-608-000-000,Брянский муниципальный район,муниципальный район,,1,,с Глинищево,data-20180110-structure-20150128.csv,2018,9999,960,,,32,Брянская область,53.303204000000001,34.080036
Выгоничский,15-610-000-000,Выгоничский муниципальный район,муниципальный район,,1,,п Выгоничи,data-20180110-structure-20150128.csv,2018,9999,961,,,32,Брянская область,53.097799999999999,34.068300000000001
Гордеевский,15-611-000-000,Гордеевский муниципальный район,муниципальный район,,1,,с Гордеевка,data-20180110-structure-20150128.csv,2018,9999,962,,,32,Брянская область,52.958404999999999,31.973462999999999
Дубровский,15-612-000-000,Дубровский муниципальный район,муниципальный район,,1,,п Дубровка,data-20180110-structure-20150128.csv,2018,9999,963,,,32,Брянская область,53.689776999999999,33.504989999999999
Дятьковский,15-616-000-000,Дятьковский муниципальный район,муниципальный район,,1,,г Дятьково,data-20180110-structure-20150128.csv,2018,9999,964,,,32,Брянская область,53.600380399999999,34.333552300000001
Жирятинский,15-620-000-000,Жирятинский муниципальный район,муниципальный район,,1,,с Жирятино,data-20180110-structure-20150128.csv,2018,9999,965,,,32,Брянская область,53.22504,33.724643999999998
Жуковский,15-622-000-000,Жуковский муниципальный район,муниципальный район,,1,,г Жуковка,data-20180110-structure-20150128.csv,2018,2021,966,,,32,Брянская область,53.532960799999998,33.732086299999999
Злынковский,15-623-000-000,Злынковский муниципальный район,муниципальный район,,1,,г Злынка,data-20180110-structure-20150128.csv,2018,9999,967,,,32,Брянская область,52.427401799999998,31.737110600000001
Карачевский,15-624-000-000,Карачевский муниципальный район,муниципальный район,,1,,г Карачев,data-20180110-structure-20150128.csv,2018,9999,968,,,32,Брянская область,53.122182199999997,34.982590600000002
Клетнянский,15-626-000-000,Клетнянский муниципальный район,муниципальный район,,1,,п Клетня,data-20180110-structure-20150128.csv,2018,9999,969,,,32,Брянская область,53.385601000000001,33.215598999999997
Климовский,15-628-000-000,Климовский муниципальный район,муниципальный район,,1,,п Климово,data-20180110-structure-20150128.csv,2018,9999,970,,,32,Брянская область,52.377113949999988,32.189464187597949
Клинцовский,15-630-000-000,Клинцовский муниципальный район,муниципальный район,,3,15-715-000-000,г Клинцы,data-20180110-structure-20150128.csv,2018,9999,971,,,32,Брянская область,52.758510999999999,32.240096999999999
Комаричский,15-632-000-000,Комаричский муниципальный район,муниципальный район,,1,,п Комаричи,data-20180110-structure-20150128.csv,2018,9999,972,,,32,Брянская область,52.416153000000001,34.788485999999999
Красногорский,15-634-000-000,Красногорский муниципальный район,муниципальный район,,1,,п Красная Гора,data-20180110-structure-20150128.csv,2018,9999,973,,,32,Брянская область,53.0056558,31.6028497
Мглинский,15-636-000-000,Мглинский муниципальный район,муниципальный район,,1,,г Мглин,data-20180110-structure-20150128.csv,2018,9999,974,,,32,Брянская область,53.059191900000002,32.850007699999999
Навлинский,15-638-000-000,Навлинский муниципальный район,муниципальный район,,1,,п Навля,data-20180110-structure-20150128.csv,2018,9999,975,,,32,Брянская область,52.827132300000002,34.499384300000003
Новозыбковский,15-640-000-000,Новозыбковский муниципальный район,муниципальный район,,3,15-720-000-000,г Новозыбков,data-20180110-structure-20150128.csv,2018,2020,976,,union_6,32,Брянская область,52.537086000000002,31.933669999999999
Погарский,15-642-000-000,Погарский муниципальный район,муниципальный район,,1,,п Погар,data-20180110-structure-20150128.csv,2018,9999,977,,,32,Брянская область,52.554282999999998,33.263705999999999
Почепский,15-644-000-000,Почепский муниципальный район,муниципальный район,,1,,г Почеп,data-20180110-structure-20150128.csv,2018,9999,978,,,32,Брянская область,52.928780000000003,33.454535999999997
Рогнединский,15-646-000-000,Рогнединский муниципальный район,муниципальный район,,1,,п Рогнедино,data-20180110-structure-20150128.csv,2018,9999,979,,,32,Брянская область,53.797999900000001,33.5582578
Севский,15-648-000-000,Севский муниципальный район,муниципальный район,,1,,г Севск,data-20180110-structure-20150128.csv,2018,9999,980,,,32,Брянская область,52.156021000000003,34.494571999999998
Стародубский,15-650-000-000,Стародубский муниципальный район,муниципальный район,,3,15-750-000-000,г Стародуб,data-20180110-structure-20150128.csv,2018,2021,981,,union_11,32,Брянская область,52.584446,32.760097999999999
Суземский,15-652-000-000,Суземский муниципальный район,муниципальный район,,1,,п Суземка,data-20180110-structure-20150128.csv,2018,9999,982,,,32,Брянская область,52.316133000000001,34.075949600000001
Суражский,15-654-000-000,Суражский муниципальный район,муниципальный район,,1,,г Сураж,data-20180110-structure-20150128.csv,2018,9999,983,,,32,Брянская область,53.013150099999997,32.393163299999998
Трубчевский,15-656-000-000,Трубчевский муниципальный район,муниципальный район,,1,,г Трубчевск,data-20180110-structure-20150128.csv,2018,9999,984,,,32,Брянская область,52.583500000000001,33.767467000000003
Унечский,15-658-000-000,Унечский муниципальный район,муниципальный район,,1,,г Унеча,data-20180110-structure-20150128.csv,2018,9999,985,,,32,Брянская область,52.845100000000002,32.686700000000002
Владимир,17-701-000-000,городской округ город Владимир,городской округ,административный_центр_субъекта,1,,г Владимир,data-20180110-structure-20150128.csv,2018,9999,986,,,33,Владимирская область,56.128889899999997,40.407520300000002
Гусь-Хрустальный,17-720-000-000,городской округ город Гусь-Хрустальный,городской округ,,2,17-620-000-000,г Гусь-Хрустальный,data-20180110-structure-20150128.csv,2018,9999,987,,,33,Владимирская область,55.6149968,40.670866500000002
Ковров,17-725-000-000,городской округ город Ковров,городской округ,,2,17-635-000-000,г Ковров,data-20180110-structure-20150128.csv,2018,9999,988,,,33,Владимирская область,56.374603,41.311675999999999
Муром,17-735-000-000,городской округ округ Муром,городской округ,,2,17-644-000-000,г Муром,data-20180110-structure-20150128.csv,2018,9999,989,,,33,Владимирская область,55.573799999999999,42.044699999999999
Радужный,17-737-000-000,городской округ ЗАТО город Радужный,городской округ,ЗАТО,1,,г Радужный,data-20180110-structure-20150128.csv,2018,9999,990,,,33,Владимирская область,55.9939587,40.329441099999997
Александровский,17-605-000-000,Александровский муниципальный район,муниципальный район,,1,,г Александров,data-20180110-structure-20150128.csv,2018,9999,991,,,33,Владимирская область,56.392112650000001,38.711240267241337
Вязниковский,17-610-000-000,Вязниковский муниципальный район,муниципальный район,,1,,г Вязники,data-20180110-structure-20150128.csv,2018,9999,992,,,33,Владимирская область,56.246940299999999,42.158594800000003
Гороховецкий,17-615-000-000,Гороховецкий муниципальный район,муниципальный район,,1,,г Гороховец,data-20180110-structure-20150128.csv,2018,9999,993,,,33,Владимирская область,56.206569999999999,42.679034999999999
Гусь-Хрустальный,17-620-000-000,Гусь-Хрустальный муниципальный район,муниципальный район,,3,17-720-000-000,г Гусь-Хрустальный,data-20180110-structure-20150128.csv,2018,9999,994,,,33,Владимирская область,55.6149968,40.670866500000002
Камешковский,17-625-000-000,Камешковский муниципальный район,муниципальный район,,1,,г Камешково,data-20180110-structure-20150128.csv,2018,9999,995,,,33,Владимирская область,56.3462575,40.997098000000001
Киржачский,17-630-000-000,Киржачский муниципальный район,муниципальный район,,1,,г Киржач,data-20180110-structure-20150128.csv,2018,9999,996,,,33,Владимирская область,56.159222900000003,38.872125500000003
Ковровский,17-635-000-000,Ковровский муниципальный район,муниципальный район,,3,17-725-000-000,г Ковров,data-20180110-structure-20150128.csv,2018,9999,997,,,33,Владимирская область,56.374603,41.311675999999999
Кольчугинский,17-640-000-000,Кольчугинский муниципальный район,муниципальный район,,1,,г Кольчугино,data-20180110-structure-20150128.csv,2018,9999,998,,,33,Владимирская область,56.2939784,39.375993100000002
Меленковский,17-642-000-000,Меленковский муниципальный район,муниципальный район,,1,,г Меленки,data-20180110-structure-20150128.csv,2018,9999,999,,,33,Владимирская область,55.3368374,41.631406300000002
Муромский,17-644-000-000,Муромский муниципальный район,муниципальный район,,3,17-735-000-000,г Муром,data-20180110-structure-20150128.csv,2018,9999,1000,,,33,Владимирская область,55.573799999999999,42.044699999999999
Петушинский,17-646-000-000,Петушинский муниципальный район,муниципальный район,,1,,г Петушки,data-20180110-structure-20150128.csv,2018,9999,1001,,,33,Владимирская область,55.929801849999997,39.450831011906402
Селивановский,17-648-000-000,Селивановский муниципальный район,муниципальный район,,1,,п Красная Горбатка,data-20180110-structure-20150128.csv,2018,9999,1002,,,33,Владимирская область,55.865170300000003,41.766202800000002
Собинский,17-650-000-000,Собинский муниципальный район,муниципальный район,,1,,г Собинка,data-20180110-structure-20150128.csv,2018,9999,1003,,,33,Владимирская область,55.990397600000001,40.0150802
Судогодский,17-652-000-000,Судогодский муниципальный район,муниципальный район,,1,,г Судогда,data-20180110-structure-20150128.csv,2018,9999,1004,,,33,Владимирская область,55.956500749999996,40.876307139064153
Суздальский,17-654-000-000,Суздальский муниципальный район,муниципальный район,,1,,г Суздаль,data-20180110-structure-20150128.csv,2018,9999,1005,,,33,Владимирская область,56.419390800000002,40.448789300000001
Юрьев-Польский,17-656-000-000,Юрьев-Польский муниципальный район,муниципальный район,,1,,г Юрьев-Польский,data-20180110-structure-20150128.csv,2018,9999,1006,,,33,Владимирская область,56.497194800000003,39.678640000000001
Волгоград,18-701-000-000,городской округ город-герой Волгоград,городской округ,административный_центр_субъекта,1,,г Волгоград,data-20180110-structure-20150128.csv,2018,9999,1007,,,34,Волгоградская область,48.6484138,44.384975590129898
Волжский,18-710-000-000,городской округ город Волжский,городской округ,,1,,г Волжский,data-20180110-structure-20150128.csv,2018,9999,1008,,,34,Волгоградская область,48.786202099999997,44.751945399999997
Камышин,18-715-000-000,городской округ город Камышин,городской округ,,2,18-618-000-000,г Камышин,data-20180110-structure-20150128.csv,2018,9999,1009,,,34,Волгоградская область,50.080842199999999,45.404800299999998
Михайловка,18-720-000-000,городской округ город Михайловка,городской округ,,1,,г Михайловка,data-20180110-structure-20150128.csv,2018,9999,1010,,,34,Волгоградская область,50.079710900000002,43.234236500000002
Урюпинск,18-725-000-000,городской округ город Урюпинск,городской округ,,2,18-654-000-000,г Урюпинск,data-20180110-structure-20150128.csv,2018,9999,1011,,,34,Волгоградская область,50.797097200000003,42.005186600000002
Фролово,18-728-000-000,городской округ город Фролово,городской округ,,2,18-656-000-000,г Фролово,data-20180110-structure-20150128.csv,2018,9999,1012,,,34,Волгоградская область,49.764571099999998,43.653951599999999
Алексеевский,18-602-000-000,Алексеевский муниципальный район,муниципальный район,,1,,ст-ца Алексеевская,data-20180110-structure-20150128.csv,2018,9999,1013,,,34,Волгоградская область,50.290902500000001,42.184935799999998
Быковский,18-604-000-000,Быковский муниципальный район,муниципальный район,,1,,рп Быково,data-20180110-structure-20150128.csv,2018,9999,1014,,,34,Волгоградская область,49.766500000000001,45.383099999999999
Городищенский,18-605-000-000,Городищенский муниципальный район,муниципальный район,,1,,рп Городище,data-20180110-structure-20150128.csv,2018,9999,1015,,,34,Волгоградская область,48.810127000000001,44.476081999999998
Даниловский,18-606-000-000,Даниловский муниципальный район,муниципальный район,,1,,рп Даниловка,data-20180110-structure-20150128.csv,2018,9999,1016,,,34,Волгоградская область,50.3519626,44.120514399999998
Дубовский,18-608-000-000,Дубовский муниципальный район,муниципальный район,,1,,г Дубовка,data-20180110-structure-20150128.csv,2018,9999,1017,,,34,Волгоградская область,49.060519999999997,44.830776
Еланский,18-610-000-000,Еланский муниципальный район,муниципальный район,,1,,рп Елань,data-20180110-structure-20150128.csv,2018,9999,1018,,,34,Волгоградская область,50.946434000000004,43.743037999999999
Жирновский,18-612-000-000,Жирновский муниципальный район,муниципальный район,,1,,г Жирновск,data-20180110-structure-20150128.csv,2018,9999,1019,,,34,Волгоградская область,50.978779000000003,44.778908000000001
Иловлинский,18-614-000-000,Иловлинский муниципальный район,муниципальный район,,1,,рп Иловля,data-20180110-structure-20150128.csv,2018,9999,1020,,,34,Волгоградская область,49.306286,43.979027000000002
Калачевский,18-616-000-000,Калачевский муниципальный район,муниципальный район,,1,,г Калач-на-Дону,data-20180110-structure-20150128.csv,2018,9999,1021,,,34,Волгоградская область,48.6818764,43.537999800000001
Камышинский,18-618-000-000,Камышинский муниципальный район,муниципальный район,,3,18-715-000-000,г Камышин,data-20180110-structure-20150128.csv,2018,9999,1022,,,34,Волгоградская область,50.080842199999999,45.404800299999998
Киквидзенский,18-620-000-000,Киквидзенский муниципальный район,муниципальный район,,1,,ст-ца Преображенская,data-20180110-structure-20150128.csv,2018,9999,1023,,,34,Волгоградская область,50.741515999999997,43.056446000000001
Клетский,18-622-000-000,Клетский муниципальный район,муниципальный район,,1,,ст-ца Клетская,data-20180110-structure-20150128.csv,2018,9999,1024,,,34,Волгоградская область,49.311557999999998,43.059322000000002
Котельниковский,18-624-000-000,Котельниковский муниципальный район,муниципальный район,,1,,г Котельниково,data-20180110-structure-20150128.csv,2018,9999,1025,,,34,Волгоградская область,47.633227400000003,43.141089999999998
Котовский,18-626-000-000,Котовский муниципальный район,муниципальный район,,1,,г Котово,data-20180110-structure-20150128.csv,2018,9999,1026,,,34,Волгоградская область,50.322208000000003,44.801642999999999
Кумылженский,18-646-000-000,Кумылженский муниципальный район,муниципальный район,,1,,ст-ца Кумылженская,data-20180110-structure-20150128.csv,2018,9999,1027,,,34,Волгоградская область,49.880024599999999,42.591273700000002
Ленинский,18-630-000-000,Ленинский муниципальный район,муниципальный район,,1,,г Ленинск,data-20180110-structure-20150128.csv,2018,9999,1028,,,34,Волгоградская область,48.710284299999998,45.204052241119989
Нехаевский,18-634-000-000,Нехаевский муниципальный район,муниципальный район,,1,,ст-ца Нехаевская,data-20180110-structure-20150128.csv,2018,9999,1029,,,34,Волгоградская область,50.408290999999998,41.752254000000001
Николаевский,18-636-000-000,Николаевский муниципальный район,муниципальный район,,1,,г Николаевск,data-20180110-structure-20150128.csv,2018,9999,1030,,,34,Волгоградская область,50.028591250000012,45.463899134819577
Новоаннинский,18-638-000-000,Новоаннинский муниципальный район,муниципальный район,,1,,г Новоаннинский,data-20180110-structure-20150128.csv,2018,9999,1031,,,34,Волгоградская область,50.529674999999997,42.667361999999997
Новониколаевский,18-640-000-000,Новониколаевский муниципальный район,муниципальный район,,1,,рп Новониколаевский,data-20180110-structure-20150128.csv,2018,9999,1032,,,34,Волгоградская область,50.974930000000001,42.366272000000002
Октябрьский,18-642-000-000,Октябрьский муниципальный район,муниципальный район,,1,,рп Октябрьский,data-20180110-structure-20150128.csv,2018,9999,1033,,,34,Волгоградская область,47.968594000000003,43.653126
Ольховский,18-643-000-000,Ольховский муниципальный район,муниципальный район,,1,,с Ольховка,data-20180110-structure-20150128.csv,2018,9999,1034,,,34,Волгоградская область,49.852688000000001,44.562556999999998
Палласовский,18-645-000-000,Палласовский муниципальный район,муниципальный район,,1,,г Палласовка,data-20180110-structure-20150128.csv,2018,9999,1035,,,34,Волгоградская область,50.045298149999986,46.893160894975153
Руднянский,18-647-000-000,Руднянский муниципальный район,муниципальный район,,1,,рп Рудня,data-20180110-structure-20150128.csv,2018,9999,1036,,,34,Волгоградская область,50.796790999999999,44.556606000000002
Светлоярский,18-649-000-000,Светлоярский муниципальный район,муниципальный район,,1,,рп Светлый Яр,data-20180110-structure-20150128.csv,2018,9999,1037,,,34,Волгоградская область,48.477432,44.785167999999999
Серафимовичский,18-650-000-000,Серафимовичский муниципальный район,муниципальный район,,1,,г Серафимович,data-20180110-structure-20150128.csv,2018,9999,1038,,,34,Волгоградская область,49.580607999999998,42.730164000000002
Среднеахтубинский,18-651-000-000,Среднеахтубинский муниципальный район,муниципальный район,,1,,рп Средняя Ахтуба,data-20180110-structure-20150128.csv,2018,9999,1039,,,34,Волгоградская область,48.712878199999999,44.86866064696045
Старополтавский,18-652-000-000,Старополтавский муниципальный район,муниципальный район,,1,,с Старая Полтавка,data-20180110-structure-20150128.csv,2018,9999,1040,,,34,Волгоградская область,50.475101000000002,46.480801
Суровикинский,18-653-000-000,Суровикинский муниципальный район,муниципальный район,,1,,г Суровикино,data-20180110-structure-20150128.csv,2018,9999,1041,,,34,Волгоградская область,48.605141000000003,42.844147
Урюпинский,18-654-000-000,Урюпинский муниципальный район,муниципальный район,,3,18-725-000-000,г Урюпинск,data-20180110-structure-20150128.csv,2018,9999,1042,,,34,Волгоградская область,50.797097200000003,42.005186600000002
Фроловский,18-656-000-000,Фроловский муниципальный район,муниципальный район,,3,18-728-000-000,г Фролово,data-20180110-structure-20150128.csv,2018,9999,1043,,,34,Волгоградская область,49.764571099999998,43.653951599999999
Чернышковский,18-658-000-000,Чернышковский муниципальный район,муниципальный район,,1,,рп Чернышковский,data-20180110-structure-20150128.csv,2018,9999,1044,,,34,Волгоградская область,48.422198999999999,42.225616000000002
Вологда,19-701-000-000,городской округ город Вологда,городской округ,административный_центр_субъекта,2,19-620-000-000;19-520-000-000,г Вологда,data-20180110-structure-20150128.csv,2018,9999,1045,,,35,Вологодская область,59.2189391,39.893391299999998
Череповец,19-730-000-000,городской округ город Череповец,городской округ,,2,19-656-000-000,г Череповец,data-20180110-structure-20150128.csv,2018,9999,1046,,,35,Вологодская область,59.128695999999998,37.916389000000002
Бабаевский,19-605-000-000,Бабаевский муниципальный район,муниципальный район,,1,,г Бабаево,data-20180110-structure-20150128.csv,2018,2023,1047,,,35,Вологодская область,59.388712900000002,35.949995100000002
Бабушкинский,19-608-000-000,Бабушкинский муниципальный район,муниципальный район,,1,,с им Бабушкина,data-20180110-structure-20150128.csv,2018,2023,1048,,,35,Вологодская область,59.756736400000001,43.133563600000002
Белозерский,19-610-000-000,Белозерский муниципальный район,муниципальный район,,1,,г Белозерск,data-20180110-structure-20150128.csv,2018,2023,1049,,,35,Вологодская область,60.03199,37.784218899999999
Вашкинский,19-612-000-000,Вашкинский муниципальный район,муниципальный район,,1,,с Липин Бор,data-20180110-structure-20150128.csv,2018,2024,1050,,,35,Вологодская область,60.262201099999999,37.971445199999998
Великоустюгский,19-614-000-000,Великоустюгский муниципальный район,муниципальный район,,1,,г Великий Устюг,data-20180110-structure-20150128.csv,2018,2023,1051,,,35,Вологодская область,60.761285200000003,46.301466599999998
Верховажский,19-616-000-000,Верховажский муниципальный район,муниципальный район,,1,,с Верховажье,data-20180110-structure-20150128.csv,2018,2023,1052,,,35,Вологодская область,60.745161699999997,42.047316000000002
Вожегодский,19-618-000-000,Вожегодский муниципальный район,муниципальный район,,1,,рп Вожега,data-20180110-structure-20150128.csv,2018,2023,1053,,,35,Вологодская область,60.473630100000001,40.212161299999998
Вологодский,19-620-000-000,Вологодский муниципальный район,муниципальный район,,3,19-701-000-000,г Вологда,data-20180110-structure-20150128.csv,2018,2023,1054,,,35,Вологодская область,59.2189391,39.893391299999998
Вытегорский,19-622-000-000,Вытегорский муниципальный район,муниципальный район,,1,,г Вытегра,data-20180110-structure-20150128.csv,2018,9999,1055,,,35,Вологодская область,61.006498000000001,36.451492100000003
Грязовецкий,19-624-000-000,Грязовецкий муниципальный район,муниципальный район,,1,,г Грязовец,data-20180110-structure-20150128.csv,2018,2023,1056,,,35,Вологодская область,58.884169200000002,40.2515006
Кадуйский,19-626-000-000,Кадуйский муниципальный район,муниципальный район,,1,,рп Кадуй,data-20180110-structure-20150128.csv,2018,2023,1057,,,35,Вологодская область,59.199218999999999,37.148609
Кирилловский,19-628-000-000,Кирилловский муниципальный район,муниципальный район,,1,,г Кириллов,data-20180110-structure-20150128.csv,2018,2024,1058,,,35,Вологодская область,59.859057499999999,38.375869600000001
Кичменгско-Городецкий,19-630-000-000,Кичменгско-Городецкий муниципальный район,муниципальный район,,1,,с Кичменгский Городок,data-20180110-structure-20150128.csv,2018,2023,1059,,,35,Вологодская область,59.992337900000003,45.805567400000001
Междуреченский,19-632-000-000,Междуреченский муниципальный район,муниципальный район,,1,,с Шуйское,data-20180110-structure-20150128.csv,2018,2023,1060,,,35,Вологодская область,59.3746522,41.028218299999999
Никольский,19-634-000-000,Никольский муниципальный район,муниципальный район,,1,,г Никольск,data-20180110-structure-20150128.csv,2018,2024,1061,,,35,Вологодская область,59.530418599999997,45.458502899999999
Нюксенский,19-636-000-000,Нюксенский муниципальный район,муниципальный район,,1,,с Нюксеница,data-20180110-structure-20150128.csv,2018,2023,1062,,,35,Вологодская область,60.419795999999998,44.254550999999999
Сокольский,19-638-000-000,Сокольский муниципальный район,муниципальный район,,1,,г Сокол,data-20180110-structure-20150128.csv,2018,2023,1063,,,35,Вологодская область,59.462798999999997,40.112858000000003
Сямженский,19-640-000-000,Сямженский муниципальный район,муниципальный район,,1,,с Сямжа,data-20180110-structure-20150128.csv,2018,2023,1064,,,35,Вологодская область,60.021656,41.060516
Тарногский,19-642-000-000,Тарногский муниципальный район,муниципальный район,,1,,с Тарногский Городок,data-20180110-structure-20150128.csv,2018,2023,1065,,,35,Вологодская область,60.506615650000001,43.562054080431963
Тотемский,19-646-000-000,Тотемский муниципальный район,муниципальный район,,1,,г Тотьма,data-20180110-structure-20150128.csv,2018,2023,1066,,,35,Вологодская область,59.973625400000003,42.758733499999998
Усть-Кубинский,19-648-000-000,Усть-Кубинский муниципальный район,муниципальный район,,1,,с Устье,data-20180110-structure-20150128.csv,2018,2023,1067,,,35,Вологодская область,59.631698999999998,39.726298999999997
Устюженский,19-650-000-000,Устюженский муниципальный район,муниципальный район,,1,,г Устюжна,data-20180110-structure-20150128.csv,2018,2023,1068,,,35,Вологодская область,58.842820400000001,36.429698199999997
Харовский,19-652-000-000,Харовский муниципальный район,муниципальный район,,1,,г Харовск,data-20180110-structure-20150128.csv,2018,2023,1069,,,35,Вологодская область,59.953323699999999,40.206824900000001
Чагодощенский,19-654-000-000,Чагодощенский муниципальный район,муниципальный район,,1,,рп Чагода,data-20180110-structure-20150128.csv,2018,2023,1070,,,35,Вологодская область,59.163829999999997,35.329369
Череповецкий,19-656-000-000,Череповецкий муниципальный район,муниципальный район,,3,19-730-000-000,г Череповец,data-20180110-structure-20150128.csv,2018,9999,1071,,,35,Вологодская область,59.128695999999998,37.916389000000002
Шекснинский,19-658-000-000,Шекснинский муниципальный район,муниципальный район,,1,,рп Шексна,data-20180110-structure-20150128.csv,2018,9999,1072,,,35,Вологодская область,59.206945699999999,38.500985100000001
Воронеж,20-701-000-000,городской округ город Воронеж,городской округ,административный_центр_субъекта,1,,г Воронеж,data-20180110-structure-20150128.csv,2018,9999,1073,,,36,Воронежская область,51.660598200000003,39.200585799999999
Борисоглебский,20-710-000-000,городской округ Борисоглебский,городской округ,,1,,г Борисоглебск,data-20180110-structure-20150128.csv,2018,9999,1074,,,36,Воронежская область,51.368015,42.075169000000002
Нововоронеж,20-727-000-000,городской округ город Нововоронеж,городской округ,,1,,г Нововоронеж,data-20180110-structure-20150128.csv,2018,9999,1075,,,36,Воронежская область,51.309049999999999,39.2160054
Аннинский,20-602-000-000,Аннинский муниципальный район,муниципальный район,,1,,пгт Анна,data-20180110-structure-20150128.csv,2018,9999,1076,,,36,Воронежская область,51.488498999999997,40.417392999999997
Бобровский,20-604-000-000,Бобровский муниципальный район,муниципальный район,,1,,г Бобров,data-20180110-structure-20150128.csv,2018,9999,1077,,,36,Воронежская область,51.096799900000001,40.030779799999998
Богучарский,20-605-000-000,Богучарский муниципальный район,муниципальный район,,1,,г Богучар,data-20180110-structure-20150128.csv,2018,9999,1078,,,36,Воронежская область,49.932449800000001,40.554475400000001
Бутурлиновский,20-608-000-000,Бутурлиновский муниципальный район,муниципальный район,,1,,г Бутурлиновка,data-20180110-structure-20150128.csv,2018,9999,1079,,,36,Воронежская область,50.828491,40.587322
Верхнемамонский,20-610-000-000,Верхнемамонский муниципальный район,муниципальный район,,1,,с Верхний Мамон,data-20180110-structure-20150128.csv,2018,9999,1080,,,36,Воронежская область,50.167764599999998,40.3966104
Верхнехавский,20-611-000-000,Верхнехавский муниципальный район,муниципальный район,,1,,с Верхняя Хава,data-20180110-structure-20150128.csv,2018,9999,1081,,,36,Воронежская область,51.843956800000001,39.9334627
Воробьёвский,20-612-000-000,Воробьёвский муниципальный район,муниципальный район,,1,,с Воробьёвка,data-20180110-structure-20150128.csv,2018,9999,1082,,,36,Воронежская область,50.645149000000004,40.924503000000001
Грибановский,20-613-000-000,Грибановский муниципальный район,муниципальный район,,1,,пгт Грибановский,data-20180110-structure-20150128.csv,2018,9999,1083,,,36,Воронежская область,51.450347999999998,41.960777
Калачеевский,20-615-000-000,Калачеевский муниципальный район,муниципальный район,,1,,г Калач,data-20180110-structure-20150128.csv,2018,9999,1084,,,36,Воронежская область,50.425951900000001,41.016172099999999
Каменский,20-617-000-000,Каменский муниципальный район,муниципальный район,,1,,пгт Каменка,data-20180110-structure-20150128.csv,2018,9999,1085,,,36,Воронежская область,50.713000999999998,39.432597999999999
Кантемировский,20-619-000-000,Кантемировский муниципальный район,муниципальный район,,1,,рп Кантемировка,data-20180110-structure-20150128.csv,2018,9999,1086,,,36,Воронежская область,49.702281999999997,39.854115
Каширский,20-620-000-000,Каширский муниципальный район,муниципальный район,,1,,с Каширское,data-20180110-structure-20150128.csv,2018,9999,1087,,,36,Воронежская область,51.408161,39.588478000000002
Лискинский,20-621-000-000,Лискинский муниципальный район,муниципальный район,,1,,г Лиски,data-20180110-structure-20150128.csv,2018,9999,1088,,,36,Воронежская область,50.987381300000003,39.497232099999998
Нижнедевицкий,20-623-000-000,Нижнедевицкий муниципальный район,муниципальный район,,1,,с Нижнедевицк,data-20180110-structure-20150128.csv,2018,9999,1089,,,36,Воронежская область,51.545900000000003,38.363799999999998
Новоусманский,20-625-000-000,Новоусманский муниципальный район,муниципальный район,,1,,с Новая Усмань,data-20180110-structure-20150128.csv,2018,9999,1090,,,36,Воронежская область,51.643969200000001,39.410700900000002
Новохопёрский,20-627-000-000,Новохопёрский муниципальный район,муниципальный район,,1,,г Новохопёрск,data-20180110-structure-20150128.csv,2018,9999,1091,,,36,Воронежская область,51.095146,41.616954999999997
Ольховатский,20-629-000-000,Ольховатский муниципальный район,муниципальный район,,1,,рп Ольховатка,data-20180110-structure-20150128.csv,2018,9999,1092,,,36,Воронежская область,50.280743000000001,39.297153000000002
Острогожский,20-631-000-000,Острогожский муниципальный район,муниципальный район,,1,,г Острогожск,data-20180110-structure-20150128.csv,2018,9999,1093,,,36,Воронежская область,50.864902000000001,39.077244
Павловский,20-633-000-000,Павловский муниципальный район,муниципальный район,,1,,г Павловск,data-20180110-structure-20150128.csv,2018,9999,1094,,,36,Воронежская область,50.4520214,40.139966299999998
Панинский,20-635-000-000,Панинский муниципальный район,муниципальный район,,1,,рп Панино,data-20180110-structure-20150128.csv,2018,9999,1095,,,36,Воронежская область,51.648147999999999,40.134346000000001
Петропавловский,20-637-000-000,Петропавловский муниципальный район,муниципальный район,,1,,с Петропавловка,data-20180110-structure-20150128.csv,2018,9999,1096,,,36,Воронежская область,50.093231000000003,40.885334
Поворинский,20-639-000-000,Поворинский муниципальный район,муниципальный район,,1,,г Поворино,data-20180110-structure-20150128.csv,2018,9999,1097,,,36,Воронежская область,51.199275999999998,42.240940000000002
Подгоренский,20-641-000-000,Подгоренский муниципальный район,муниципальный район,,1,,пгт Подгоренский,data-20180110-structure-20150128.csv,2018,9999,1098,,,36,Воронежская область,50.403613999999997,39.638832000000001
Рамонский,20-643-000-000,Рамонский муниципальный район,муниципальный район,,1,,рп Рамонь,data-20180110-structure-20150128.csv,2018,9999,1099,,,36,Воронежская область,51.910381000000001,39.342143999999998
Репьёвский,20-645-000-000,Репьёвский муниципальный район,муниципальный район,,1,,с Репьёвка,data-20180110-structure-20150128.csv,2018,9999,1100,,,36,Воронежская область,51.080556999999999,38.643905799999999
Россошанский,20-647-000-000,Россошанский муниципальный район,муниципальный район,,1,,г Россошь,data-20180110-structure-20150128.csv,2018,9999,1101,,,36,Воронежская область,50.196187399999999,39.576485699999999
Семилукский,20-649-000-000,Семилукский муниципальный район,муниципальный район,,1,,г Семилуки,data-20180110-structure-20150128.csv,2018,9999,1102,,,36,Воронежская область,51.690403000000003,39.022185999999998
Таловский,20-651-000-000,Таловский муниципальный район,муниципальный район,,1,,рп Таловая,data-20180110-structure-20150128.csv,2018,9999,1103,,,36,Воронежская область,51.116546450000001,40.724936285843533
Терновский,20-654-000-000,Терновский муниципальный район,муниципальный район,,1,,с Терновка,data-20180110-structure-20150128.csv,2018,9999,1104,,,36,Воронежская область,51.684981999999998,41.590941999999998
Хохольский,20-656-000-000,Хохольский муниципальный район,муниципальный район,,1,,рп Хохольский,data-20180110-structure-20150128.csv,2018,9999,1105,,,36,Воронежская область,51.577921699999997,38.786651499999998
Эртильский,20-658-000-000,Эртильский муниципальный район,муниципальный район,,1,,г Эртиль,data-20180110-structure-20150128.csv,2018,9999,1106,,,36,Воронежская область,51.8367188,40.798280400000003
Иваново,24-701-000-000,городской округ Иваново,городской округ,административный_центр_субъекта,2,24-607-000-000,г Иваново,data-20180110-structure-20150128.csv,2018,9999,1107,,,37,Ивановская область,56.998445199999999,40.973739399999999
Вичуга,24-703-000-000,городской округ Вичуга,городской округ,,2,24-601-000-000,г Вичуга,data-20180110-structure-20150128.csv,2018,9999,1108,,,37,Ивановская область,57.220073499999998,41.9239228
Кинешма,24-705-000-000,городской округ Кинешма,городской округ,,2,24-611-000-000,г Кинешма,data-20180110-structure-20150128.csv,2018,9999,1109,,,37,Ивановская область,57.4426901,42.168783400000002
Кохма,24-706-000-000,городской округ Кохма,городской округ,,1,,г Кохма,data-20180110-structure-20150128.csv,2018,9999,1110,,,37,Ивановская область,56.931544799999998,41.093940199999999
Тейково,24-707-000-000,городской округ Тейково,городской округ,,2,24-629-000-000,г Тейково,data-20180110-structure-20150128.csv,2018,9999,1111,,,37,Ивановская область,56.855475300000002,40.540586300000001
Шуя,24-711-000-000,городской округ Шуя,городской округ,,2,24-633-000-000,г Шуя,data-20180110-structure-20150128.csv,2018,9999,1112,,,37,Ивановская область,56.855846499999998,41.383849599999998
Вичугский,24-601-000-000,Вичугский муниципальный район,муниципальный район,,3,24-703-000-000,г Вичуга,data-20180110-structure-20150128.csv,2018,9999,1113,,,37,Ивановская область,57.220073499999998,41.9239228
Верхнеландеховский,24-602-000-000,Верхнеландеховский муниципальный район,муниципальный район,,1,,п Верхний Ландех,data-20180110-structure-20150128.csv,2018,9999,1114,,,37,Ивановская область,56.840488000000001,42.595818000000001
Гаврилово-Посадский,24-603-000-000,Гаврилово-Посадский муниципальный район,муниципальный район,,1,,г Гаврилов Посад,data-20180110-structure-20150128.csv,2018,9999,1115,,,37,Ивановская область,56.558550099999998,40.1205669
Заволжский,24-605-000-000,Заволжский муниципальный район,муниципальный район,,1,,г Заволжск,data-20180110-structure-20150128.csv,2018,9999,1116,,,37,Ивановская область,57.477843849999999,42.140069343047948
Ивановский,24-607-000-000,Ивановский муниципальный район,муниципальный район,,3,24-701-000-000,г Иваново,data-20180110-structure-20150128.csv,2018,9999,1117,,,37,Ивановская область,56.998445199999999,40.973739399999999
Ильинский,24-609-000-000,Ильинский муниципальный район,муниципальный район,,1,,п Ильинское-Хованское,data-20180110-structure-20150128.csv,2018,9999,1118,,,37,Ивановская область,56.971363699999998,39.771470200000003
Кинешемский,24-611-000-000,Кинешемский муниципальный район,муниципальный район,,3,24-705-000-000,г Кинешма,data-20180110-structure-20150128.csv,2018,9999,1119,,,37,Ивановская область,57.4426901,42.168783400000002
Комсомольский,24-613-000-000,Комсомольский муниципальный район,муниципальный район,,1,,г Комсомольск,data-20180110-structure-20150128.csv,2018,9999,1120,,,37,Ивановская область,57.027321000000001,40.377602000000003
Лежневский,24-614-000-000,Лежневский муниципальный район,муниципальный район,,1,,п Лежнево,data-20180110-structure-20150128.csv,2018,9999,1121,,,37,Ивановская область,56.775677000000002,40.887329000000001
Лухский,24-615-000-000,Лухский муниципальный район,муниципальный район,,1,,п Лух,data-20180110-structure-20150128.csv,2018,9999,1122,,,37,Ивановская область,57.007736000000001,42.252234999999999
Палехский,24-617-000-000,Палехский муниципальный район,муниципальный район,,1,,п Палех,data-20180110-structure-20150128.csv,2018,9999,1123,,,37,Ивановская область,56.802384199999999,41.853992499999997
Пестяковский,24-619-000-000,Пестяковский муниципальный район,муниципальный район,,1,,п Пестяки,data-20180110-structure-20150128.csv,2018,9999,1124,,,37,Ивановская область,56.708753899999998,42.670508300000002
Приволжский,24-620-000-000,Приволжский муниципальный район,муниципальный район,,1,,г Приволжск,data-20180110-structure-20150128.csv,2018,9999,1125,,,37,Ивановская область,57.380333,41.281177999999997
Пучежский,24-621-000-000,Пучежский муниципальный район,муниципальный район,,1,,г Пучеж,data-20180110-structure-20150128.csv,2018,9999,1126,,,37,Ивановская область,56.982097699999997,43.168061999999999
Родниковский,24-623-000-000,Родниковский муниципальный район,муниципальный район,,1,,г Родники,data-20180110-structure-20150128.csv,2018,9999,1127,,,37,Ивановская область,57.105224999999997,41.728389999999997
Савинский,24-625-000-000,Савинский муниципальный район,муниципальный район,,1,,п Савино,data-20180110-structure-20150128.csv,2018,9999,1128,,,37,Ивановская область,56.5907172,41.2151323
Тейковский,24-629-000-000,Тейковский муниципальный район,муниципальный район,,3,24-707-000-000,г Тейково,data-20180110-structure-20150128.csv,2018,9999,1129,,,37,Ивановская область,56.855475300000002,40.540586300000001
Фурмановский,24-631-000-000,Фурмановский муниципальный район,муниципальный район,,1,,г Фурманов,data-20180110-structure-20150128.csv,2018,9999,1130,,,37,Ивановская область,57.248756,41.109229999999997
Шуйский,24-633-000-000,Шуйский муниципальный район,муниципальный район,,3,24-711-000-000,г Шуя,data-20180110-structure-20150128.csv,2018,9999,1131,,,37,Ивановская область,56.855846499999998,41.383849599999998
Южский,24-635-000-000,Южский муниципальный район,муниципальный район,,1,,г Южа,data-20180110-structure-20150128.csv,2018,9999,1132,,,37,Ивановская область,56.584042799999999,42.010924899999999
Юрьевецкий,24-637-000-000,Юрьевецкий муниципальный район,муниципальный район,,1,,г Юрьевец,data-20180110-structure-20150128.csv,2018,9999,1133,,,37,Ивановская область,57.306543649999988,43.103271695738933
Иркутск,25-701-000-000,городской округ город Иркутск,городской округ,административный_центр_субъекта,2,25-612-000-000,г Иркутск,data-20180110-structure-20150128.csv,2018,9999,1134,,,38,Иркутская область,52.289122499999998,104.27982900000001
Ангарский,25-703-000-000,городской округ Ангарский,городской округ,,1,,г Ангарск,data-20220425-structure-20150128.csv,2018,9999,1135,,,38,Иркутская область,52.544316700000003,103.8882138
Братск,25-714-000-000,городской округ город Братск,городской округ,,2,25-604-000-000,г Братск,data-20180110-structure-20150128.csv,2018,9999,1136,,,38,Иркутская область,56.151708499999998,101.6334907
Зима,25-720-000-000,городской округ Зима,городской округ,,1,,г Зима,data-20180110-structure-20150128.csv,2018,9999,1137,,,38,Иркутская область,53.9211241,102.0491543
Саянск,25-726-000-000,городской округ город Саянск,городской округ,,1,,г Саянск,data-20180110-structure-20150128.csv,2018,9999,1138,,,38,Иркутская область,54.112330100000001,102.1785158
Тулун,25-732-000-000,городской округ город Тулун,городской округ,,2,25-638-000-000,г Тулун,data-20180110-structure-20150128.csv,2018,9999,1139,,,38,Иркутская область,54.562095999999997,100.579216
Усолье-Сибирское,25-736-000-000,городской округ город Усолье-Сибирское,городской округ,,1,,г Усолье-Сибирское,data-20180110-structure-20150128.csv,2018,9999,1140,,,38,Иркутская область,52.751201299999998,103.66216249999999
Усть-Илимск,25-738-000-000,городской округ город Усть-Илимск,городской округ,,2,25-642-000-000,г Усть-Илимск,data-20180110-structure-20150128.csv,2018,9999,1141,,,38,Иркутская область,57.959473000000003,102.73419199999999
Черемхово,25-745-000-000,городской округ город Черемхово,городской округ,,2,25-648-000-000,г Черемхово,data-20221219-structure-20150128.csv,2018,9999,1142,,,38,Иркутская область,53.148434000000002,103.070145
Свирск,25-746-000-000,городской округ город Свирск,городской округ,,1,,г Свирск,data-20220425-structure-20150128.csv,2018,9999,1143,,,38,Иркутская область,53.066268999999998,103.342331
Балаганский,25-601-000-000,Балаганский муниципальный район,муниципальный район,,1,,рп Балаганск,data-20180110-structure-20150128.csv,2018,9999,1144,,,38,Иркутская область,54.006798000000003,103.054024
Бодайбинский,25-602-000-000,Бодайбинский муниципальный район,муниципальный район,,1,,г Бодайбо,data-20180110-structure-20150128.csv,2018,9999,1145,,,38,Иркутская область,57.849952500000001,114.2039967
Братский,25-604-000-000,Братский муниципальный район,муниципальный район,,3,25-714-000-000,г Братск,data-20180110-structure-20150128.csv,2018,9999,1146,,,38,Иркутская область,56.151708499999998,101.6334907
Жигаловский,25-606-000-000,Жигаловский муниципальный район,муниципальный район,,1,,рп Жигалово,data-20180110-structure-20150128.csv,2018,9999,1147,,,38,Иркутская область,54.812668000000002,105.15228999999999
Заларинский,25-608-000-000,Заларинский муниципальный район,муниципальный район,,1,,рп Залари,data-20180110-structure-20150128.csv,2018,9999,1148,,,38,Иркутская область,53.566237999999998,102.515991
Зиминский,25-610-000-000,Зиминский муниципальный район,муниципальный район,,1,,г Зима,data-20180110-structure-20150128.csv,2018,9999,1149,,,38,Иркутская область,53.9211241,102.0491543
Иркутский,25-612-000-000,Иркутский муниципальный район,муниципальный район,,3,25-701-000-000,г Иркутск,data-20180110-structure-20150128.csv,2018,9999,1150,,,38,Иркутская область,52.289122499999998,104.27982900000001
Казачинско-Ленский,25-614-000-000,Казачинско-Ленский муниципальный район,муниципальный район,,1,,с Казачинское,data-20180110-structure-20150128.csv,2018,9999,1151,,,38,Иркутская область,56.271586999999997,107.567009
Катангский,25-616-000-000,Катангский муниципальный район,муниципальный район,,1,,с Ербогачён,data-20180110-structure-20150128.csv,2018,9999,1152,,,38,Иркутская область,61.275021000000002,108.00971199999999
Качугский,25-618-000-000,Качугский муниципальный район,муниципальный район,,1,,рп Качуг,data-20180110-structure-20150128.csv,2018,9999,1153,,,38,Иркутская область,53.960819000000001,105.885147
Киренский,25-620-000-000,Киренский муниципальный район,муниципальный район,,1,,г Киренск,data-20180110-structure-20150128.csv,2018,9999,1154,,,38,Иркутская область,57.776356,108.11629499999999
Куйтунский,25-622-000-000,Куйтунский муниципальный район,муниципальный район,,1,,рп Куйтун,data-20180110-structure-20150128.csv,2018,9999,1155,,,38,Иркутская область,54.344154000000003,101.50619500000001
Мамско-Чуйский,25-624-000-000,Мамско-Чуйский муниципальный район,муниципальный район,,1,,рп Мама,data-20180110-structure-20150128.csv,2018,9999,1156,,,38,Иркутская область,58.310555000000001,112.903419
Нижнеилимский,25-626-000-000,Нижнеилимский муниципальный район,муниципальный район,,1,,г Железногорск-Илимский,data-20180110-structure-20150128.csv,2018,9999,1157,,,38,Иркутская область,56.577914999999997,104.12294
Нижнеудинский,25-628-000-000,Нижнеудинский муниципальный район,муниципальный район,,1,,г Нижнеудинск,data-20180110-structure-20150128.csv,2018,9999,1158,,,38,Иркутская область,54.9084881,99.030286200000006
Ольхонский,25-630-000-000,Ольхонский муниципальный район,муниципальный район,,1,,с Еланцы,data-20180110-structure-20150128.csv,2018,9999,1159,,,38,Иркутская область,52.799557,106.40456399999999
Слюдянский,25-634-000-000,Слюдянский муниципальный район,муниципальный район,,1,,г Слюдянка,data-20180110-structure-20150128.csv,2018,9999,1160,,,38,Иркутская область,51.656768999999997,103.719292
Тайшетский,25-636-000-000,Тайшетский муниципальный район,муниципальный район,,1,,г Тайшет,data-20180110-structure-20150128.csv,2018,9999,1161,,,38,Иркутская область,55.938530399999998,98.019671099999996
Тулунский,25-638-000-000,Тулунский муниципальный район,муниципальный район,,3,25-732-000-000,г Тулун,data-20180110-structure-20150128.csv,2018,9999,1162,,,38,Иркутская область,54.562095999999997,100.579216
Усольский,25-640-000-000,Усольский муниципальный район,муниципальный район,,1,,рп Белореченский,data-20180110-structure-20150128.csv,2018,9999,1163,,,38,Иркутская область,52.814217399999997,103.52552
Усть-Илимский,25-642-000-000,Усть-Илимский муниципальный район,муниципальный район,,3,25-738-000-000,г Усть-Илимск,data-20180110-structure-20150128.csv,2018,9999,1164,,,38,Иркутская область,57.959473000000003,102.73419199999999
Усть-Кутский,25-644-000-000,Усть-Кутский муниципальный район,муниципальный район,,1,,г Усть-Кут,data-20180110-structure-20150128.csv,2018,9999,1165,,,38,Иркутская область,56.781002600000001,105.7460255
Усть-Удинский,25-646-000-000,Усть-Удинский муниципальный район,муниципальный район,,1,,рп Усть-Уда,data-20180110-structure-20150128.csv,2018,9999,1166,,,38,Иркутская область,54.1691395,103.0319541036817
Черемховский,25-648-000-000,Черемховский муниципальный район,муниципальный район,,3,25-745-000-000,г Черемхово,data-20180110-structure-20150128.csv,2018,9999,1167,,,38,Иркутская область,53.148434000000002,103.070145
Чунский,25-650-000-000,Чунский муниципальный район,муниципальный район,,1,,рп Чунский,data-20180110-structure-20150128.csv,2018,9999,1168,,,38,Иркутская область,56.091248,99.633705000000006
Шелеховский,25-655-000-000,Шелеховский муниципальный район,муниципальный район,,1,,г Шелехов,data-20180110-structure-20150128.csv,2018,9999,1169,,,38,Иркутская область,52.209747800000002,104.097683
Аларский,25-605-000-000,Аларский муниципальный район,муниципальный район,,1,,п Кутулик,data-20180110-structure-20150128.csv,2018,9999,1170,,,38,Иркутская область,53.349414699999997,102.7949052
Баяндаевский,25-607-000-000,Баяндаевский муниципальный район,муниципальный район,,1,,с Баяндай,data-20180110-structure-20150128.csv,2018,9999,1171,,,38,Иркутская область,53.067225999999998,105.517876
Боханский,25-609-000-000,Боханский муниципальный район,муниципальный район,,1,,п Бохан,data-20180110-structure-20150128.csv,2018,9999,1172,,,38,Иркутская область,53.153561000000003,103.766212
Нукутский,25-629-000-000,Нукутский муниципальный район,муниципальный район,,1,,п Новонукутский,data-20180110-structure-20150128.csv,2018,9999,1173,,,38,Иркутская область,53.700245000000002,102.71154799999999
Осинский,25-631-000-000,Осинский муниципальный район,муниципальный район,,1,,с Оса,data-20180110-structure-20150128.csv,2018,9999,1174,,,38,Иркутская область,53.388348000000001,103.87745700000001
Эхирит-Булагатский,25-657-000-000,Эхирит-Булагатский муниципальный район,муниципальный район,,1,,п Усть-Ордынский,data-20180110-structure-20150128.csv,2018,9999,1175,,,38,Иркутская область,52.805221799999998,104.75347120000001
Калининград,27-701-000-000,городской округ город Калининград,городской округ,административный_центр_субъекта,1,,г Калининград,data-20180110-structure-20150128.csv,2018,9999,1176,,,39,Калининградская область,54.710127999999997,20.510583799999999
Ладушкинский,27-711-000-000,городской округ Ладушкинский,городской округ,,1,,г Ладушкин,data-20180110-structure-20150128.csv,2018,9999,1177,,,39,Калининградская область,54.571266600000001,20.173440899999999
Мамоновский,27-712-000-000,городской округ Мамоновский,городской округ,,1,,г Мамоново,data-20180110-structure-20150128.csv,2018,9999,1178,,,39,Калининградская область,54.463626400000003,19.9414303
Пионерский,27-717-000-000,городской округ Пионерский,городской округ,,1,,г Пионерский,data-20180110-structure-20150128.csv,2018,9999,1179,,,39,Калининградская область,54.948227000000003,20.225909999999999
Светловский,27-725-000-000,городской округ Светловский,городской округ,,1,,г Светлый,data-20180110-structure-20150128.csv,2018,9999,1180,,,39,Калининградская область,54.673355000000001,20.131153000000001
Советский,27-730-000-000,городской округ Советский,городской округ,,1,,г Советск,data-20180110-structure-20150128.csv,2018,9999,1181,,,39,Калининградская область,55.080968800000001,21.888267299999999
Янтарный,27-740-000-000,городской округ Янтарный,городской округ,,1,,пгт Янтарный,data-20180110-structure-20150128.csv,2018,9999,1182,,,39,Калининградская область,54.871043049999997,19.941470430038379
Багратионовский,27-703-000-000,городской округ Багратионовский,городской округ,,1,,г Багратионовск,data-20180110-structure-20150128.csv,2018,2021,1183,,,39,Калининградская область,54.386819099999997,20.640512399999999
Балтийский,27-605-000-000,Балтийский муниципальный район,муниципальный район,,1,,г Балтийск,data-20180110-structure-20150128.csv,2018,2019,1184,,,39,Калининградская область,54.643721399999997,19.894158399999998
Гвардейский,27-706-000-000,городской округ Гвардейский,городской округ,,1,,г Гвардейск,data-20180110-structure-20150128.csv,2018,2021,1185,,,39,Калининградская область,54.647826500000001,21.071943099999999
Гурьевский,27-707-000-000,городской округ Гурьевский,городской округ,,1,,г Гурьевск,data-20180110-structure-20150128.csv,2018,2021,1186,,,39,Калининградская область,54.774557100000003,20.603704100000002
Гусевский,27-709-000-000,городской округ Гусевский,городской округ,,1,,г Гусев,data-20180110-structure-20150128.csv,2018,9999,1187,,,39,Калининградская область,54.5921685,22.201475200000001
Зеленоградский,27-710-000-000,городской округ Зеленоградский,городской округ,,1,,г Зеленоградск,data-20180110-structure-20150128.csv,2018,2021,1188,,,39,Калининградская область,54.960036500000001,20.475018800000001
Краснознаменский,27-713-000-000,городской округ Краснознаменский,городской округ,,1,,г Краснознаменск,data-20180110-structure-20150128.csv,2018,2021,1189,,,39,Калининградская область,54.941522499999998,22.491297599999999
Светлогорский,27-634-000-000,Светлогорский муниципальный район,муниципальный район,,1,,г Светлогорск,data-20180110-structure-20150128.csv,2018,2019,1190,,,39,Калининградская область,54.941755200000003,20.155086300000001
Неманский,27-714-000-000,городской округ Неманский,городской округ,,1,,г Неман,data-20180110-structure-20150128.csv,2018,2021,1191,,,39,Калининградская область,55.035965599999997,22.0293578
Нестеровский,27-624-000-000,Нестеровский муниципальный район,муниципальный район,,1,,г Нестеров,data-20180110-structure-20150128.csv,2018,2019,1192,,,39,Калининградская область,54.632545499999999,22.571099799999999
Озерский,27-716-000-000,городской округ Озерский,городской округ,,1,,г Озерск,data-20180110-structure-20150128.csv,2018,2021,1193,,,39,Калининградская область,54.408740999999999,22.014358999999999
Полесский,27-718-000-000,городской округ Полесский,городской округ,,1,,г Полесск,data-20180110-structure-20150128.csv,2018,2021,1194,,,39,Калининградская область,54.8627556,21.109859100000001
Правдинский,27-719-000-000,городской округ Правдинский,городской округ,,1,,г Правдинск,data-20180110-structure-20150128.csv,2018,2021,1195,,,39,Калининградская область,54.447144000000002,21.01399
Славский,27-727-000-000,городской округ Славский,городской округ,,1,,г Славск,data-20180110-structure-20150128.csv,2018,2021,1196,,,39,Калининградская область,55.045490000000001,21.679072999999999
Черняховский,27-739-000-000,городской округ Черняховский,городской округ,,1,,г Черняховск,data-20180110-structure-20150128.csv,2018,2021,1197,,,39,Калининградская область,54.635533000000002,21.8099822
Калуга,29-701-000-000,городской округ город Калуга,городской округ,административный_центр_субъекта,1,,г Калуга,data-20180110-structure-20150128.csv,2018,9999,1198,,,40,Калужская область,54.510108700000004,36.259811499999998
Обнинск,29-715-000-000,городской округ город Обнинск,городской округ,,1,,г Обнинск,data-20180110-structure-20150128.csv,2018,2019,1199,,transfer_1,40,Калужская область,55.095173799999998,36.611913000000001
Бабынинский,29-602-000-000,Бабынинский муниципальный район,муниципальный район,,1,,п Бабынино,data-20180110-structure-20150128.csv,2018,9999,1200,,,40,Калужская область,54.391074400000001,35.740019199999999
Барятинский,29-604-000-000,Барятинский муниципальный район,муниципальный район,,1,,с Барятино,data-20180110-structure-20150128.csv,2018,9999,1201,,,40,Калужская область,54.310282299999997,34.519075600000001
Боровский,29-606-000-000,Боровский муниципальный район,муниципальный район,,1,,г Боровск,data-20180110-structure-20150128.csv,2018,2019,1202,,transfer_1,40,Калужская область,55.204951600000001,36.484852949799148
Дзержинский,29-608-000-000,Дзержинский муниципальный район,муниципальный район,,1,,г Кондрово,data-20180110-structure-20150128.csv,2018,9999,1203,,,40,Калужская область,54.806919899999997,35.930121300000003
Думиничский,29-610-000-000,Думиничский муниципальный район,муниципальный район,,1,,п Думиничи,data-20180110-structure-20150128.csv,2018,9999,1204,,,40,Калужская область,53.933388000000001,35.105518000000004
Жиздринский,29-612-000-000,Жиздринский муниципальный район,муниципальный район,,1,,г Жиздра,data-20180110-structure-20150128.csv,2018,9999,1205,,,40,Калужская область,53.748533700000003,34.7353545
Жуковский,29-613-000-000,Жуковский муниципальный район,муниципальный район,,1,,г Жуков,data-20180110-structure-20150128.csv,2018,9999,1206,,,40,Калужская область,55.033799999999999,36.748899999999999
Кировский,29-614-000-000,Кировский муниципальный район,муниципальный район,административный_центр_субъекта,1,,г Киров,data-20180110-structure-20150128.csv,2018,9999,1207,,,40,Калужская область,54.074290499999996,34.302597900000002
Износковский,29-615-000-000,Износковский муниципальный район,муниципальный район,,1,,с Износки,data-20180110-structure-20150128.csv,2018,9999,1208,,,40,Калужская область,54.991100000000003,35.306399999999996
Козельский,29-616-000-000,Козельский муниципальный район,муниципальный район,,1,,г Козельск,data-20180110-structure-20150128.csv,2018,9999,1209,,,40,Калужская область,54.038321750000001,35.782906478186668
Куйбышевский,29-618-000-000,Куйбышевский муниципальный район,муниципальный район,,1,,п Бетлица,data-20180110-structure-20150128.csv,2018,9999,1210,,,40,Калужская область,54.014062299999999,33.944690799999996
Людиновский,29-620-000-000,Людиновский муниципальный район,муниципальный район,,1,,г Людиново,data-20180110-structure-20150128.csv,2018,9999,1211,,,40,Калужская область,53.845469199999997,34.431521452673529
Малоярославецкий,29-623-000-000,Малоярославецкий муниципальный район,муниципальный район,,1,,г Малоярославец,data-20180110-structure-20150128.csv,2018,9999,1212,,,40,Калужская область,55.012180999999998,36.459024599999999
Медынский,29-625-000-000,Медынский муниципальный район,муниципальный район,,1,,г Медынь,data-20180110-structure-20150128.csv,2018,9999,1213,,,40,Калужская область,54.969000000000001,35.856999999999999
Мещовский,29-627-000-000,Мещовский муниципальный район,муниципальный район,,1,,г Мещовск,data-20180110-structure-20150128.csv,2018,9999,1214,,,40,Калужская область,54.320714500000001,35.279633400000002
Мосальский,29-629-000-000,Мосальский муниципальный район,муниципальный район,,1,,г Мосальск,data-20180110-structure-20150128.csv,2018,9999,1215,,,40,Калужская область,54.487287600000002,34.978986599999999
Перемышльский,29-632-000-000,Перемышльский муниципальный район,муниципальный район,,1,,с Перемышль,data-20180110-structure-20150128.csv,2018,9999,1216,,,40,Калужская область,54.2607,36.164700000000003
Спас-Деменский,29-634-000-000,Спас-Деменский муниципальный район,муниципальный район,,1,,г Спас-Деменск,data-20180110-structure-20150128.csv,2018,9999,1217,,,40,Калужская область,54.412585999999997,34.030965899999998
Сухиничский,29-636-000-000,Сухиничский муниципальный район,муниципальный район,,1,,г Сухиничи,data-20180110-structure-20150128.csv,2018,9999,1218,,,40,Калужская область,54.096975999999998,35.353349524678762
Тарусский,29-638-000-000,Тарусский муниципальный район,муниципальный район,,1,,г Таруса,data-20180110-structure-20150128.csv,2018,9999,1219,,,40,Калужская область,54.729353600000003,37.181553800000003
Ульяновский,29-642-000-000,Ульяновский муниципальный район,муниципальный район,,1,,с Ульяново,data-20180110-structure-20150128.csv,2018,9999,1220,,,40,Калужская область,53.723654000000003,35.5298461
Ферзиковский,29-644-000-000,Ферзиковский муниципальный район,муниципальный район,,1,,п Ферзиково,data-20180110-structure-20150128.csv,2018,9999,1221,,,40,Калужская область,54.515653649999997,36.760253053494509
Хвастовичский,29-646-000-000,Хвастовичский муниципальный район,муниципальный район,,1,,с Хвастовичи,data-20180110-structure-20150128.csv,2018,9999,1222,,,40,Калужская область,53.465854999999998,35.089252000000002
Юхновский,29-650-000-000,Юхновский муниципальный район,муниципальный район,,1,,г Юхнов,data-20180110-structure-20150128.csv,2018,9999,1223,,,40,Калужская область,54.741576600000002,35.226439300000003
Кемеровский,32-701-000-000,городской округ Кемеровский,городской округ,административный_центр_субъекта,2,32-607-000-000;32-507-000-000,г Кемерово,data-20180110-structure-20150128.csv,2018,9999,1224,,,42,Кемеровская область,55.355090699999998,86.087121300000007
Анжеро-Судженский,32-704-000-000,городской округ Анжеро-Судженский,городской округ,,1,,г Анжеро-Судженск,data-20180110-structure-20150128.csv,2018,9999,1225,,,42,Кемеровская область,56.077807999999997,86.019356000000002
Беловский,32-707-000-000,городской округ Беловский,городской округ,,1,,г Белово,data-20180110-structure-20150128.csv,2018,9999,1226,,,42,Кемеровская область,54.419322999999999,86.303428999999994
Березовский,32-710-000-000,городской округ Березовский,городской округ,,1,,г Березовский,data-20180110-structure-20150128.csv,2018,9999,1227,,,42,Кемеровская область,55.6696946,86.275154000000001
Калтанский,32-715-000-000,городской округ Калтанский,городской округ,,1,,г Калтан,data-20180110-structure-20150128.csv,2018,9999,1228,,,42,Кемеровская область,53.519458999999998,87.286179000000004
Киселевский,32-716-000-000,городской округ Киселевский,городской округ,,1,,г Киселевск,data-20180110-structure-20150128.csv,2018,9999,1229,,,42,Кемеровская область,54.004987200000002,86.635477100000003
Ленинск-Кузнецкий,32-719-000-000,городской округ Ленинск-Кузнецкий,городской округ,,2,32-613-000-000;32-513-000-000,г Ленинск-Кузнецкий,data-20180110-structure-20150128.csv,2018,9999,1230,,,42,Кемеровская область,54.665443000000003,86.166115000000005
Междуреченский,32-725-000-000,городской округ Междуреченский,городской округ,,1,,г Междуреченск,data-20180110-structure-20150128.csv,2018,9999,1231,,,42,Кемеровская область,53.686376299999999,88.070344300000002
Мысковский,32-728-000-000,городской округ Мысковский,городской округ,,1,,г Мыски,data-20180110-structure-20150128.csv,2018,9999,1232,,,42,Кемеровская область,53.713859999999997,87.800315999999995
Новокузнецкий,32-731-000-000,городской округ Новокузнецкий,городской округ,,2,32-619-000-000;32-519-000-000,г Новокузнецк,data-20180110-structure-20150128.csv,2018,9999,1233,,,42,Кемеровская область,53.757590299999997,87.135849399999998
Осинниковский,32-734-000-000,городской округ Осинниковский,городской округ,,1,,г Осинники,data-20180110-structure-20150128.csv,2018,9999,1234,,,42,Кемеровская область,53.606994999999998,87.332892999999999
Полысаевский,32-732-000-000,городской округ Полысаевский,городской округ,,1,,г Полысаево,data-20180110-structure-20150128.csv,2018,9999,1235,,,42,Кемеровская область,54.603141999999998,86.276024000000007
Прокопьевский,32-737-000-000,городской округ Прокопьевский,городской округ,,2,32-622-000-000;32-522-000-000,г Прокопьевск,data-20180110-structure-20150128.csv,2018,9999,1236,,,42,Кемеровская область,53.887911699999997,86.749207200000001
Тайгинский,32-740-000-000,городской округ Тайгинский,городской округ,,1,,г Тайга,data-20180110-structure-20150128.csv,2018,9999,1237,,,42,Кемеровская область,56.065071000000003,85.631325000000004
Юргинский,32-749-000-000,городской округ Юргинский,городской округ,,2,32-640-000-000;32-540-000-000,г Юрга,data-20180110-structure-20150128.csv,2018,9999,1238,,,42,Кемеровская область,55.7136,84.934798999999998
Краснобродский,32-751-000-000,городской округ Краснобродский,городской округ,,1,,пгт Краснобродский,data-20180110-structure-20150128.csv,2018,2023,1239,,union_20,42,Кемеровская область,54.157387,86.448097000000004
Беловский,32-601-000-000,Беловский муниципальный район,муниципальный район,,1,,с Вишневка,data-20180110-structure-20150128.csv,2018,2022,1240,,,42,Кемеровская область,54.412444999999998,86.399742000000003
Гурьевский,32-602-000-000,Гурьевский муниципальный район,муниципальный район,,1,,г Гурьевск,data-20180110-structure-20150128.csv,2018,2020,1241,,,42,Кемеровская область,54.284953999999999,85.931090999999995
Ижморский,32-604-000-000,Ижморский муниципальный район,муниципальный район,,1,,пгт Ижморский,data-20180110-structure-20150128.csv,2018,2020,1242,,,42,Кемеровская область,56.192169,86.637169
Кемеровский,32-607-000-000,Кемеровский муниципальный район,муниципальный район,,3,32-701-000-000,г Кемерово,data-20180110-structure-20150128.csv,2018,2020,1243,,,42,Кемеровская область,55.355090699999998,86.087121300000007
Крапивинский,32-610-000-000,Крапивинский муниципальный район,муниципальный район,,1,,пгт Крапивинский,data-20180110-structure-20150128.csv,2018,2020,1244,,,42,Кемеровская область,55.003925000000002,86.805854999999994
Ленинск-Кузнецкий,32-613-000-000,Ленинск-Кузнецкий муниципальный район,муниципальный район,,3,32-719-000-000,г Ленинск-Кузнецкий,data-20180110-structure-20150128.csv,2018,2020,1245,,,42,Кемеровская область,54.665443000000003,86.166115000000005
Мариинский,32-616-000-000,Мариинский муниципальный район,муниципальный район,,1,,г Мариинск,data-20180110-structure-20150128.csv,2018,2022,1246,,,42,Кемеровская область,56.206299000000001,87.751259000000005
Новокузнецкий,32-619-000-000,Новокузнецкий муниципальный район,муниципальный район,,3,32-731-000-000,г Новокузнецк,data-20180110-structure-20150128.csv,2018,2023,1247,,,42,Кемеровская область,53.757590299999997,87.135849399999998
Прокопьевский,32-622-000-000,Прокопьевский муниципальный район,муниципальный район,,3,32-737-000-000,г Прокопьевск,data-20180110-structure-20150128.csv,2018,2020,1248,,,42,Кемеровская область,53.887911699999997,86.749207200000001
Промышленновский,32-625-000-000,Промышленновский муниципальный район,муниципальный район,,1,,пгт Промышленная,data-20180110-structure-20150128.csv,2018,2020,1249,,,42,Кемеровская область,54.918655000000001,85.638029299999999
Таштагольский,32-627-000-000,Таштагольский муниципальный район,муниципальный район,,1,,г Таштагол,data-20180110-structure-20150128.csv,2018,9999,1250,,,42,Кемеровская область,52.7594694,87.848449900000006
Тисульский,32-628-000-000,Тисульский муниципальный район,муниципальный район,,1,,пгт Тисуль,data-20180110-structure-20150128.csv,2018,2021,1251,,,42,Кемеровская область,55.763851000000003,88.313021599999999
Топкинский,32-631-000-000,Топкинский муниципальный район,муниципальный район,,1,,г Топки,data-20180110-structure-20150128.csv,2018,2020,1252,,,42,Кемеровская область,55.275196200000003,85.622874100000004
Тяжинский,32-634-000-000,Тяжинский муниципальный район,муниципальный район,,1,,пгт Тяжинский,data-20180110-structure-20150128.csv,2018,2020,1253,,,42,Кемеровская область,56.113935099999999,88.517181399999998
Чебулинский,32-637-000-000,Чебулинский муниципальный район,муниципальный район,,1,,пгт Верх-Чебула,data-20180110-structure-20150128.csv,2018,2020,1254,,,42,Кемеровская область,56.033034299999997,87.622022299999998
Юргинский,32-640-000-000,Юргинский муниципальный район,муниципальный район,,3,32-749-000-000,г Юрга,data-20180110-structure-20150128.csv,2018,2020,1255,,,42,Кемеровская область,55.7136,84.934798999999998
Яйский,32-643-000-000,Яйский муниципальный район,муниципальный район,,1,,пгт Яя,data-20180110-structure-20150128.csv,2018,2020,1256,,,42,Кемеровская область,56.202008399999997,86.448536099999998
Яшкинский,32-646-000-000,Яшкинский муниципальный район,муниципальный район,,1,,пгт Яшкино,data-20180110-structure-20150128.csv,2018,2020,1257,,,42,Кемеровская область,55.871788799999997,85.438031600000002
Киров,33-701-000-000,городской округ город Киров,городской округ,административный_центр_субъекта,1,,г Киров,data-20180110-structure-20150128.csv,2018,9999,1258,,,43,Кировская область,58.603566100000002,49.6666241
Вятские Поляны,33-704-000-000,городской округ город Вятские Поляны,городской округ,,2,33-610-000-000,г Вятские Поляны,data-20180110-structure-20150128.csv,2018,9999,1259,,,43,Кировская область,56.2229946,51.074903800000001
Кирово-Чепецк,33-707-000-000,городской округ город Кирово-Чепецк,городской округ,,2,33-618-000-000,г Кирово-Чепецк,data-20180110-structure-20150128.csv,2018,9999,1260,,,43,Кировская область,58.555069000000003,50.031304800000001
Котельнич,33-710-000-000,городской округ город Котельнич,городской округ,,2,33-619-000-000,г Котельнич,data-20180110-structure-20150128.csv,2018,9999,1261,,,43,Кировская область,58.305731199999997,48.326439590508357
Слободской,33-713-000-000,городской округ город Слободской,городской округ,,2,33-635-000-000,г Слободской,data-20180110-structure-20150128.csv,2018,9999,1262,,,43,Кировская область,58.7277816,50.177123399999999
Первомайский,33-787-000-000,городской округ ЗАТО Первомайский,городской округ,ЗАТО,1,,пгт Первомайский,data-20180110-structure-20150128.csv,2018,9999,1263,,,43,Кировская область,59.064974900000003,49.284989099999997
Арбажский,33-602-000-000,Арбажский муниципальный район,муниципальный район,,1,,пгт Арбаж,data-20180110-structure-20150128.csv,2018,2021,1264,,,43,Кировская область,57.679348400000002,48.303594599999997
Афанасьевский,33-603-000-000,Афанасьевский муниципальный район,муниципальный район,,1,,пгт Афанасьево,data-20180110-structure-20150128.csv,2018,2023,1265,,,43,Кировская область,58.865420999999998,53.262729999999998
Белохолуницкий,33-605-000-000,Белохолуницкий муниципальный район,муниципальный район,,1,,г Белая Холуница,data-20180110-structure-20150128.csv,2018,9999,1266,,,43,Кировская область,58.843254600000002,50.852886499999997
Богородский,33-606-000-000,Богородский муниципальный район,муниципальный район,,1,,пгт Богородское,data-20180110-structure-20150128.csv,2018,2020,1267,,,43,Кировская область,57.831645899999998,50.751219499999998
Верхнекамский,33-607-000-000,Верхнекамский муниципальный район,муниципальный район,,1,,г Кирс,data-20180110-structure-20150128.csv,2018,2022,1268,,,43,Кировская область,59.339897100000002,52.241823199999999
Верхошижемский,33-608-000-000,Верхошижемский муниципальный район,муниципальный район,,1,,пгт Верхошижемье,data-20180110-structure-20150128.csv,2018,9999,1269,,,43,Кировская область,58.014058200000001,49.104039100000001
Вятскополянский,33-610-000-000,Вятскополянский муниципальный район,муниципальный район,,3,33-704-000-000,г Вятские Поляны,data-20180110-structure-20150128.csv,2018,9999,1270,,,43,Кировская область,56.2229946,51.074903800000001
Даровской,33-612-000-000,Даровской муниципальный район,муниципальный район,,1,,пгт Даровской,data-20180110-structure-20150128.csv,2018,9999,1271,,,43,Кировская область,58.770560600000003,47.958436599999999
Зуевский,33-614-000-000,Зуевский муниципальный район,муниципальный район,,1,,г Зуевка,data-20180110-structure-20150128.csv,2018,9999,1272,,,43,Кировская область,58.406024100000003,51.1388605
Кикнурский,33-616-000-000,Кикнурский муниципальный район,муниципальный район,,1,,пгт Кикнур,data-20180110-structure-20150128.csv,2018,2021,1273,,,43,Кировская область,57.3049331,47.208940400000003
Кильмезский,33-617-000-000,Кильмезский муниципальный район,муниципальный район,,1,,пгт Кильмезь,data-20180110-structure-20150128.csv,2018,9999,1274,,,43,Кировская область,56.9449015,51.061399299999998
Кирово-Чепецкий,33-618-000-000,Кирово-Чепецкий муниципальный район,муниципальный район,,3,33-707-000-000,г Кирово-Чепецк,data-20180110-structure-20150128.csv,2018,9999,1275,,,43,Кировская область,58.555069000000003,50.031304800000001
Котельничский,33-619-000-000,Котельничский муниципальный район,муниципальный район,,3,33-710-000-000,г Котельнич,data-20180110-structure-20150128.csv,2018,9999,1276,,,43,Кировская область,58.305731199999997,48.326439590508357
Куменский,33-620-000-000,Куменский муниципальный район,муниципальный район,,1,,пгт Кумены,data-20180110-structure-20150128.csv,2018,9999,1277,,,43,Кировская область,58.110076100000001,49.917313499999999
Лебяжский,33-621-000-000,Лебяжский муниципальный район,муниципальный район,,1,,пгт Лебяжье,data-20180110-structure-20150128.csv,2018,2022,1278,,,43,Кировская область,57.409543399999997,49.527689100000003
Лузский,33-622-000-000,Лузский муниципальный район,муниципальный район,,1,,г Луза,data-20180110-structure-20150128.csv,2018,2022,1279,,,43,Кировская область,60.630623300000003,47.254926099999999
Малмыжский,33-623-000-000,Малмыжский муниципальный район,муниципальный район,,1,,г Малмыж,data-20180110-structure-20150128.csv,2018,9999,1280,,,43,Кировская область,56.520631399999999,50.677590500000001
Мурашинский,33-624-000-000,Мурашинский муниципальный район,муниципальный район,,1,,г Мураши,data-20180110-structure-20150128.csv,2018,2022,1281,,,43,Кировская область,59.395101799999999,48.964444499999999
Нагорский,33-625-000-000,Нагорский муниципальный район,муниципальный район,,1,,пгт Нагорск,data-20180110-structure-20150128.csv,2018,9999,1282,,,43,Кировская область,59.315914100000001,50.801730900000003
Немский,33-626-000-000,Немский муниципальный район,муниципальный район,,1,,пгт Нема,data-20180110-structure-20150128.csv,2018,2022,1283,,,43,Кировская область,57.505265600000001,50.502166099999997
Нолинский,33-627-000-000,Нолинский муниципальный район,муниципальный район,,1,,г Нолинск,data-20180110-structure-20150128.csv,2018,9999,1284,,,43,Кировская область,57.559947600000001,49.938505284824643
Омутнинский,33-628-000-000,Омутнинский муниципальный район,муниципальный район,,1,,г Омутнинск,data-20180110-structure-20150128.csv,2018,9999,1285,,,43,Кировская область,58.668303999999999,52.176250000000003
Опаринский,33-629-000-000,Опаринский муниципальный район,муниципальный район,,1,,пгт Опарино,data-20180110-structure-20150128.csv,2018,2022,1286,,,43,Кировская область,59.851658899999997,48.277776799999998
Оричевский,33-630-000-000,Оричевский муниципальный район,муниципальный район,,1,,пгт Оричи,data-20180110-structure-20150128.csv,2018,9999,1287,,,43,Кировская область,58.401308100000001,49.056496500000002
Орловский,33-645-000-000,Орловский муниципальный район,муниципальный район,,1,,г Орлов,data-20180110-structure-20150128.csv,2018,9999,1288,,,43,Кировская область,58.536317400000001,48.885076499999997
Пижанский,33-631-000-000,Пижанский муниципальный район,муниципальный район,,1,,пгт Пижанка,data-20180110-structure-20150128.csv,2018,2022,1289,,,43,Кировская область,57.460223999999997,48.533831999999997
Подосиновский,33-632-000-000,Подосиновский муниципальный район,муниципальный район,,1,,пгт Подосиновец,data-20180110-structure-20150128.csv,2018,9999,1290,,,43,Кировская область,60.279063999999998,47.064770000000003
Санчурский,33-633-000-000,Санчурский муниципальный район,муниципальный район,,1,,пгт Санчурск,data-20180110-structure-20150128.csv,2018,2020,1291,,,43,Кировская область,56.940403600000003,47.252694699999999
Свечинский,33-634-000-000,Свечинский муниципальный район,муниципальный район,,1,,пгт Свеча,data-20180110-structure-20150128.csv,2018,2021,1292,,,43,Кировская область,58.277000000000001,47.512543000000001
Слободской,33-635-000-000,Слободской муниципальный район,муниципальный район,,3,33-713-000-000,г Слободской,data-20180110-structure-20150128.csv,2018,9999,1293,,,43,Кировская область,58.7277816,50.177123399999999
Советский,33-636-000-000,Советский муниципальный район,муниципальный район,,1,,г Советск,data-20180110-structure-20150128.csv,2018,9999,1294,,,43,Кировская область,57.591419299999998,48.958361307054282
Сунский,33-637-000-000,Сунский муниципальный район,муниципальный район,,1,,пгт Суна,data-20180110-structure-20150128.csv,2018,9999,1295,,,43,Кировская область,57.8335115,50.0589449
Тужинский,33-638-000-000,Тужинский муниципальный район,муниципальный район,,1,,пгт Тужа,data-20180110-structure-20150128.csv,2018,9999,1296,,,43,Кировская область,57.605383500000002,47.9373723
Унинский,33-640-000-000,Унинский муниципальный район,муниципальный район,,1,,пгт Уни,data-20180110-structure-20150128.csv,2018,2022,1297,,,43,Кировская область,57.754369699999998,51.489525800000003
Уржумский,33-641-000-000,Уржумский муниципальный район,муниципальный район,,1,,г Уржум,data-20180110-structure-20150128.csv,2018,9999,1298,,,43,Кировская область,57.110111799999999,50.000306700000003
Фаленский,33-643-000-000,Фаленский муниципальный район,муниципальный район,,1,,пгт Фаленки,data-20180110-structure-20150128.csv,2018,2021,1299,,,43,Кировская область,58.355366699999998,51.5965834
Шабалинский,33-647-000-000,Шабалинский муниципальный район,муниципальный район,,1,,пгт Ленинское,data-20180110-structure-20150128.csv,2018,9999,1300,,,43,Кировская область,58.316353499999998,47.0858159
Юрьянский,33-649-000-000,Юрьянский муниципальный район,муниципальный район,,1,,пгт Юрья,data-20180110-structure-20150128.csv,2018,9999,1301,,,43,Кировская область,59.042273600000001,49.280203800000002
Яранский,33-650-000-000,Яранский муниципальный район,муниципальный район,,1,,г Яранск,data-20180110-structure-20150128.csv,2018,9999,1302,,,43,Кировская область,57.304288200000002,47.885577400000003
Кострома,34-701-000-000,городской округ город Кострома,городской округ,административный_центр_субъекта,2,34-614-000-000,г Кострома,data-20180110-structure-20150128.csv,2018,9999,1303,,,44,Костромская область,57.767915799999997,40.926914099999998
Буй,34-705-000-000,городской округ город Буй,городской округ,,2,34-604-000-000,г Буй,data-20180110-structure-20150128.csv,2018,9999,1304,,,44,Костромская область,58.4816821,41.532955999999999
Волгореченск,34-706-000-000,городской округ город Волгореченск,городской округ,,1,,г Волгореченск,data-20180110-structure-20150128.csv,2018,9999,1305,,,44,Костромская область,57.44224775,41.159473586253227
Галич,34-708-000-000,городской округ город Галич,городской округ,,2,34-608-000-000,г Галич,data-20180110-structure-20150128.csv,2018,9999,1306,,,44,Костромская область,58.381382000000002,42.347915999999998
Мантурово,34-714-000-000,городской округ город Мантурово,городской округ,,2,34-620-000-000,г Мантурово,data-20180110-structure-20150128.csv,2018,2019,1307,,union_1,44,Костромская область,58.333271000000003,44.761791000000002
Шарья,34-730-000-000,городской округ город Шарья,городской округ,,2,34-648-000-000,г Шарья,data-20180110-structure-20150128.csv,2018,9999,1308,,,44,Костромская область,58.369747949999997,45.517296318718948
Антроповский,34-602-000-000,Антроповский муниципальный район,муниципальный район,,1,,п Антропово,data-20180110-structure-20150128.csv,2018,9999,1309,,,44,Костромская область,58.397599999999997,43.005000000000003
Буйский,34-604-000-000,Буйский муниципальный район,муниципальный район,,3,34-705-000-000,г Буй,data-20180110-structure-20150128.csv,2018,9999,1310,,,44,Костромская область,58.4816821,41.532955999999999
Вохомский,34-606-000-000,Вохомский муниципальный район,муниципальный район,,1,,п Вохма,data-20180110-structure-20150128.csv,2018,9999,1311,,,44,Костромская область,58.930611599999999,46.7588656
Галичский,34-608-000-000,Галичский муниципальный район,муниципальный район,,3,34-708-000-000,г Галич,data-20180110-structure-20150128.csv,2018,9999,1312,,,44,Костромская область,58.381382000000002,42.347915999999998
Кадыйский,34-610-000-000,Кадыйский муниципальный район,муниципальный район,,1,,пгт Кадый,data-20180110-structure-20150128.csv,2018,9999,1313,,,44,Костромская область,57.784484999999997,43.189411
Кологривский,34-612-000-000,Кологривский муниципальный район,муниципальный район,,1,,г Кологрив,data-20180110-structure-20150128.csv,2018,2022,1314,,,44,Костромская область,58.825496999999999,44.311275000000002
Костромской,34-614-000-000,Костромской муниципальный район,муниципальный район,,3,34-701-000-000,г Кострома,data-20180110-structure-20150128.csv,2018,9999,1315,,,44,Костромская область,57.767915799999997,40.926914099999998
Красносельский,34-616-000-000,Красносельский муниципальный район,муниципальный район,,1,,пгт Красное-на-Волге,data-20180110-structure-20150128.csv,2018,9999,1316,,,44,Костромская область,57.509318999999998,41.237620999999997
Макарьевский,34-618-000-000,Макарьевский муниципальный район,муниципальный район,,1,,г Макарьев,data-20180110-structure-20150128.csv,2018,9999,1317,,,44,Костромская область,57.880401999999997,43.80724
Мантуровский,34-620-000-000,Мантуровский муниципальный район,муниципальный район,,3,34-714-000-000,г Мантурово,data-20180110-structure-20150128.csv,2018,2019,1318,,union_1,44,Костромская область,58.333271000000003,44.761791000000002
Межевской,34-622-000-000,Межевской муниципальный район,муниципальный район,,1,,с Георгиевское,data-20180110-structure-20150128.csv,2018,2022,1319,,,44,Костромская область,58.730345399999997,45.029912699999997
Нея и Нейский,34-624-000-000,муниципальный район город Нея и Нейский район,муниципальный район,,1,,г Нея,data-20180110-structure-20150128.csv,2018,2022,1320,,,44,Костромская область,58.294090799999999,43.860920100000001
Нерехта и Нерехтский,34-626-000-000,муниципальный район город Нерехта и Нерехтский район,муниципальный район,,1,,г Нерехта,data-20180110-structure-20150128.csv,2018,9999,1321,,,44,Костромская область,57.460655000000003,40.573799000000001
Октябрьский,34-628-000-000,Октябрьский муниципальный район,муниципальный район,,1,,с Боговарово,data-20180110-structure-20150128.csv,2018,9999,1322,,,44,Костромская область,58.975548199999999,47.019590700000002
Островский,34-630-000-000,Островский муниципальный район,муниципальный район,,1,,п Островское,data-20180110-structure-20150128.csv,2018,2024,1323,,,44,Костромская область,57.801439999999999,42.197360000000003
Павинский,34-632-000-000,Павинский муниципальный район,муниципальный район,,1,,с Павино,data-20180110-structure-20150128.csv,2018,2024,1324,,,44,Костромская область,59.121361700000001,46.191750399999997
Парфеньевский,34-634-000-000,Парфеньевский муниципальный район,муниципальный район,,1,,с Парфеньево,data-20180110-structure-20150128.csv,2018,2022,1325,,,44,Костромская область,58.479988900000002,43.408618199999999
Поназыревский,34-636-000-000,Поназыревский муниципальный район,муниципальный район,,1,,пгт Поназырево,data-20180110-structure-20150128.csv,2018,2023,1326,,,44,Костромская область,58.358153999999999,46.317428999999997
Пыщугский,34-638-000-000,Пыщугский муниципальный район,муниципальный район,,1,,с Пыщуг,data-20180110-structure-20150128.csv,2018,2023,1327,,,44,Костромская область,59.010450499999997,45.611114499999999
Солигаличский,34-640-000-000,Солигаличский муниципальный район,муниципальный район,,1,,г Солигалич,data-20180110-structure-20150128.csv,2018,2024,1328,,,44,Костромская область,59.0777693,42.286182799999999
Судиславский,34-642-000-000,Судиславский муниципальный район,муниципальный район,,1,,пгт Судиславль,data-20180110-structure-20150128.csv,2018,9999,1329,,,44,Костромская область,57.881283000000003,41.712420999999999
Сусанинский,34-644-000-000,Сусанинский муниципальный район,муниципальный район,,1,,пгт Сусанино,data-20180110-structure-20150128.csv,2018,9999,1330,,,44,Костромская область,58.147578000000003,41.585144300000003
Чухломский,34-646-000-000,Чухломский муниципальный район,муниципальный район,,1,,г Чухлома,data-20180110-structure-20150128.csv,2018,9999,1331,,,44,Костромская область,58.756022199999997,42.68065
Шарьинский,34-648-000-000,Шарьинский муниципальный район,муниципальный район,,3,34-730-000-000,г Шарья,data-20180110-structure-20150128.csv,2018,9999,1332,,,44,Костромская область,58.369747949999997,45.517296318718948
Курган,37-701-000-000,городской округ город Курган,городской округ,административный_центр_субъекта,1,,г Курган,data-20180110-structure-20150128.csv,2018,9999,1333,,,45,Курганская область,55.440935699999997,65.342116899999994
Шадринск,37-705-000-000,городской округ город Шадринск,городской округ,,2,37-638-000-000;37-538-000-000,г Шадринск,data-20180110-structure-20150128.csv,2018,9999,1334,,,45,Курганская область,56.087364000000001,63.629482000000003
Альменевский,37-602-000-000,Альменевский муниципальный район,муниципальный район,,1,,с Альменево,data-20180110-structure-20150128.csv,2018,2022,1335,,,45,Курганская область,54.942504999999997,63.578785000000003
Белозерский,37-604-000-000,Белозерский муниципальный район,муниципальный район,,1,,с Белозерское,data-20180110-structure-20150128.csv,2018,2023,1336,,,45,Курганская область,55.823844999999999,65.588783000000006
Варгашинский,37-606-000-000,Варгашинский муниципальный район,муниципальный район,,1,,рп Варгаши,data-20180110-structure-20150128.csv,2018,2024,1337,,,45,Курганская область,55.372039999999998,65.808099999999996
Далматовский,37-608-000-000,Далматовский муниципальный район,муниципальный район,,1,,г Далматово,data-20180110-structure-20150128.csv,2018,2024,1338,,,45,Курганская область,56.258656000000002,62.939163000000001
Звериноголовский,37-609-000-000,Звериноголовский муниципальный район,муниципальный район,,1,,с Звериноголовское,data-20180110-structure-20150128.csv,2018,2023,1339,,,45,Курганская область,54.459023000000002,64.856514000000004
Каргапольский,37-610-000-000,Каргапольский муниципальный район,муниципальный район,,1,,рп Каргаполье,data-20180110-structure-20150128.csv,2018,2023,1340,,,45,Курганская область,55.952407999999998,64.434021000000001
Катайский,37-612-000-000,Катайский муниципальный район,муниципальный район,,1,,г Катайск,data-20180110-structure-20150128.csv,2018,2024,1341,,,45,Курганская область,56.283499200000001,62.583652499999999
Кетовский,37-614-000-000,Кетовский муниципальный район,муниципальный район,,1,,с Кетово,data-20180110-structure-20150128.csv,2018,2023,1342,,,45,Курганская область,55.343978999999997,65.333832000000001
Куртамышский,37-616-000-000,Куртамышский муниципальный район,муниципальный район,,1,,г Куртамыш,data-20180110-structure-20150128.csv,2018,2022,1343,,,45,Курганская область,54.909585900000003,64.428392500000001
Лебяжьевский,37-618-000-000,Лебяжьевский муниципальный район,муниципальный район,,1,,рп Лебяжье,data-20180110-structure-20150128.csv,2018,2022,1344,,,45,Курганская область,55.273006000000002,66.502243000000007
Макушинский,37-620-000-000,Макушинский муниципальный район,муниципальный район,,1,,г Макушино,data-20180110-structure-20150128.csv,2018,2021,1345,,,45,Курганская область,55.208320999999998,67.252739000000005
Мишкинский,37-622-000-000,Мишкинский муниципальный район,муниципальный район,,1,,рп Мишкино,data-20180110-structure-20150128.csv,2018,2023,1346,,,45,Курганская область,55.337301699999998,63.914359400000002
Мокроусовский,37-624-000-000,Мокроусовский муниципальный район,муниципальный район,,1,,с Мокроусово,data-20180110-structure-20150128.csv,2018,2023,1347,,,45,Курганская область,55.808598000000003,66.770606999999998
Петуховский,37-626-000-000,Петуховский муниципальный район,муниципальный район,,1,,г Петухово,data-20180110-structure-20150128.csv,2018,2022,1348,,,45,Курганская область,55.064999999999998,67.887360000000001
Половинский,37-628-000-000,Половинский муниципальный район,муниципальный район,,1,,с Половинное,data-20180110-structure-20150128.csv,2018,2023,1349,,,45,Курганская область,54.789661000000002,65.987594999999999
Притобольный,37-630-000-000,Притобольный муниципальный район,муниципальный район,,1,,с Глядянское,data-20180110-structure-20150128.csv,2018,2024,1350,,,45,Курганская область,54.907539,65.088202999999993
Сафакулевский,37-632-000-000,Сафакулевский муниципальный район,муниципальный район,,1,,с Сафакулево,data-20180110-structure-20150128.csv,2018,2023,1351,,,45,Курганская область,54.988410999999999,62.540390000000002
Целинный,37-634-000-000,Целинный муниципальный район,муниципальный район,,1,,с Целинное,data-20180110-structure-20150128.csv,2018,2022,1352,,,45,Курганская область,54.50412,63.664242000000002
Частоозерский,37-636-000-000,Частоозерский муниципальный район,муниципальный район,,1,,с Частоозерье,data-20180110-structure-20150128.csv,2018,2023,1353,,,45,Курганская область,55.568255999999998,67.909462000000005
Шадринский,37-638-000-000,Шадринский муниципальный район,муниципальный район,,3,37-705-000-000,г Шадринск,data-20180110-structure-20150128.csv,2018,2023,1354,,,45,Курганская область,56.087364000000001,63.629482000000003
Шатровский,37-640-000-000,Шатровский муниципальный район,муниципальный район,,1,,с Шатрово,data-20180110-structure-20150128.csv,2018,2022,1355,,,45,Курганская область,56.519568999999997,64.634208999999998
Шумихинский,37-642-000-000,Шумихинский муниципальный район,муниципальный район,,1,,г Шумиха,data-20180110-structure-20150128.csv,2018,2021,1356,,,45,Курганская область,55.228206999999998,63.282501000000003
Щучанский,37-644-000-000,Щучанский муниципальный район,муниципальный район,,1,,г Щучье,data-20180110-structure-20150128.csv,2018,2023,1357,,,45,Курганская область,55.208908000000001,62.747771999999998
Юргамышский,37-646-000-000,Юргамышский муниципальный район,муниципальный район,,1,,рп Юргамыш,data-20180110-structure-20150128.csv,2018,2023,1358,,,45,Курганская область,55.374957999999999,64.455787999999998
Курск,38-701-000-000,городской округ город Курск,городской округ,административный_центр_субъекта,1,,г Курск,data-20180110-structure-20150128.csv,2018,9999,1359,,,46,Курская область,51.727035649999998,36.192247956921108
Железногорск,38-705-000-000,городской округ город Железногорск,городской округ,,2,38-610-000-000,г Железногорск,data-20180110-structure-20150128.csv,2018,9999,1360,,,46,Курская область,52.338945899999999,35.351175499999997
Курчатов,38-708-000-000,городской округ город Курчатов,городской округ,,2,38-621-000-000,г Курчатов,data-20180110-structure-20150128.csv,2018,9999,1361,,,46,Курская область,51.659466000000002,35.658862999999997
Льгов,38-710-000-000,городской округ город Льгов,городской округ,,2,38-622-000-000,г Льгов,data-20180110-structure-20150128.csv,2018,9999,1362,,,46,Курская область,51.6906587,35.283999899999998
Щигры,38-715-000-000,городской округ город Щигры,городской округ,,2,38-650-000-000,г Щигры,data-20180110-structure-20150128.csv,2018,9999,1363,,,46,Курская область,51.870820999999999,36.913189600000003
Беловский,38-602-000-000,Беловский муниципальный район,муниципальный район,,1,,сл Белая,data-20180110-structure-20150128.csv,2018,9999,1364,,,46,Курская область,51.055644999999998,35.710098000000002
Большесолдатский,38-603-000-000,Большесолдатский муниципальный район,муниципальный район,,1,,с Большое Солдатское,data-20180110-structure-20150128.csv,2018,9999,1365,,,46,Курская область,51.333981000000001,35.510269000000001
Глушковский,38-604-000-000,Глушковский муниципальный район,муниципальный район,,1,,рп Глушково,data-20180110-structure-20150128.csv,2018,9999,1366,,,46,Курская область,51.339131500000001,34.637309899999998
Горшеченский,38-606-000-000,Горшеченский муниципальный район,муниципальный район,,1,,рп Горшечное,data-20180110-structure-20150128.csv,2018,9999,1367,,,46,Курская область,51.527237300000003,38.02442271789279
Дмитриевский,38-608-000-000,Дмитриевский муниципальный район,муниципальный район,,1,,г Дмитриев,data-20180110-structure-20150128.csv,2018,9999,1368,,,46,Курская область,52.121742400000002,35.075389260472221
Железногорский,38-610-000-000,Железногорский муниципальный район,муниципальный район,,3,38-705-000-000,г Железногорск,data-20180110-structure-20150128.csv,2018,9999,1369,,,46,Курская область,52.338945899999999,35.351175499999997
Золотухинский,38-612-000-000,Золотухинский муниципальный район,муниципальный район,,1,,рп Золотухино,data-20180110-structure-20150128.csv,2018,9999,1370,,,46,Курская область,52.084766399999999,36.3799043
Касторенский,38-614-000-000,Касторенский муниципальный район,муниципальный район,,1,,рп Касторное,data-20180110-structure-20150128.csv,2018,9999,1371,,,46,Курская область,51.8292176,38.131399000000002
Конышевский,38-616-000-000,Конышевский муниципальный район,муниципальный район,,1,,рп Конышевка,data-20180110-structure-20150128.csv,2018,9999,1372,,,46,Курская область,51.840930999999998,35.290145961177537
Кореневский,38-618-000-000,Кореневский муниципальный район,муниципальный район,,1,,рп Коренево,data-20180110-structure-20150128.csv,2018,9999,1373,,,46,Курская область,51.414234,34.897091000000003
Курский,38-620-000-000,Курский муниципальный район,муниципальный район,,1,,п Маршала Жукова,data-20180110-structure-20150128.csv,2018,9999,1374,,,46,Курская область,51.713535299999997,36.3302263
Курчатовский,38-621-000-000,Курчатовский муниципальный район,муниципальный район,,3,38-708-000-000,г Курчатов,data-20180110-structure-20150128.csv,2018,9999,1375,,,46,Курская область,51.659466000000002,35.658862999999997
Льговский,38-622-000-000,Льговский муниципальный район,муниципальный район,,3,38-710-000-000,г Льгов,data-20180110-structure-20150128.csv,2018,9999,1376,,,46,Курская область,51.6906587,35.283999899999998
Мантуровский,38-623-000-000,Мантуровский муниципальный район,муниципальный район,,1,,с Мантурово,data-20180110-structure-20150128.csv,2018,9999,1377,,,46,Курская область,51.452503,37.130699
Медвенский,38-624-000-000,Медвенский муниципальный район,муниципальный район,,1,,рп Медвенка,data-20180110-structure-20150128.csv,2018,9999,1378,,,46,Курская область,51.417706000000003,36.118046
Обоянский,38-626-000-000,Обоянский муниципальный район,муниципальный район,,1,,г Обоянь,data-20180110-structure-20150128.csv,2018,9999,1379,,,46,Курская область,51.211078999999998,36.276245000000003
Октябрьский,38-628-000-000,Октябрьский муниципальный район,муниципальный район,,1,,рп Прямицыно,data-20180110-structure-20150128.csv,2018,9999,1380,,,46,Курская область,51.653869999999998,35.937195000000003
Поныровский,38-630-000-000,Поныровский муниципальный район,муниципальный район,,1,,рп Поныри,data-20180110-structure-20150128.csv,2018,9999,1381,,,46,Курская область,52.3192156,36.302086799999998
Пристенский,38-632-000-000,Пристенский муниципальный район,муниципальный район,,1,,рп Пристень,data-20180110-structure-20150128.csv,2018,9999,1382,,,46,Курская область,51.236023000000003,36.694109400000002
Рыльский,38-634-000-000,Рыльский муниципальный район,муниципальный район,,1,,г Рыльск,data-20180110-structure-20150128.csv,2018,9999,1383,,,46,Курская область,51.570537999999999,34.683506000000001
Советский,38-636-000-000,Советский муниципальный район,муниципальный район,,1,,рп Кшенский,data-20180110-structure-20150128.csv,2018,9999,1384,,,46,Курская область,51.848979999999997,37.724220000000003
Солнцевский,38-638-000-000,Солнцевский муниципальный район,муниципальный район,,1,,рп Солнцево,data-20180110-structure-20150128.csv,2018,9999,1385,,,46,Курская область,51.414574799999997,36.753913338524733
Суджанский,38-640-000-000,Суджанский муниципальный район,муниципальный район,,1,,г Суджа,data-20180110-structure-20150128.csv,2018,9999,1386,,,46,Курская область,51.190708000000001,35.270854999999997
Тимский,38-642-000-000,Тимский муниципальный район,муниципальный район,,1,,рп Тим,data-20180110-structure-20150128.csv,2018,9999,1387,,,46,Курская область,51.621746000000002,37.122577999999997
Фатежский,38-644-000-000,Фатежский муниципальный район,муниципальный район,,1,,г Фатеж,data-20180110-structure-20150128.csv,2018,9999,1388,,,46,Курская область,52.090952899999998,35.853723258734583
Хомутовский,38-646-000-000,Хомутовский муниципальный район,муниципальный район,,1,,рп Хомутовка,data-20180110-structure-20150128.csv,2018,9999,1389,,,46,Курская область,51.928448199999998,34.561907663776779
Черемисиновский,38-648-000-000,Черемисиновский муниципальный район,муниципальный район,,1,,рп Черемисиново,data-20180110-structure-20150128.csv,2018,9999,1390,,,46,Курская область,51.884373150000002,37.269247527896653
Щигровский,38-650-000-000,Щигровский муниципальный район,муниципальный район,,3,38-715-000-000,г Щигры,data-20180110-structure-20150128.csv,2018,9999,1391,,,46,Курская область,51.870820999999999,36.913189600000003
Бокситогорский,41-603-000-000,Бокситогорский муниципальный район,муниципальный район,,1,,г Бокситогорск,data-20180110-structure-20150128.csv,2018,9999,1392,,,47,Ленинградская область,59.472902099999999,33.848995199999997
Волосовский,41-606-000-000,Волосовский муниципальный район,муниципальный район,,1,,г Волосово,data-20180110-structure-20150128.csv,2018,9999,1393,,,47,Ленинградская область,59.444393750000003,29.49251575862619
Волховский,41-609-000-000,Волховский муниципальный район,муниципальный район,,1,,г Волхов,data-20180110-structure-20150128.csv,2018,9999,1394,,,47,Ленинградская область,59.9275868,32.327680299999997
Всеволожский,41-612-000-000,Всеволожский муниципальный район,муниципальный район,,1,,г Всеволожск,data-20180110-structure-20150128.csv,2018,9999,1395,,,47,Ленинградская область,60.042596699999997,30.581804611289389
Выборгский,41-615-000-000,Выборгский муниципальный район,муниципальный район,,1,,г Выборг,data-20180110-structure-20150128.csv,2018,9999,1396,,,47,Ленинградская область,60.732672299999997,28.744690928822479
Гатчинский,41-618-000-000,Гатчинский муниципальный район,муниципальный район,административный_центр_субъекта,1,,г Гатчина,data-20180110-structure-20150128.csv,2018,9999,1397,,,47,Ленинградская область,59.570627299999998,30.130508299999999
Кингисеппский,41-621-000-000,Кингисеппский муниципальный район,муниципальный район,,1,,г Кингисепп,data-20180110-structure-20150128.csv,2018,9999,1398,,,47,Ленинградская область,59.374398200000002,28.5981591
Киришский,41-624-000-000,Киришский муниципальный район,муниципальный район,,1,,г Кириши,data-20180110-structure-20150128.csv,2018,9999,1399,,,47,Ленинградская область,59.450324999999999,32.010578000000002
Кировский,41-625-000-000,Кировский муниципальный район,муниципальный район,,1,,г Кировск,data-20180110-structure-20150128.csv,2018,9999,1400,,,47,Ленинградская область,59.881395400000002,30.985533100000001
Лодейнопольский,41-627-000-000,Лодейнопольский муниципальный район,муниципальный район,,1,,г Лодейное Поле,data-20180110-structure-20150128.csv,2018,9999,1401,,,47,Ленинградская область,60.733932299999999,33.545773099999998
Ломоносовский,41-630-000-000,Ломоносовский муниципальный район,муниципальный район,,3,40-372-000-000,г Ломоносов,data-20180110-structure-20150128.csv,2018,9999,1402,,,47,Ленинградская область,59.910319999999999,29.776194
Лужский,41-633-000-000,Лужский муниципальный район,муниципальный район,,1,,г Луга,data-20180110-structure-20150128.csv,2018,9999,1403,,,47,Ленинградская область,58.735698999999997,29.847501300000001
Подпорожский,41-636-000-000,Подпорожский муниципальный район,муниципальный район,,1,,г Подпорожье,data-20180110-structure-20150128.csv,2018,9999,1404,,,47,Ленинградская область,60.914290999999999,34.162354000000001
Приозерский,41-639-000-000,Приозерский муниципальный район,муниципальный район,,1,,г Приозерск,data-20180110-structure-20150128.csv,2018,9999,1405,,,47,Ленинградская область,61.038528499999998,30.124848199999999
Сланцевский,41-642-000-000,Сланцевский муниципальный район,муниципальный район,,1,,г Сланцы,data-20180110-structure-20150128.csv,2018,9999,1406,,,47,Ленинградская область,59.117260000000002,28.086978999999999
Тихвинский,41-645-000-000,Тихвинский муниципальный район,муниципальный район,,1,,г Тихвин,data-20180110-structure-20150128.csv,2018,9999,1407,,,47,Ленинградская область,59.644323,33.541862399999999
Тосненский,41-648-000-000,Тосненский муниципальный район,муниципальный район,,1,,г Тосно,data-20180110-structure-20150128.csv,2018,9999,1408,,,47,Ленинградская область,59.541277700000002,30.877364499999999
Сосновоборский,41-754-000-000,городской округ Сосновоборский,городской округ,,1,,г Сосновый Бор,data-20180110-structure-20150128.csv,2018,9999,1409,,,47,Ленинградская область,59.896865499999997,29.076562800000001
Липецк,42-701-000-000,городской округ город Липецк,городской округ,административный_центр_субъекта,2,42-640-000-000,г Липецк,data-20180110-structure-20150128.csv,2018,9999,1410,,,48,Липецкая область,52.604187699999997,39.593689900000001
Елец,42-715-000-000,городской округ город Елец,городской округ,,2,42-621-000-000,г Елец,data-20180110-structure-20150128.csv,2018,9999,1411,,,48,Липецкая область,52.621986499999998,38.500329800000003
Воловский,42-603-000-000,Воловский муниципальный район,муниципальный район,,1,,с Волово,data-20180110-structure-20150128.csv,2018,9999,1412,,,48,Липецкая область,52.0283838,37.8790391
Грязинский,42-606-000-000,Грязинский муниципальный район,муниципальный район,,1,,г Грязи,data-20180110-structure-20150128.csv,2018,9999,1413,,,48,Липецкая область,52.487447250000002,39.935934695740947
Данковский,42-609-000-000,Данковский муниципальный район,муниципальный район,,1,,г Данков,data-20180110-structure-20150128.csv,2018,9999,1414,,,48,Липецкая область,53.2533095,39.159179799999997
Добринский,42-612-000-000,Добринский муниципальный район,муниципальный район,,1,,п Добринка,data-20180110-structure-20150128.csv,2018,9999,1415,,,48,Липецкая область,52.165835700000002,40.477210200000002
Добровский,42-615-000-000,Добровский муниципальный район,муниципальный район,,1,,с Доброе,data-20180110-structure-20150128.csv,2018,9999,1416,,,48,Липецкая область,52.861336899999998,39.810206600000001
Долгоруковский,42-618-000-000,Долгоруковский муниципальный район,муниципальный район,,1,,с Долгоруково,data-20180110-structure-20150128.csv,2018,9999,1417,,,48,Липецкая область,52.324387899999998,38.349596099999999
Елецкий,42-621-000-000,Елецкий муниципальный район,муниципальный район,,3,42-715-000-000,г Елец,data-20180110-structure-20150128.csv,2018,9999,1418,,,48,Липецкая область,52.621986499999998,38.500329800000003
Задонский,42-624-000-000,Задонский муниципальный район,муниципальный район,,1,,г Задонск,data-20180110-structure-20150128.csv,2018,9999,1419,,,48,Липецкая область,52.387797999999997,38.926720000000003
Измалковский,42-627-000-000,Измалковский муниципальный район,муниципальный район,,1,,с Измалково,data-20180110-structure-20150128.csv,2018,9999,1420,,,48,Липецкая область,52.693165899999997,37.969355899999996
Краснинский,42-630-000-000,Краснинский муниципальный район,муниципальный район,,1,,с Красное,data-20180110-structure-20150128.csv,2018,9999,1421,,,48,Липецкая область,52.863953000000002,38.783821000000003
Лебедянский,42-633-000-000,Лебедянский муниципальный район,муниципальный район,,1,,г Лебедянь,data-20180110-structure-20150128.csv,2018,9999,1422,,,48,Липецкая область,53.012614599999999,39.127592999999997
Лев-Толстовский,42-636-000-000,Лев-Толстовский муниципальный район,муниципальный район,,1,,п Лев Толстой,data-20180110-structure-20150128.csv,2018,9999,1423,,,48,Липецкая область,53.212541000000002,39.447756800000001
Липецкий,42-640-000-000,Липецкий муниципальный район,муниципальный район,,3,42-701-000-000,г Липецк,data-20180110-structure-20150128.csv,2018,9999,1424,,,48,Липецкая область,52.604187699999997,39.593689900000001
Становлянский,42-642-000-000,Становлянский муниципальный район,муниципальный район,,1,,с Становое,data-20180110-structure-20150128.csv,2018,9999,1425,,,48,Липецкая область,52.763271400000001,38.363959399999999
Тербунский,42-645-000-000,Тербунский муниципальный район,муниципальный район,,1,,с Тербуны,data-20180110-structure-20150128.csv,2018,9999,1426,,,48,Липецкая область,52.146827999999999,38.278388999999997
Усманский,42-648-000-000,Усманский муниципальный район,муниципальный район,,1,,г Усмань,data-20180110-structure-20150128.csv,2018,9999,1427,,,48,Липецкая область,52.050692900000001,39.739999599999997
Хлевенский,42-652-000-000,Хлевенский муниципальный район,муниципальный район,,1,,с Хлевное,data-20180110-structure-20150128.csv,2018,9999,1428,,,48,Липецкая область,52.197231000000002,39.086029000000003
Чаплыгинский,42-656-000-000,Чаплыгинский муниципальный район,муниципальный район,,1,,г Чаплыгин,data-20180110-structure-20150128.csv,2018,9999,1429,,,48,Липецкая область,53.243015,39.966800999999997
Магадан,44-701-000-000,городской округ город Магадан,городской округ,административный_центр_субъекта,1,,г Магадан,data-20180110-structure-20150128.csv,2018,9999,1430,,,49,Магаданская область,59.560476800000004,150.7988617
Ольский,44-702-000-000,городской округ Ольский,городской округ,,1,,пгт Ола,data-20180110-structure-20150128.csv,2018,2023,1431,,,49,Магаданская область,59.578098099999998,151.29906990000001
Омсукчанский,44-704-000-000,городской округ Омсукчанский,городской округ,,1,,пгт Омсукчан,data-20180110-structure-20150128.csv,2018,2023,1432,,,49,Магаданская область,62.512764300000001,155.78235140000001
Северо-Эвенский,44-707-000-000,городской округ Северо-Эвенский,городской округ,,1,,пгт Эвенск,data-20180110-structure-20150128.csv,2018,2023,1433,,,49,Магаданская область,61.919209000000002,159.23593099999999
Среднеканский,44-710-000-000,городской округ Среднеканский,городской округ,,1,,пгт Сеймчан,data-20180110-structure-20150128.csv,2018,2023,1434,,,49,Магаданская область,62.9317742,152.3932993
Сусуманский,44-713-000-000,городской округ Сусуманский,городской округ,,1,,г Сусуман,data-20180110-structure-20150128.csv,2018,2023,1435,,,49,Магаданская область,62.779732000000003,148.15360999999999
Тенькинский,44-716-000-000,городской округ Тенькинский,городской округ,,1,,пгт Усть-Омчуг,data-20180110-structure-20150128.csv,2018,2023,1436,,,49,Магаданская область,61.133163000000003,149.63247699999999
Хасынский,44-719-000-000,городской округ Хасынский,городской округ,,1,,пгт Палатка,data-20180110-structure-20150128.csv,2018,2023,1437,,,49,Магаданская область,60.102220799999998,150.9370006
Ягоднинский,44-722-000-000,городской округ Ягоднинский,городской округ,,1,,пгт Ягодное,data-20180110-structure-20150128.csv,2018,2023,1438,,,49,Магаданская область,62.521678799999997,149.6253322
Балашиха,46-704-000-000,городской округ Балашиха,городской округ,,1,,г Балашиха,data-20180110-structure-20150128.csv,2018,9999,1439,,,50,Московская область,55.799766200000001,37.937370700000002
Бронницы,46-705-000-000,городской округ Бронницы,городской округ,,1,,г Бронницы,data-20180110-structure-20150128.csv,2018,9999,1440,,,50,Московская область,55.420092750000002,38.271969532961187
Власиха,46-773-000-000,городской округ Власиха,городской округ,ЗАТО,1,,п Власиха,data-20180110-structure-20150128.csv,2018,9999,1441,,,50,Московская область,55.683859099999999,37.191978599999999
Восход,46-763-000-000,городской округ Восход,городской округ,ЗАТО,1,,п Восход,data-20180110-structure-20150128.csv,2018,9999,1442,,,50,Московская область,55.973831799999999,36.458970000000001
Дзержинский,46-711-000-000,городской округ Дзержинский,городской округ,,1,,г Дзержинский,data-20180110-structure-20150128.csv,2018,9999,1443,,,50,Московская область,55.630918600000001,37.849665299999998
Долгопрудный,46-716-000-000,городской округ Долгопрудный,городской округ,,1,,г Долгопрудный,data-20180110-structure-20150128.csv,2018,9999,1444,,,50,Московская область,55.934149099999999,37.514241699999999
Домодедово,46-709-000-000,городской округ Домодедово,городской округ,,1,,г Домодедово,data-20180110-structure-20150128.csv,2018,9999,1445,,,50,Московская область,55.436821299999998,37.768069300000001
Дубна,46-718-000-000,городской округ Дубна,городской округ,,1,,г Дубна,data-20180110-structure-20150128.csv,2018,9999,1446,,,50,Московская область,56.736270500000003,37.162369599999998
Егорьевск,46-722-000-000,городской округ Егорьевск,городской округ,,1,,г Егорьевск,data-20180110-structure-20150128.csv,2018,9999,1447,,,50,Московская область,55.382976499999998,39.0356223
Жуковский,46-725-000-000,городской округ Жуковский,городской округ,,1,,г Жуковский,data-20180110-structure-20150128.csv,2018,9999,1448,,,50,Московская область,55.597280099999999,38.119986300000001
Зарайск,46-729-000-000,городской округ Зарайск,городской округ,,1,,г Зарайск,data-20180110-structure-20150128.csv,2018,9999,1449,,,50,Московская область,54.758569399999999,38.881813700000002
Звенигород,46-730-000-000,городской округ Звенигород,городской округ,,1,,г Звенигород,data-20180110-structure-20150128.csv,2018,2020,1450,,union_7,50,Московская область,55.729361300000001,36.858538199999998
Звёздный,46-774-000-000,городской округ Звёздный городок,городской округ,ЗАТО,1,,п Звездный городок,data-20180110-structure-20150128.csv,2018,9999,1451,,,50,Московская область,55.877422099999997,38.113063699999998
Ивантеевка,46-732-000-000,городской округ Ивантеевка,городской округ,,1,,г Ивантеевка,data-20180110-structure-20150128.csv,2018,2021,1452,,union_13,50,Московская область,55.971409800000004,37.920073899999998
Истра,46-733-000-000,городской округ Истра,городской округ,,1,,г Истра,data-20180129-structure-20150128.csv,2018,9999,1453,,,50,Московская область,55.914599299999999,36.859548199999999
Кашира,46-735-000-000,городской округ Кашира,городской округ,,1,,г Кашира,data-20180110-structure-20150128.csv,2018,9999,1454,,,50,Московская область,54.837448999999999,38.150511899999998
Коломенский,46-738-000-000,городской округ Коломенский,городской округ,,1,,г Коломна,data-20180129-structure-20150128.csv,2018,2021,1455,,union_12,50,Московская область,55.093874300000003,38.767012100000002
Королёв,46-734-000-000,городской округ Королёв,городской округ,,1,,г Королёв,data-20180110-structure-20150128.csv,2018,9999,1456,,,50,Московская область,55.919004899999997,37.815044299999997
Котельники,46-739-000-000,городской округ Котельники,городской округ,,1,,г Котельники,data-20180110-structure-20150128.csv,2018,9999,1457,,,50,Московская область,55.661667999999999,37.8673073
Красноармейск,46-743-000-000,городской округ Красноармейск,городской округ,,1,,г Красноармейск,data-20180110-structure-20150128.csv,2018,2021,1458,,union_13,50,Московская область,56.121089499999997,38.145765500000003
Красногорск,46-744-000-000,городской округ Красногорск,городской округ,,1,,г Красногорск,data-20180110-structure-20150128.csv,2018,9999,1459,,,50,Московская область,55.821754499999997,37.3400897
Краснознаменск,46-706-000-000,городской округ Краснознаменск,городской округ,ЗАТО,1,,г Краснознаменск,data-20180110-structure-20150128.csv,2018,9999,1460,,,50,Московская область,55.597178700000001,37.039505699999999
Лобня,46-740-000-000,городской округ Лобня,городской округ,,1,,г Лобня,data-20180110-structure-20150128.csv,2018,9999,1461,,,50,Московская область,56.033776900000007,37.461223718802927
Лосино-Петровский,46-742-000-000,городской округ Лосино-Петровский,городской округ,,1,,г Лосино-Петровский,data-20180110-structure-20150128.csv,2018,2019,1462,,transfer_2,50,Московская область,55.870559299999996,38.203270099999997
Луховицы,46-747-000-000,городской округ Луховицы,городской округ,,1,,г Луховицы,data-20180110-structure-20150128.csv,2018,9999,1463,,,50,Московская область,54.9655573,39.027718800000002
Лыткарино,46-741-000-000,городской округ Лыткарино,городской округ,,1,,г Лыткарино,data-20180110-structure-20150128.csv,2018,9999,1464,,,50,Московская область,55.582247700000003,37.908021699999999
Люберцы,46-748-000-000,городской округ Люберцы,городской округ,,1,,г Люберцы,data-20180110-structure-20150128.csv,2018,9999,1465,,,50,Московская область,55.678314200000003,37.893770000000004
Молодёжный,46-761-000-000,городской округ Молодёжный,городской округ,ЗАТО,1,,п Молодёжный,data-20180110-structure-20150128.csv,2018,9999,1466,,,50,Московская область,55.325935999999999,36.784758199999999
Мытищи,46-746-000-000,городской округ Мытищи,городской округ,,1,,г Мытищи,data-20180110-structure-20150128.csv,2018,9999,1467,,,50,Московская область,55.909492800000002,37.733935799999998
Наро-Фоминский,46-750-000-000,городской округ Наро-Фоминский,городской округ,,1,,г Наро-Фоминск,data-20180129-structure-20150128.csv,2018,9999,1468,,,50,Московская область,55.384278399999999,36.723506999999998
Озёры,46-756-000-000,городской округ Озёры,городской округ,,1,,г Озёры,data-20180110-structure-20150128.csv,2018,2021,1469,,union_12,50,Московская область,54.858165100000001,38.546377939431082
Орехово-Зуево,46-757-000-000,городской округ Орехово-Зуево,городской округ,,2,46-643-000-000,г Орехово-Зуево,data-20180110-structure-20150128.csv,2018,2020,1470,,union_8,50,Московская область,55.808327800000001,38.979003800000001
Павловский Посад,46-759-000-000,городской округ Павловский Посад,городской округ,,1,,г Павловский Посад,data-20180110-structure-20150128.csv,2018,2024,1471,,union_22,50,Московская область,55.7813357,38.650783799999999
Подольск,46-760-000-000,городской округ Подольск,городской округ,,1,,г Подольск,data-20180110-structure-20150128.csv,2018,9999,1472,,,50,Московская область,55.4308841,37.545305599999999
Протвино,46-767-000-000,городской округ Протвино,городской округ,,1,,г Протвино,data-20180110-structure-20150128.csv,2018,9999,1473,,,50,Московская область,54.870770299999997,37.218862899999998
Пущино,46-762-000-000,городской округ Пущино,городской округ,,1,,г Пущино,data-20180110-structure-20150128.csv,2018,9999,1474,,,50,Московская область,54.834721299999998,37.613968499999999
Реутов,46-764-000-000,городской округ Реутов,городской округ,,1,,г Реутов,data-20180110-structure-20150128.csv,2018,9999,1475,,,50,Московская область,55.762245299999996,37.856555
Рошаль,46-765-000-000,городской округ Рошаль,городской округ,,1,,г Рошаль,data-20180110-structure-20150128.csv,2018,2021,1476,,union_10,50,Московская область,55.658323899999999,39.871713700000001
Рузский,46-766-000-000,городской округ Рузский,городской округ,,1,,г Руза,data-20180110-structure-20150128.csv,2018,9999,1477,,,50,Московская область,55.699890699999997,36.194699200000002
Серебряные Пруды,46-772-000-000,городской округ Серебряные Пруды,городской округ,,1,,рп Серебряные Пруды,data-20180110-structure-20150128.csv,2018,9999,1478,,,50,Московская область,54.467980300000001,38.722367900000002
Серпухов,46-770-000-000,городской округ Серпухов,городской округ,,2,46-651-000-000,г Серпухов,data-20180110-structure-20150128.csv,2018,2019,1479,,union_5,50,Московская область,54.915524699999999,37.419553299999997
Ступино,46-776-000-000,городской округ Ступино,городской округ,,1,,г Ступино,data-20180129-structure-20150128.csv,2018,9999,1480,,,50,Московская область,54.886597999999999,38.077258899999997
Фрязино,46-780-000-000,городской округ Фрязино,городской округ,,1,,г Фрязино,data-20180110-structure-20150128.csv,2018,9999,1481,,,50,Московская область,55.954618000000004,38.056769099999997
Химки,46-783-000-000,городской округ Химки,городской округ,,1,,г Химки,data-20180110-structure-20150128.csv,2018,2023,1482,,transfer_7,50,Московская область,55.891729300000002,37.439699400000002
Черноголовка,46-781-000-000,городской округ Черноголовка,городской округ,,1,,г Черноголовка,data-20180110-structure-20150128.csv,2018,9999,1483,,,50,Московская область,56.006116499999997,38.383522399999997
Чехов,46-784-000-000,городской округ Чехов,городской округ,,1,,г Чехов,data-20180129-structure-20150128.csv,2018,9999,1484,,,50,Московская область,55.142660300000003,37.454532800000003
Шатура,46-786-000-000,городской округ Шатура,городской округ,,1,,г Шатура,data-20180129-structure-20150128.csv,2018,2021,1485,,union_10,50,Московская область,55.578403000000002,39.543758400000002
Шаховская,46-787-000-000,городской округ Шаховская,городской округ,,1,,рп Шаховская,data-20180110-structure-20150128.csv,2018,9999,1486,,,50,Московская область,56.031464,35.510203599999997
Электрогорск,46-791-000-000,городской округ Электрогорск,городской округ,,1,,г Электрогорск,data-20180110-structure-20150128.csv,2018,2024,1487,,union_22,50,Московская область,55.879298300000002,38.785872099999999
Электросталь,46-790-000-000,городской округ Электросталь,городской округ,,1,,г Электросталь,data-20180110-structure-20150128.csv,2018,9999,1488,,,50,Московская область,55.790378500000003,38.4405711
Волоколамский,46-605-000-000,Волоколамский муниципальный район,муниципальный район,,1,,г Волоколамск,data-20180110-structure-20150128.csv,2018,2020,1489,,,50,Московская область,56.036012900000003,35.9583358
Воскресенский,46-606-000-000,Воскресенский муниципальный район,муниципальный район,,1,,г Воскресенск,data-20180110-structure-20150128.csv,2018,2020,1490,,,50,Московская область,55.322518000000002,38.6816824
Дмитровский,46-608-000-000,Дмитровский муниципальный район,муниципальный район,,1,,г Дмитров,data-20180110-structure-20150128.csv,2018,2019,1491,,,50,Московская область,56.345069500000001,37.520072300000002
Клинский,46-621-000-000,Клинский муниципальный район,муниципальный район,,1,,г Клин,data-20180110-structure-20150128.csv,2018,2019,1492,,,50,Московская область,56.335560100000002,36.735131799999998
Ленинский,46-628-000-000,Ленинский муниципальный район,муниципальный район,,1,,г Видное,data-20180110-structure-20150128.csv,2018,2021,1493,,,50,Московская область,55.557149600000002,37.708714200000003
Лотошинский,46-629-000-000,Лотошинский муниципальный район,муниципальный район,,1,,рп Лотошино,data-20180110-structure-20150128.csv,2018,2020,1494,,,50,Московская область,56.228890999999997,35.639902900000003
Можайский,46-633-000-000,Можайский муниципальный район,муниципальный район,,1,,г Можайск,data-20180110-structure-20150128.csv,2018,2019,1495,,,50,Московская область,55.5095679,35.986899000000001
Ногинский,46-639-000-000,Ногинский муниципальный район,муниципальный район,,1,,г Ногинск,data-20180110-structure-20150128.csv,2018,2019,1496,,,50,Московская область,55.8553511,38.441189799999997
Одинцовский,46-641-000-000,Одинцовский муниципальный район,муниципальный район,,1,,г Одинцово,data-20180110-structure-20150128.csv,2018,2020,1497,,union_7,50,Московская область,55.678223000000003,37.266809600000002
Орехово-Зуевский,46-643-000-000,Орехово-Зуевский муниципальный район,муниципальный район,,3,46-757-000-000,г Орехово-Зуево,data-20180110-structure-20150128.csv,2018,2019,1498,,,50,Московская область,55.808327800000001,38.979003800000001
Пушкинский,46-647-000-000,Пушкинский муниципальный район,муниципальный район,,1,,г Пушкино,data-20180110-structure-20150128.csv,2018,2020,1499,,,50,Московская область,56.010427399999998,37.846189199999998
Раменский,46-648-000-000,Раменский муниципальный район,муниципальный район,,1,,г Раменское,data-20180110-structure-20150128.csv,2018,2020,1500,,,50,Московская область,55.570936099999997,38.228209900000003
Сергиево-Посадский,46-615-000-000,Сергиево-Посадский муниципальный район,муниципальный район,,1,,г Сергиев Посад,data-20180110-structure-20150128.csv,2018,2020,1501,,,50,Московская область,56.315328399999999,38.135989799999997
Серпуховский,46-651-000-000,Серпуховский муниципальный район,муниципальный район,,3,46-770-000-000,г Серпухов,data-20180110-structure-20150128.csv,2018,2019,1502,,union_5,50,Московская область,54.915524699999999,37.419553299999997
Солнечногорский,46-652-000-000,Солнечногорский муниципальный район,муниципальный район,,1,,г Солнечногорск,data-20180110-structure-20150128.csv,2018,2020,1503,,,50,Московская область,56.185350100000001,36.978153599999999
Талдомский,46-654-000-000,Талдомский муниципальный район,муниципальный район,,1,,г Талдом,data-20180110-structure-20150128.csv,2018,2019,1504,,,50,Московская область,56.730941000000001,37.528016000000001
Щёлковский,46-659-000-000,Щёлковский муниципальный район,муниципальный район,,1,,г Щёлково,data-20180110-structure-20150128.csv,2018,2019,1505,,transfer_2,50,Московская область,55.920649900000001,37.9915576
Мурманск,47-701-000-000,городской округ город Мурманск,городской округ,административный_центр_субъекта,1,,г Мурманск,data-20180110-structure-20150128.csv,2018,9999,1506,,,51,Мурманская область,68.970664999999997,33.07497
Апатиты,47-705-000-000,городской округ город Апатиты,городской округ,,1,,г Апатиты,data-20180110-structure-20150128.csv,2018,2021,1507,,,51,Мурманская область,67.568625999999995,33.404392000000001
Кировск,47-712-000-000,городской округ город Кировск,городской округ,,1,,г Кировск,data-20180110-structure-20150128.csv,2018,2021,1508,,,51,Мурманская область,67.615133099999994,33.663752700000003
Мончегорск,47-715-000-000,городской округ город Мончегорск,городской округ,,1,,г Мончегорск,data-20180110-structure-20150128.csv,2018,2021,1509,,,51,Мурманская область,67.939903000000001,32.931679000000003
Оленегорск,47-717-000-000,городской округ город Оленегорск,городской округ,,1,,г Оленегорск,data-20180110-structure-20150128.csv,2018,2021,1510,,,51,Мурманская область,68.140732,33.282597000000003
Полярные Зори,47-719-000-000,городской округ город Полярные Зори,городской округ,,1,,г Полярные Зори,data-20180110-structure-20150128.csv,2018,2021,1511,,,51,Мурманская область,67.365922499999996,32.501027700000002
Ковдорский,47-703-000-000,городской округ Ковдорский район,городской округ,,1,,г Ковдор,data-20180110-structure-20150128.csv,2018,2021,1512,,,51,Мурманская область,67.563049000000007,30.474108000000001
Александровск,47-737-000-000,городской округ ЗАТО Александровск,городской округ,ЗАТО,1,,г Полярный,data-20180110-structure-20150128.csv,2018,9999,1513,,,51,Мурманская область,69.199523999999997,33.445838999999999
Видяево,47-735-000-000,городской округ ЗАТО поселок Видяево,городской округ,ЗАТО,1,,нп Видяево,data-20180110-structure-20150128.csv,2018,9999,1514,,,51,Мурманская область,69.318002899999996,32.806730199999997
Заозерск,47-733-000-000,городской округ ЗАТО город Заозерск,городской округ,ЗАТО,1,,г Заозерск,data-20180110-structure-20150128.csv,2018,9999,1515,,,51,Мурманская область,69.400925000000001,32.441333999999998
Островной,47-731-000-000,городской округ ЗАТО город Островной,городской округ,ЗАТО,1,,г Островной,data-20180110-structure-20150128.csv,2018,9999,1516,,,51,Мурманская область,68.054444700000005,39.512938400000003
Североморск,47-730-000-000,городской округ ЗАТО город Североморск,городской округ,ЗАТО,1,,г Североморск,data-20180110-structure-20150128.csv,2018,9999,1517,,,51,Мурманская область,69.069168000000005,33.416656000000003
Кандалакшский,47-608-000-000,Кандалакшский муниципальный район,муниципальный район,,1,,г Кандалакша,data-20180110-structure-20150128.csv,2018,9999,1518,,,51,Мурманская область,67.150790099999995,32.408271599999999
Кольский,47-605-000-000,Кольский муниципальный район,муниципальный район,,1,,г Кола,data-20180110-structure-20150128.csv,2018,9999,1519,,,51,Мурманская область,68.880638000000005,33.019725999999999
Ловозерский,47-610-000-000,Ловозерский муниципальный район,муниципальный район,,1,,с Ловозеро,data-20180110-structure-20150128.csv,2018,9999,1520,,,51,Мурманская область,68.005882799999995,35.017214799999998
Печенгский,47-615-000-000,Печенгский муниципальный район,муниципальный район,,1,,пгт Никель,data-20180110-structure-20150128.csv,2018,2021,1521,,,51,Мурманская область,69.406221700000003,30.211421600000001
Терский,47-620-000-000,Терский муниципальный район,муниципальный район,,1,,пгт Умба,data-20180110-structure-20150128.csv,2018,9999,1522,,,51,Мурманская область,66.678033900000003,34.337601900000003
Нижний Новгород,22-701-000-000,городской округ город Нижний Новгород,городской округ,административный_центр_субъекта,1,,г Нижний Новгород,data-20180110-structure-20150128.csv,2018,9999,1523,,,52,Нижегородская область,56.326481600000001,44.005139499999999
Арзамас,22-703-000-000,городской округ город Арзамас,городской округ,,2,22-603-000-000,г Арзамас,data-20180110-structure-20150128.csv,2018,2023,1524,,union_21,52,Нижегородская область,55.398787900000002,43.821093300000001
Бор,22-712-000-000,городской округ город Бор,городской округ,,1,,г Бор,data-20180110-structure-20150128.csv,2018,9999,1525,,,52,Нижегородская область,56.359828899999997,44.054264099999997
Выкса,22-715-000-000,городской округ город Выкса,городской округ,,1,,г Выкса,data-20180110-structure-20150128.csv,2018,9999,1526,,,52,Нижегородская область,55.318773999999998,42.1800408
Дзержинск,22-721-000-000,городской округ город Дзержинск,городской округ,,1,,г Дзержинск,data-20180110-structure-20150128.csv,2018,9999,1527,,,52,Нижегородская область,56.238215699999998,43.461740499999998
Кулебаки,22-727-000-000,городской округ город Кулебаки,городской округ,,1,,г Кулебаки,data-20180110-structure-20150128.csv,2018,9999,1528,,,52,Нижегородская область,55.429287000000002,42.511879
Навашинский,22-730-000-000,городской округ Навашинский,городской округ,,1,,г Навашино,data-20180110-structure-20150128.csv,2018,9999,1529,,,52,Нижегородская область,55.544071000000002,42.188670999999999
Перевозский,22-739-000-000,городской округ Перевозский,городской округ,,1,,г Перевоз,data-20180110-structure-20150128.csv,2018,9999,1530,,,52,Нижегородская область,55.596545999999996,44.544846
Саров,22-704-000-000,городской округ ЗАТО город Саров,городской округ,ЗАТО,1,,г Саров,data-20180110-structure-20150128.csv,2018,9999,1531,,,52,Нижегородская область,54.938541400000013,43.311260939528793
Семеновский,22-737-000-000,городской округ Семеновский,городской округ,,1,,г Семенов,data-20180110-structure-20150128.csv,2018,9999,1532,,,52,Нижегородская область,56.788342,44.491549999999997
Шахунья,22-758-000-000,городской округ город Шахунья,городской округ,,1,,г Шахунья,data-20180110-structure-20150128.csv,2018,9999,1533,,,52,Нижегородская область,57.673018200000001,46.615237800000003
Первомайск,22-734-000-000,городской округ город Первомайск,городской округ,,1,,г Первомайск,data-20180110-structure-20150128.csv,2018,9999,1534,,,52,Нижегородская область,54.866649099999997,43.805410600000002
Сокольский,22-749-000-000,городской округ Сокольский,городской округ,,1,,рп Сокольское,data-20180110-structure-20150128.csv,2018,9999,1535,,,52,Нижегородская область,57.143093,43.16357
Чкаловск,22-755-000-000,городской округ город Чкаловск,городской округ,,1,,г Чкаловск,data-20180110-structure-20150128.csv,2018,9999,1536,,,52,Нижегородская область,56.764915000000002,43.243324000000001
Ардатовский,22-602-000-000,Ардатовский муниципальный район,муниципальный район,,1,,рп Ардатов,data-20180110-structure-20150128.csv,2018,2023,1537,,,52,Нижегородская область,55.2410408,43.096803700000002
Арзамасский,22-603-000-000,Арзамасский муниципальный район,муниципальный район,,3,22-703-000-000,г Арзамас,data-20180110-structure-20150128.csv,2018,2023,1538,,union_21,52,Нижегородская область,55.398787900000002,43.821093300000001
Балахнинский,22-605-000-000,Балахнинский муниципальный район,муниципальный район,,1,,г Балахна,data-20180110-structure-20150128.csv,2018,2021,1539,,,52,Нижегородская область,56.487050500000002,43.603955300000003
Богородский,22-607-000-000,Богородский муниципальный район,муниципальный район,,1,,г Богородск,data-20180110-structure-20150128.csv,2018,2021,1540,,,52,Нижегородская область,56.103416000000003,43.516818999999998
Большеболдинский,22-609-000-000,Большеболдинский муниципальный район,муниципальный район,,1,,с Большое Болдино,data-20180110-structure-20150128.csv,2018,2023,1541,,,52,Нижегородская область,55.000712999999998,45.310504999999999
Большемурашкинский,22-610-000-000,Большемурашкинский муниципальный район,муниципальный район,,1,,рп Большое Мурашкино,data-20180110-structure-20150128.csv,2018,2023,1542,,,52,Нижегородская область,55.783750400000002,44.776318500000002
Бутурлинский,22-612-000-000,Бутурлинский муниципальный район,муниципальный район,,1,,рп Бутурлино,data-20180110-structure-20150128.csv,2018,2021,1543,,,52,Нижегородская область,55.568863,44.891452999999998
Вадский,22-614-000-000,Вадский муниципальный район,муниципальный район,,1,,с Вад,data-20180110-structure-20150128.csv,2018,2021,1544,,,52,Нижегородская область,55.5313789,44.209251700000003
Варнавинский,22-615-000-000,Варнавинский муниципальный район,муниципальный район,,1,,рп Варнавино,data-20180110-structure-20150128.csv,2018,2023,1545,,,52,Нижегородская область,57.396695000000001,45.084921600000001
Вачский,22-617-000-000,Вачский муниципальный район,муниципальный район,,1,,рп Вача,data-20180110-structure-20150128.csv,2018,2023,1546,,,52,Нижегородская область,55.801029,42.772098999999997
Ветлужский,22-618-000-000,Ветлужский муниципальный район,муниципальный район,,1,,г Ветлуга,data-20180110-structure-20150128.csv,2018,2023,1547,,,52,Нижегородская область,57.852870000000003,45.775715699999999
Вознесенский,22-619-000-000,Вознесенский муниципальный район,муниципальный район,,1,,рп Вознесенское,data-20180110-structure-20150128.csv,2018,2023,1548,,,52,Нижегородская область,54.890632799999999,42.759837300000001
Володарский,22-631-000-000,Володарский муниципальный район,муниципальный район,,1,,г Володарск,data-20180110-structure-20150128.csv,2018,2023,1549,,,52,Нижегородская область,56.224303999999997,43.182654999999997
Воротынский,22-621-000-000,Воротынский муниципальный район,муниципальный район,,1,,рп Воротынец,data-20180110-structure-20150128.csv,2018,2020,1550,,,52,Нижегородская область,56.060469599999998,45.862527999999998
Воскресенский,22-622-000-000,Воскресенский муниципальный район,муниципальный район,,1,,рп Воскресенское,data-20180110-structure-20150128.csv,2018,2023,1551,,,52,Нижегородская область,56.838333300000002,45.433055600000003
Гагинский,22-626-000-000,Гагинский муниципальный район,муниципальный район,,1,,с Гагино,data-20180110-structure-20150128.csv,2018,2023,1552,,,52,Нижегородская область,55.231486699999998,45.028081100000001
Городецкий,22-628-000-000,Городецкий муниципальный район,муниципальный район,,1,,г Городец,data-20180110-structure-20150128.csv,2018,2023,1553,,,52,Нижегородская область,56.647140999999998,43.476002000000001
Дальнеконстантиновский,22-630-000-000,Дальнеконстантиновский муниципальный район,муниципальный район,,1,,рп Дальнее Константиново,data-20180110-structure-20150128.csv,2018,2023,1554,,,52,Нижегородская область,55.807769999999998,44.094025000000002
Дивеевский,22-632-000-000,Дивеевский муниципальный район,муниципальный район,,1,,с Дивеево,data-20180110-structure-20150128.csv,2018,2021,1555,,,52,Нижегородская область,55.041687000000003,43.245517999999997
Княгининский,22-633-000-000,Княгининский муниципальный район,муниципальный район,,1,,г Княгинино,data-20180110-structure-20150128.csv,2018,2023,1556,,,52,Нижегородская область,55.821280999999999,45.031601000000002
Ковернинский,22-634-000-000,Ковернинский муниципальный район,муниципальный район,,1,,рп Ковернино,data-20180110-structure-20150128.csv,2018,2021,1557,,,52,Нижегородская область,57.126109999999997,43.816386999999999
Краснобаковский,22-635-000-000,Краснобаковский муниципальный район,муниципальный район,,1,,рп Красные Баки,data-20180110-structure-20150128.csv,2018,2023,1558,,,52,Нижегородская область,57.126834799999997,45.166409600000001
Краснооктябрьский,22-636-000-000,Краснооктябрьский муниципальный район,муниципальный район,,1,,с Уразовка,data-20180110-structure-20150128.csv,2018,2023,1559,,,52,Нижегородская область,55.399988999999998,45.616865799999999
Кстовский,22-637-000-000,Кстовский муниципальный район,муниципальный район,,1,,г Кстово,data-20180110-structure-20150128.csv,2018,2022,1560,,,52,Нижегородская область,56.149551000000002,44.198031999999998
Лукояновский,22-639-000-000,Лукояновский муниципальный район,муниципальный район,,1,,г Лукоянов,data-20180110-structure-20150128.csv,2018,2023,1561,,,52,Нижегородская область,55.034821000000001,44.492725
Лысковский,22-640-000-000,Лысковский муниципальный район,муниципальный район,,1,,г Лысково,data-20180110-structure-20150128.csv,2018,2021,1562,,,52,Нижегородская область,56.027884999999998,45.038314999999997
Павловский,22-642-000-000,Павловский муниципальный район,муниципальный район,,1,,г Павлово,data-20180110-structure-20150128.csv,2018,2021,1563,,,52,Нижегородская область,55.965136999999999,43.071114000000001
Пильнинский,22-645-000-000,Пильнинский муниципальный район,муниципальный район,,1,,рп Пильна,data-20180110-structure-20150128.csv,2018,2023,1564,,,52,Нижегородская область,55.552254699999999,45.920785299999999
Починковский,22-646-000-000,Починковский муниципальный район,муниципальный район,,1,,с Починки,data-20180110-structure-20150128.csv,2018,2021,1565,,,52,Нижегородская область,54.697451700000002,44.861289300000003
Сергачский,22-648-000-000,Сергачский муниципальный район,муниципальный район,,1,,г Сергач,data-20180110-structure-20150128.csv,2018,2023,1566,,,52,Нижегородская область,55.532822000000003,45.461697600000001
Сеченовский,22-649-000-000,Сеченовский муниципальный район,муниципальный район,,1,,с Сеченово,data-20180110-structure-20150128.csv,2018,2023,1567,,,52,Нижегородская область,55.225721299999996,45.893729100000002
Сосновский,22-650-000-000,Сосновский муниципальный район,муниципальный район,,1,,рп Сосновское,data-20180110-structure-20150128.csv,2018,2023,1568,,,52,Нижегородская область,55.805077199999999,43.166949899999999
Спасский,22-651-000-000,Спасский муниципальный район,муниципальный район,,1,,с Спасское,data-20180110-structure-20150128.csv,2018,2023,1569,,,52,Нижегородская область,55.857969900000001,45.695452899999999
Тонкинский,22-652-000-000,Тонкинский муниципальный район,муниципальный район,,1,,рп Тонкино,data-20180110-structure-20150128.csv,2018,2023,1570,,,52,Нижегородская область,57.372272000000002,46.458286999999999
Тоншаевский,22-653-000-000,Тоншаевский муниципальный район,муниципальный район,,1,,рп Тоншаево,data-20180110-structure-20150128.csv,2018,2021,1571,,,52,Нижегородская область,57.732841000000001,47.011944
Уренский,22-654-000-000,Уренский муниципальный район,муниципальный район,,1,,г Урень,data-20180110-structure-20150128.csv,2018,2021,1572,,,52,Нижегородская область,57.461497399999999,45.787891100000003
Шарангский,22-656-000-000,Шарангский муниципальный район,муниципальный район,,1,,рп Шаранга,data-20180110-structure-20150128.csv,2018,2023,1573,,,52,Нижегородская область,57.177344099999999,46.5445937
Шатковский,22-657-000-000,Шатковский муниципальный район,муниципальный район,,1,,рп Шатки,data-20180110-structure-20150128.csv,2018,2023,1574,,,52,Нижегородская область,55.188023000000001,44.127811000000001
Великий Новгород,49-701-000-000,городской округ Великий Новгород,городской округ,административный_центр_субъекта,2,49-625-000-000,г Великий Новгород,data-20180110-structure-20150128.csv,2018,9999,1575,,,53,Новгородская область,58.5609587,31.2809005856491
Батецкий,49-603-000-000,Батецкий муниципальный район,муниципальный район,,1,,п Батецкий,data-20180110-structure-20150128.csv,2018,9999,1576,,,53,Новгородская область,58.647773999999998,30.299807000000001
Боровичский,49-606-000-000,Боровичский муниципальный район,муниципальный район,,1,,г Боровичи,data-20180110-structure-20150128.csv,2018,9999,1577,,,53,Новгородская область,58.389009000000001,33.906827499999999
Валдайский,49-608-000-000,Валдайский муниципальный район,муниципальный район,,1,,г Валдай,data-20180110-structure-20150128.csv,2018,9999,1578,,,53,Новгородская область,57.979141400000003,33.253799399999998
Волотовский,49-610-000-000,Волотовский муниципальный район,муниципальный район,,1,,п Волот,data-20180110-structure-20150128.csv,2018,2021,1579,,,53,Новгородская область,57.930100699999997,30.709080799999999
Демянский,49-612-000-000,Демянский муниципальный район,муниципальный район,,1,,рп Демянск,data-20180110-structure-20150128.csv,2018,2024,1580,,,53,Новгородская область,57.6423554,32.464678800000002
Крестецкий,49-614-000-000,Крестецкий муниципальный район,муниципальный район,,1,,рп Крестцы,data-20180110-structure-20150128.csv,2018,2024,1581,,,53,Новгородская область,58.247664999999998,32.522857999999999
Любытинский,49-616-000-000,Любытинский муниципальный район,муниципальный район,,1,,рп Любытино,data-20180110-structure-20150128.csv,2018,9999,1582,,,53,Новгородская область,58.814232199999999,33.397697200000003
Маловишерский,49-620-000-000,Маловишерский муниципальный район,муниципальный район,,1,,г Малая Вишера,data-20180110-structure-20150128.csv,2018,9999,1583,,,53,Новгородская область,58.844214999999998,32.218635999999996
Марёвский,49-623-000-000,Марёвский муниципальный район,муниципальный район,,1,,с Марёво,data-20180110-structure-20150128.csv,2018,2021,1584,,,53,Новгородская область,57.315285000000003,32.082282999999997
Мошенской,49-624-000-000,Мошенской муниципальный район,муниципальный район,,1,,с Мошенское,data-20180110-structure-20150128.csv,2018,2024,1585,,,53,Новгородская область,58.512428,34.584908499999997
Новгородский,49-625-000-000,Новгородский муниципальный район,муниципальный район,,3,49-701-000-000,г Великий Новгород,data-20180110-structure-20150128.csv,2018,9999,1586,,,53,Новгородская область,58.5609587,31.2809005856491
Окуловский,49-628-000-000,Окуловский муниципальный район,муниципальный район,,1,,г Окуловка,data-20180110-structure-20150128.csv,2018,9999,1587,,,53,Новгородская область,58.3740782,33.300938299999999
Парфинский,49-630-000-000,Парфинский муниципальный район,муниципальный район,,1,,рп Парфино,data-20180110-structure-20150128.csv,2018,9999,1588,,,53,Новгородская область,57.971322600000001,31.649847999999999
Пестовский,49-632-000-000,Пестовский муниципальный район,муниципальный район,,1,,г Пестово,data-20180110-structure-20150128.csv,2018,2024,1589,,,53,Новгородская область,58.5981825,35.814320544299861
Поддорский,49-634-000-000,Поддорский муниципальный район,муниципальный район,,1,,с Поддорье,data-20180110-structure-20150128.csv,2018,9999,1590,,,53,Новгородская область,57.470387000000002,31.111747999999999
Солецкий,49-638-000-000,Солецкий муниципальный район,муниципальный район,,1,,г Сольцы,data-20180110-structure-20150128.csv,2018,2021,1591,,,53,Новгородская область,58.119002999999999,30.309678999999999
Старорусский,49-639-000-000,Старорусский муниципальный район,муниципальный район,,1,,г Старая Русса,data-20180110-structure-20150128.csv,2018,9999,1592,,,53,Новгородская область,57.989892300000001,31.363490500000001
Хвойнинский,49-645-000-000,Хвойнинский муниципальный район,муниципальный район,,1,,рп Хвойная,data-20180110-structure-20150128.csv,2018,2021,1593,,,53,Новгородская область,58.896062100000002,34.512184400000002
Холмский,49-647-000-000,Холмский муниципальный район,муниципальный район,,1,,г Холм,data-20180110-structure-20150128.csv,2018,9999,1594,,,53,Новгородская область,57.154074249999987,31.170851969494521
Чудовский,49-650-000-000,Чудовский муниципальный район,муниципальный район,,1,,г Чудово,data-20180110-structure-20150128.csv,2018,9999,1595,,,53,Новгородская область,59.1240916,31.68621497690631
Шимский,49-655-000-000,Шимский муниципальный район,муниципальный район,,1,,рп Шимск,data-20180110-structure-20150128.csv,2018,9999,1596,,,53,Новгородская область,58.2117,30.724807999999999
Новосибирск,50-701-000-000,городской округ город Новосибирск,городской округ,административный_центр_субъекта,2,50-640-000-000,г Новосибирск,data-20180110-structure-20150128.csv,2018,9999,1597,,,54,Новосибирская область,54.967814449999999,82.951598942783761
Бердск,50-708-000-000,городской округ город Бердск,городской округ,,1,,г Бердск,data-20180110-structure-20150128.csv,2018,9999,1598,,,54,Новосибирская область,54.743766200000003,83.062689078601636
Искитим,50-712-000-000,городской округ город Искитим,городской округ,,2,50-615-000-000,г Искитим,data-20180110-structure-20150128.csv,2018,9999,1599,,,54,Новосибирская область,54.61506035,83.29727586648599
Обь,50-717-000-000,городской округ город Обь,городской округ,,1,,г Обь,data-20180110-structure-20150128.csv,2018,9999,1600,,,54,Новосибирская область,54.995133500000001,82.693394600000005
Кольцово,50-740-000-000,городской округ рабочий поселок Кольцово,городской округ,,1,,рп Кольцово,data-20180110-structure-20150128.csv,2018,9999,1601,,,54,Новосибирская область,54.936773600000002,83.187139000000002
Баганский,50-603-000-000,Баганский муниципальный район,муниципальный район,,1,,с Баган,data-20180110-structure-20150128.csv,2018,9999,1602,,,54,Новосибирская область,54.0968728,77.671877600000002
Барабинский,50-604-000-000,Барабинский муниципальный район,муниципальный район,,1,,г Барабинск,data-20180110-structure-20150128.csv,2018,9999,1603,,,54,Новосибирская область,55.3567611,78.350347999999997
Болотнинский,50-606-000-000,Болотнинский муниципальный район,муниципальный район,,1,,г Болотное,data-20180110-structure-20150128.csv,2018,9999,1604,,,54,Новосибирская область,55.671570699999997,84.388557000000006
Венгеровский,50-608-000-000,Венгеровский муниципальный район,муниципальный район,,1,,с Венгерово,data-20180110-structure-20150128.csv,2018,9999,1605,,,54,Новосибирская область,55.681033999999997,76.739029000000002
Доволенский,50-610-000-000,Доволенский муниципальный район,муниципальный район,,1,,с Довольное,data-20180110-structure-20150128.csv,2018,9999,1606,,,54,Новосибирская область,54.495784999999998,79.667090999999999
Здвинский,50-613-000-000,Здвинский муниципальный район,муниципальный район,,1,,с Здвинск,data-20180110-structure-20150128.csv,2018,9999,1607,,,54,Новосибирская область,54.703968000000003,78.667595000000006
Искитимский,50-615-000-000,Искитимский муниципальный район,муниципальный район,,3,50-712-000-000,г Искитим,data-20180110-structure-20150128.csv,2018,9999,1608,,,54,Новосибирская область,54.61506035,83.29727586648599
Карасукский,50-617-000-000,Карасукский муниципальный район,муниципальный район,,1,,г Карасук,data-20180110-structure-20150128.csv,2018,9999,1609,,,54,Новосибирская область,53.734470000000002,78.032371999999995
Каргатский,50-619-000-000,Каргатский муниципальный район,муниципальный район,,1,,г Каргат,data-20180110-structure-20150128.csv,2018,9999,1610,,,54,Новосибирская область,55.192989900000001,80.282825200000005
Колыванский,50-621-000-000,Колыванский муниципальный район,муниципальный район,,1,,рп Колывань,data-20180110-structure-20150128.csv,2018,9999,1611,,,54,Новосибирская область,55.306879100000003,82.743346399999993
Коченевский,50-623-000-000,Коченевский муниципальный район,муниципальный район,,1,,рп Коченево,data-20180110-structure-20150128.csv,2018,9999,1612,,,54,Новосибирская область,55.021442,82.207718
Кочковский,50-625-000-000,Кочковский муниципальный район,муниципальный район,,1,,с Кочки,data-20180110-structure-20150128.csv,2018,9999,1613,,,54,Новосибирская область,54.334766000000002,80.487846000000005
Краснозерский,50-627-000-000,Краснозерский муниципальный район,муниципальный район,,1,,рп Краснозерское,data-20180110-structure-20150128.csv,2018,9999,1614,,,54,Новосибирская область,53.984768000000003,79.228577000000001
Куйбышевский,50-630-000-000,Куйбышевский муниципальный район,муниципальный район,,1,,г Куйбышев,data-20180110-structure-20150128.csv,2018,9999,1615,,,54,Новосибирская область,55.445425800000002,78.322229399999998
Купинский,50-632-000-000,Купинский муниципальный район,муниципальный район,,1,,г Купино,data-20180110-structure-20150128.csv,2018,9999,1616,,,54,Новосибирская область,54.364928999999997,77.308539999999994
Кыштовский,50-634-000-000,Кыштовский муниципальный район,муниципальный район,,1,,с Кыштовка,data-20180110-structure-20150128.csv,2018,9999,1617,,,54,Новосибирская область,56.559570000000001,76.624588000000003
Маслянинский,50-636-000-000,Маслянинский муниципальный район,муниципальный район,,1,,рп Маслянино,data-20180110-structure-20150128.csv,2018,9999,1618,,,54,Новосибирская область,54.345500999999999,84.210669999999993
Мошковский,50-638-000-000,Мошковский муниципальный район,муниципальный район,,1,,рп Мошково,data-20180110-structure-20150128.csv,2018,9999,1619,,,54,Новосибирская область,55.304805999999999,83.611855000000006
Новосибирский,50-640-000-000,Новосибирский муниципальный район,муниципальный район,,3,50-701-000-000,г Новосибирск,data-20180110-structure-20150128.csv,2018,9999,1620,,,54,Новосибирская область,54.967814449999999,82.951598942783761
Ордынский,50-642-000-000,Ордынский муниципальный район,муниципальный район,,1,,рп Ордынское,data-20180110-structure-20150128.csv,2018,9999,1621,,,54,Новосибирская область,54.366675999999998,81.904021999999998
Северный,50-644-000-000,Северный муниципальный район,муниципальный район,,1,,с Северное,data-20180110-structure-20150128.csv,2018,9999,1622,,,54,Новосибирская область,56.3500996,78.364945500000005
Сузунский,50-648-000-000,Сузунский муниципальный район,муниципальный район,,1,,рп Сузун,data-20180110-structure-20150128.csv,2018,9999,1623,,,54,Новосибирская область,53.783923999999999,82.316231000000002
Татарский,50-650-000-000,Татарский муниципальный район,муниципальный район,,1,,г Татарск,data-20180110-structure-20150128.csv,2018,9999,1624,,,54,Новосибирская область,55.216960999999998,75.962196000000006
Тогучинский,50-652-000-000,Тогучинский муниципальный район,муниципальный район,,1,,г Тогучин,data-20180110-structure-20150128.csv,2018,9999,1625,,,54,Новосибирская область,55.237690000000001,84.402457999999996
Убинский,50-654-000-000,Убинский муниципальный район,муниципальный район,,1,,с Убинское,data-20180110-structure-20150128.csv,2018,9999,1626,,,54,Новосибирская область,55.306721000000003,79.679374999999993
Усть-Таркский,50-655-000-000,Усть-Таркский муниципальный район,муниципальный район,,1,,с Усть-Тарка,data-20180110-structure-20150128.csv,2018,9999,1627,,,54,Новосибирская область,55.563934000000003,75.706017000000003
Чановский,50-656-000-000,Чановский муниципальный район,муниципальный район,,1,,рп Чаны,data-20180110-structure-20150128.csv,2018,9999,1628,,,54,Новосибирская область,55.308064000000002,76.759604999999993
Черепановский,50-657-000-000,Черепановский муниципальный район,муниципальный район,,1,,г Черепаново,data-20180110-structure-20150128.csv,2018,9999,1629,,,54,Новосибирская область,54.226101,83.370468000000002
Чистоозерный,50-658-000-000,Чистоозерный муниципальный район,муниципальный район,,1,,рп Чистоозерное,data-20180110-structure-20150128.csv,2018,9999,1630,,,54,Новосибирская область,54.712204,76.582344000000006
Чулымский,50-659-000-000,Чулымский муниципальный район,муниципальный район,,1,,г Чулым,data-20180110-structure-20150128.csv,2018,9999,1631,,,54,Новосибирская область,55.09,80.970459000000005
Омск,52-701-000-000,городской округ город Омск,городской округ,административный_центр_субъекта,1,,г Омск,data-20180110-structure-20150128.csv,2018,9999,1632,,,55,Омская область,54.991374999999998,73.371528999999995
Азовский немецкий,52-601-000-000,Азовский немецкий национальный муниципальный район,муниципальный район,,1,,с Азово,data-20180110-structure-20150128.csv,2018,9999,1633,,,55,Омская область,54.703850000000003,73.026871
Большереченский,52-603-000-000,Большереченский муниципальный район,муниципальный район,,1,,рп Большеречье,data-20180110-structure-20150128.csv,2018,9999,1634,,,55,Омская область,56.094585000000002,74.639519000000007
Большеуковский,52-606-000-000,Большеуковский муниципальный район,муниципальный район,,1,,с Большие Уки,data-20180110-structure-20150128.csv,2018,9999,1635,,,55,Омская область,56.949043000000003,72.625716999999995
Горьковский,52-609-000-000,Горьковский муниципальный район,муниципальный район,,1,,рп Горьковское,data-20180110-structure-20150128.csv,2018,9999,1636,,,55,Омская область,55.371032999999997,74.362555999999998
Знаменский,52-612-000-000,Знаменский муниципальный район,муниципальный район,,1,,с Знаменское,data-20180110-structure-20150128.csv,2018,9999,1637,,,55,Омская область,57.127403000000001,73.821983000000003
Исилькульский,52-615-000-000,Исилькульский муниципальный район,муниципальный район,,1,,г Исилькуль,data-20180110-structure-20150128.csv,2018,9999,1638,,,55,Омская область,54.904891999999997,71.259986999999995
Калачинский,52-618-000-000,Калачинский муниципальный район,муниципальный район,,1,,г Калачинск,data-20180110-structure-20150128.csv,2018,9999,1639,,,55,Омская область,55.049090999999997,74.582427999999993
Колосовский,52-621-000-000,Колосовский муниципальный район,муниципальный район,,1,,с Колосовка,data-20180110-structure-20150128.csv,2018,9999,1640,,,55,Омская область,56.467624999999998,73.606575000000007
Кормиловский,52-623-000-000,Кормиловский муниципальный район,муниципальный район,,1,,рп Кормиловка,data-20180110-structure-20150128.csv,2018,9999,1641,,,55,Омская область,55.002612999999997,74.092224000000002
Крутинский,52-626-000-000,Крутинский муниципальный район,муниципальный район,,1,,рп Крутинка,data-20180110-structure-20150128.csv,2018,9999,1642,,,55,Омская область,56.006351000000002,71.511307000000002
Любинский,52-629-000-000,Любинский муниципальный район,муниципальный район,,1,,рп Любинский,data-20180110-structure-20150128.csv,2018,9999,1643,,,55,Омская область,55.156714999999998,72.699005
Марьяновский,52-630-000-000,Марьяновский муниципальный район,муниципальный район,,1,,рп Марьяновка,data-20180110-structure-20150128.csv,2018,9999,1644,,,55,Омская область,54.960659,72.637946999999997
Москаленский,52-632-000-000,Москаленский муниципальный район,муниципальный район,,1,,рп Москаленки,data-20180110-structure-20150128.csv,2018,9999,1645,,,55,Омская область,54.939467999999998,71.925880000000006
Муромцевский,52-634-000-000,Муромцевский муниципальный район,муниципальный район,,1,,рп Муромцево,data-20180110-structure-20150128.csv,2018,9999,1646,,,55,Омская область,56.369391999999998,75.237198000000006
Называевский,52-636-000-000,Называевский муниципальный район,муниципальный район,,1,,г Называевск,data-20180110-structure-20150128.csv,2018,9999,1647,,,55,Омская область,55.564895999999997,71.349365000000006
Нижнеомский,52-639-000-000,Нижнеомский муниципальный район,муниципальный район,,1,,с Нижняя Омка,data-20180110-structure-20150128.csv,2018,9999,1648,,,55,Омская область,55.433590000000002,74.938004000000006
Нововаршавский,52-641-000-000,Нововаршавский муниципальный район,муниципальный район,,1,,рп Нововаршавка,data-20180110-structure-20150128.csv,2018,9999,1649,,,55,Омская область,54.170616000000003,74.696037000000004
Одесский,52-642-000-000,Одесский муниципальный район,муниципальный район,,1,,с Одесское,data-20180110-structure-20150128.csv,2018,9999,1650,,,55,Омская область,54.209690000000002,72.965537999999995
Оконешниковский,52-643-000-000,Оконешниковский муниципальный район,муниципальный район,,1,,рп Оконешниково,data-20180110-structure-20150128.csv,2018,9999,1651,,,55,Омская область,54.837336399999998,75.0727251
Омский,52-644-000-000,Омский муниципальный район,муниципальный район,,1,,п Ростовка,data-20180110-structure-20150128.csv,2018,9999,1652,,,55,Омская область,55.019558000000004,73.580765
Павлоградский,52-646-000-000,Павлоградский муниципальный район,муниципальный район,,1,,рп Павлоградка,data-20180110-structure-20150128.csv,2018,9999,1653,,,55,Омская область,54.205005999999997,73.556488000000002
Полтавский,52-648-000-000,Полтавский муниципальный район,муниципальный район,,1,,рп Полтавка,data-20180110-structure-20150128.csv,2018,9999,1654,,,55,Омская область,54.364238800000003,71.760916800000004
Русско-Полянский,52-650-000-000,Русско-Полянский муниципальный район,муниципальный район,,1,,рп Русская Поляна,data-20180110-structure-20150128.csv,2018,9999,1655,,,55,Омская область,53.780357000000002,73.882103000000001
Саргатский,52-651-000-000,Саргатский муниципальный район,муниципальный район,,1,,рп Саргатское,data-20180110-structure-20150128.csv,2018,9999,1656,,,55,Омская область,55.603386,73.490257
Седельниковский,52-652-000-000,Седельниковский муниципальный район,муниципальный район,,1,,с Седельниково,data-20180110-structure-20150128.csv,2018,9999,1657,,,55,Омская область,56.945618000000003,75.306061
Таврический,52-653-000-000,Таврический муниципальный район,муниципальный район,,1,,рп Таврическое,data-20180110-structure-20150128.csv,2018,9999,1658,,,55,Омская область,54.586674000000002,73.637435999999994
Тарский,52-654-000-000,Тарский муниципальный район,муниципальный район,,1,,г Тара,data-20180110-structure-20150128.csv,2018,9999,1659,,,55,Омская область,56.875768899999997,74.419675499999997
Тевризский,52-655-000-000,Тевризский муниципальный район,муниципальный район,,1,,рп Тевриз,data-20180110-structure-20150128.csv,2018,9999,1660,,,55,Омская область,57.513668000000003,72.398910999999998
Тюкалинский,52-656-000-000,Тюкалинский муниципальный район,муниципальный район,,1,,г Тюкалинск,data-20180110-structure-20150128.csv,2018,9999,1661,,,55,Омская область,55.870556000000001,72.196617000000003
Усть-Ишимский,52-657-000-000,Усть-Ишимский муниципальный район,муниципальный район,,1,,с Усть-Ишим,data-20180110-structure-20150128.csv,2018,9999,1662,,,55,Омская область,57.693461999999997,71.169967999999997
Черлакский,52-658-000-000,Черлакский муниципальный район,муниципальный район,,1,,рп Черлак,data-20180110-structure-20150128.csv,2018,9999,1663,,,55,Омская область,54.154066999999998,74.797498700000006
Шербакульский,52-659-000-000,Шербакульский муниципальный район,муниципальный район,,1,,рп Шербакуль,data-20180110-structure-20150128.csv,2018,9999,1664,,,55,Омская область,54.631045999999998,72.392821999999995
Оренбург,53-701-000-000,городской округ город Оренбург,городской округ,административный_центр_субъекта,2,53-634-000-000,г Оренбург,data-20180110-structure-20150128.csv,2018,9999,1665,,,56,Оренбургская область,51.767124799999998,55.0978517
Абдулинский,53-704-000-000,городской округ Абдулинский,городской округ,,1,,г Абдулино,data-20180110-structure-20150128.csv,2018,9999,1666,,,56,Оренбургская область,53.6828,53.655701000000001
Бугуруслан,53-708-000-000,городской округ город Бугуруслан,городской округ,,2,53-611-000-000,г Бугуруслан,data-20230228-structure-20150128.csv,2018,9999,1667,,,56,Оренбургская область,53.6527806,52.4340458
Бузулук,53-712-000-000,городской округ город Бузулук,городской округ,,2,53-612-000-000,г Бузулук,data-20230228-structure-20150128.csv,2018,9999,1668,,,56,Оренбургская область,52.758683699999999,52.288316702216072
Гайский,53-713-000-000,городской округ Гайский,городской округ,,1,,г Гай,data-20180110-structure-20150128.csv,2018,9999,1669,,,56,Оренбургская область,51.471443000000001,58.440517
Кувандыкский,53-714-000-000,городской округ Кувандыкский,городской округ,,1,,г Кувандык,data-20180110-structure-20150128.csv,2018,9999,1670,,,56,Оренбургская область,51.478755999999997,57.350796000000003
Медногорск,53-715-000-000,городской округ город Медногорск,городской округ,,1,,г Медногорск,data-20180110-structure-20150128.csv,2018,9999,1671,,,56,Оренбургская область,51.404943500000002,57.580313799999999
Новотроицк,53-720-000-000,городской округ город Новотроицк,городской округ,,1,,г Новотроицк,data-20180110-structure-20150128.csv,2018,9999,1672,,,56,Оренбургская область,51.196368999999997,58.298527
Орск,53-723-000-000,городской округ город Орск,городской округ,,1,,г Орск,data-20180110-structure-20150128.csv,2018,9999,1673,,,56,Оренбургская область,51.230501500000003,58.4738015
Соль-Илецкий,53-725-000-000,городской округ Соль-Илецкий,городской округ,,1,,г Соль-Илецк,data-20180110-structure-20150128.csv,2018,9999,1674,,,56,Оренбургская область,51.161288999999996,54.996372000000001
Сорочинский,53-727-000-000,городской округ Сорочинский,городской округ,,1,,г Сорочинск,data-20180110-structure-20150128.csv,2018,9999,1675,,,56,Оренбургская область,52.426971000000002,53.154175000000002
Ясненский,53-732-000-000,городской округ Ясненский,городской округ,,1,,г Ясный,data-20180110-structure-20150128.csv,2018,9999,1676,,,56,Оренбургская область,51.036957000000001,59.873268000000003
Комаровский,53-755-000-000,городской округ ЗАТО поселок Комаровский,городской округ,ЗАТО,1,,п Комаровский,data-20180110-structure-20150128.csv,2018,9999,1677,,,56,Оренбургская область,51.025272000000001,59.867516000000002
Адамовский,53-604-000-000,Адамовский муниципальный район,муниципальный район,,1,,п Адамовка,data-20180110-structure-20150128.csv,2018,9999,1678,,,56,Оренбургская область,51.520966000000001,59.940235000000001
Акбулакский,53-605-000-000,Акбулакский муниципальный район,муниципальный район,,1,,п Акбулак,data-20180110-structure-20150128.csv,2018,9999,1679,,,56,Оренбургская область,51.006439,55.626480000000001
Александровский,53-606-000-000,Александровский муниципальный район,муниципальный район,,1,,с Александровка,data-20180110-structure-20150128.csv,2018,9999,1680,,,56,Оренбургская область,52.680560999999997,54.413418
Асекеевский,53-607-000-000,Асекеевский муниципальный район,муниципальный район,,1,,с Асекеево,data-20180110-structure-20150128.csv,2018,9999,1681,,,56,Оренбургская область,53.580097000000002,52.824309999999997
Беляевский,53-610-000-000,Беляевский муниципальный район,муниципальный район,,1,,с Беляевка,data-20180110-structure-20150128.csv,2018,9999,1682,,,56,Оренбургская область,51.398890999999999,56.409542000000002
Бугурусланский,53-611-000-000,Бугурусланский муниципальный район,муниципальный район,,3,53-708-000-000,г Бугуруслан,data-20230228-structure-20150128.csv,2018,9999,1683,,,56,Оренбургская область,53.6527806,52.4340458
Бузулукский,53-612-000-000,Бузулукский муниципальный район,муниципальный район,,3,53-712-000-000,г Бузулук,data-20230228-structure-20150128.csv,2018,9999,1684,,,56,Оренбургская область,52.758683699999999,52.288316702216072
Грачёвский,53-615-000-000,Грачёвский муниципальный район,муниципальный район,,1,,с Грачёвка,data-20180110-structure-20150128.csv,2018,9999,1685,,,56,Оренбургская область,52.919601,52.879500999999998
Домбаровский,53-617-000-000,Домбаровский муниципальный район,муниципальный район,,1,,п Домбаровский,data-20180110-structure-20150128.csv,2018,9999,1686,,,56,Оренбургская область,50.760066999999999,59.536777000000001
Илекский,53-619-000-000,Илекский муниципальный район,муниципальный район,,1,,с Илек,data-20180110-structure-20150128.csv,2018,9999,1687,,,56,Оренбургская область,51.527264000000002,53.383327000000001
Кваркенский,53-622-000-000,Кваркенский муниципальный район,муниципальный район,,1,,с Кваркено,data-20180110-structure-20150128.csv,2018,9999,1688,,,56,Оренбургская область,52.084141000000002,59.722304999999999
Красногвардейский,53-623-000-000,Красногвардейский муниципальный район,муниципальный район,,1,,с Плешаново,data-20180110-structure-20150128.csv,2018,9999,1689,,,56,Оренбургская область,52.8480171,53.487155299999998
Курманаевский,53-625-000-000,Курманаевский муниципальный район,муниципальный район,,1,,с Курманаевка,data-20180110-structure-20150128.csv,2018,9999,1690,,,56,Оренбургская область,52.506886000000002,52.067692000000001
Матвеевский,53-627-000-000,Матвеевский муниципальный район,муниципальный район,,1,,с Матвеевка,data-20180110-structure-20150128.csv,2018,9999,1691,,,56,Оренбургская область,53.511856000000002,53.482028999999997
Новоорский,53-630-000-000,Новоорский муниципальный район,муниципальный район,,1,,п Новоорск,data-20180110-structure-20150128.csv,2018,9999,1692,,,56,Оренбургская область,51.381289700000004,58.985720700000002
Новосергиевский,53-631-000-000,Новосергиевский муниципальный район,муниципальный район,,1,,п Новосергиевка,data-20180110-structure-20150128.csv,2018,9999,1693,,,56,Оренбургская область,52.081001000000001,53.653702000000003
Октябрьский,53-633-000-000,Октябрьский муниципальный район,муниципальный район,,1,,с Октябрьское,data-20180110-structure-20150128.csv,2018,9999,1694,,,56,Оренбургская область,52.345225999999997,55.507576
Оренбургский,53-634-000-000,Оренбургский муниципальный район,муниципальный район,,3,53-701-000-000,г Оренбург,data-20180110-structure-20150128.csv,2018,9999,1695,,,56,Оренбургская область,51.767124799999998,55.0978517
Первомайский,53-636-000-000,Первомайский муниципальный район,муниципальный район,,1,,п Первомайский,data-20180110-structure-20150128.csv,2018,9999,1696,,,56,Оренбургская область,51.902343999999999,51.639091000000001
Переволоцкий,53-637-000-000,Переволоцкий муниципальный район,муниципальный район,,1,,п Переволоцкий,data-20180110-structure-20150128.csv,2018,9999,1697,,,56,Оренбургская область,51.874950200000001,54.208049500000001
Пономарёвский,53-638-000-000,Пономарёвский муниципальный район,муниципальный район,,1,,с Пономарёвка,data-20180110-structure-20150128.csv,2018,9999,1698,,,56,Оренбургская область,53.314846000000003,54.121265000000001
Сакмарский,53-640-000-000,Сакмарский муниципальный район,муниципальный район,,1,,с Сакмара,data-20180110-structure-20150128.csv,2018,9999,1699,,,56,Оренбургская область,51.9846,55.333401000000002
Саракташский,53-641-000-000,Саракташский муниципальный район,муниципальный район,,1,,п Саракташ,data-20180110-structure-20150128.csv,2018,9999,1700,,,56,Оренбургская область,51.783299999999997,56.359099999999998
Светлинский,53-642-000-000,Светлинский муниципальный район,муниципальный район,,1,,п Светлый,data-20180110-structure-20150128.csv,2018,9999,1701,,,56,Оренбургская область,50.820312999999999,60.850287999999999
Северный,53-643-000-000,Северный муниципальный район,муниципальный район,,1,,с Северное,data-20180110-structure-20150128.csv,2018,9999,1702,,,56,Оренбургская область,54.091788999999999,52.541626000000001
Ташлинский,53-651-000-000,Ташлинский муниципальный район,муниципальный район,,1,,с Ташла,data-20180110-structure-20150128.csv,2018,9999,1703,,,56,Оренбургская область,51.769679500000002,52.740340099999997
Тоцкий,53-652-000-000,Тоцкий муниципальный район,муниципальный район,,1,,с Тоцкое,data-20180110-structure-20150128.csv,2018,9999,1704,,,56,Оренбургская область,52.530071,52.748412999999999
Тюльганский,53-653-000-000,Тюльганский муниципальный район,муниципальный район,,1,,п Тюльган,data-20180110-structure-20150128.csv,2018,9999,1705,,,56,Оренбургская область,52.342067999999998,56.161254999999997
Шарлыкский,53-656-000-000,Шарлыкский муниципальный район,муниципальный район,,1,,с Шарлык,data-20180110-structure-20150128.csv,2018,9999,1706,,,56,Оренбургская область,52.927633800000002,54.745562700000001
Орёл,54-701-000-000,городской округ город Орёл,городской округ,административный_центр_субъекта,2,54-647-000-000;54-501-000-000,г Орёл,data-20180110-structure-20150128.csv,2018,9999,1707,,,57,Орловская область,52.968017149999987,36.099499418161038
Ливны,54-705-000-000,городской округ город Ливны,городской округ,,2,54-629-000-000,г Ливны,data-20180110-structure-20150128.csv,2018,9999,1708,,,57,Орловская область,52.428611050000001,37.603605922923627
Мценск,54-710-000-000,городской округ город Мценск,городской округ,,2,54-636-000-000,г Мценск,data-20180110-structure-20150128.csv,2018,9999,1709,,,57,Орловская область,53.281973149999999,36.569156651054072
Болховский,54-604-000-000,Болховский муниципальный район,муниципальный район,,1,,г Болхов,data-20180110-structure-20150128.csv,2018,9999,1710,,,57,Орловская область,53.448993999999999,36.002231999999999
Верховский,54-608-000-000,Верховский муниципальный район,муниципальный район,,1,,пгт Верховье,data-20180110-structure-20150128.csv,2018,9999,1711,,,57,Орловская область,52.810467000000003,37.239924999999999
Глазуновский,54-610-000-000,Глазуновский муниципальный район,муниципальный район,,1,,пгт Глазуновка,data-20180110-structure-20150128.csv,2018,9999,1712,,,57,Орловская область,52.499465999999998,36.322837999999997
Дмитровский,54-612-000-000,Дмитровский муниципальный район,муниципальный район,,1,,г Дмитровск,data-20180110-structure-20150128.csv,2018,9999,1713,,,57,Орловская область,52.509417999999997,35.145724999999999
Должанский,54-615-000-000,Должанский муниципальный район,муниципальный район,,1,,пгт Долгое,data-20180110-structure-20150128.csv,2018,9999,1714,,,57,Орловская область,52.055263699999998,37.5295749
Залегощенский,54-618-000-000,Залегощенский муниципальный район,муниципальный район,,1,,пгт Залегощь,data-20180110-structure-20150128.csv,2018,9999,1715,,,57,Орловская область,52.902419999999999,36.893154000000003
Знаменский,54-620-000-000,Знаменский муниципальный район,муниципальный район,,1,,с Знаменское,data-20180110-structure-20150128.csv,2018,9999,1716,,,57,Орловская область,53.276566000000003,35.682129000000003
Колпнянский,54-623-000-000,Колпнянский муниципальный район,муниципальный район,,1,,пгт Колпна,data-20180110-structure-20150128.csv,2018,9999,1717,,,57,Орловская область,52.222735999999998,37.028606000000003
Краснозоренский,54-624-000-000,Краснозоренский муниципальный район,муниципальный район,,1,,п Красная Заря,data-20180110-structure-20150128.csv,2018,9999,1718,,,57,Орловская область,52.780712000000001,37.690243000000002
Кромской,54-625-000-000,Кромской муниципальный район,муниципальный район,,1,,пгт Кромы,data-20180110-structure-20150128.csv,2018,9999,1719,,,57,Орловская область,52.688125999999997,35.768337000000002
Корсаковский,54-626-000-000,Корсаковский муниципальный район,муниципальный район,,1,,с Корсаково,data-20180110-structure-20150128.csv,2018,9999,1720,,,57,Орловская область,53.266396,37.358795000000001
Ливенский,54-629-000-000,Ливенский муниципальный район,муниципальный район,,3,54-705-000-000,г Ливны,data-20180110-structure-20150128.csv,2018,9999,1721,,,57,Орловская область,52.428611050000001,37.603605922923627
Малоархангельский,54-632-000-000,Малоархангельский муниципальный район,муниципальный район,,1,,г Малоархангельск,data-20180110-structure-20150128.csv,2018,9999,1722,,,57,Орловская область,52.399577999999998,36.504021000000002
Мценский,54-636-000-000,Мценский муниципальный район,муниципальный район,,3,54-710-000-000,г Мценск,data-20180110-structure-20150128.csv,2018,9999,1723,,,57,Орловская область,53.281973149999999,36.569156651054072
Новодеревеньковский,54-639-000-000,Новодеревеньковский муниципальный район,муниципальный район,,1,,пгт Хомутово,data-20180110-structure-20150128.csv,2018,9999,1724,,,57,Орловская область,52.854115,37.446629000000001
Новосильский,54-643-000-000,Новосильский муниципальный район,муниципальный район,,1,,г Новосиль,data-20180110-structure-20150128.csv,2018,9999,1725,,,57,Орловская область,52.972938999999997,37.041907999999999
Орловский,54-647-000-000,Орловский муниципальный район,муниципальный район,,3,54-701-000-000,г Орёл,data-20180110-structure-20150128.csv,2018,2022,1726,,,57,Орловская область,52.968017149999987,36.099499418161038
Покровский,54-650-000-000,Покровский муниципальный район,муниципальный район,,1,,пгт Покровское,data-20180110-structure-20150128.csv,2018,9999,1727,,,57,Орловская область,52.607849000000002,36.866261000000002
Свердловский,54-652-000-000,Свердловский муниципальный район,муниципальный район,,1,,пгт Змиёвка,data-20180110-structure-20150128.csv,2018,9999,1728,,,57,Орловская область,52.672192000000003,36.380111999999997
Сосковский,54-653-000-000,Сосковский муниципальный район,муниципальный район,,1,,с Сосково,data-20180110-structure-20150128.csv,2018,9999,1729,,,57,Орловская область,52.747489999999999,35.386650000000003
Троснянский,54-654-000-000,Троснянский муниципальный район,муниципальный район,,1,,с Тросна,data-20180110-structure-20150128.csv,2018,9999,1730,,,57,Орловская область,52.448104999999998,35.780979000000002
Урицкий,54-655-000-000,Урицкий муниципальный район,муниципальный район,,1,,пгт Нарышкино,data-20180110-structure-20150128.csv,2018,9999,1731,,,57,Орловская область,52.970021150000001,35.719893368158147
Хотынецкий,54-657-000-000,Хотынецкий муниципальный район,муниципальный район,,1,,пгт Хотынец,data-20180110-structure-20150128.csv,2018,9999,1732,,,57,Орловская область,53.124596449999999,35.404486066863889
Шаблыкинский,54-659-000-000,Шаблыкинский муниципальный район,муниципальный район,,1,,пгт Шаблыкино,data-20180110-structure-20150128.csv,2018,9999,1733,,,57,Орловская область,52.853957999999999,35.195244000000002
Пенза,56-701-000-000,городской округ город Пенза,городской округ,административный_центр_субъекта,1,,г Пенза,data-20180110-structure-20150128.csv,2018,9999,1734,,,58,Пензенская область,53.193783600000003,45.006741250609657
Кузнецк,56-705-000-000,городской округ город Кузнецк,городской округ,,2,56-640-000-000,г Кузнецк,data-20180110-structure-20150128.csv,2018,9999,1735,,,58,Пензенская область,53.119466350000003,46.593476761657023
Заречный,56-734-000-000,городской округ ЗАТО город Заречный,городской округ,ЗАТО,1,,г Заречный,data-20180110-structure-20150128.csv,2018,9999,1736,,,58,Пензенская область,53.196013999999998,45.169272999999997
Башмаковский,56-603-000-000,Башмаковский муниципальный район,муниципальный район,,1,,рп Башмаково,data-20180110-structure-20150128.csv,2018,9999,1737,,,58,Пензенская область,53.2122204,43.036024400000002
Бековский,56-609-000-000,Бековский муниципальный район,муниципальный район,,1,,рп Беково,data-20180110-structure-20150128.csv,2018,9999,1738,,,58,Пензенская область,52.458120700000002,43.7039446
Белинский,56-612-000-000,Белинский муниципальный район,муниципальный район,,1,,г Белинский,data-20180110-structure-20150128.csv,2018,9999,1739,,,58,Пензенская область,52.9669338,43.413062500000002
Бессоновский,56-613-000-000,Бессоновский муниципальный район,муниципальный район,,1,,с Бессоновка,data-20180110-structure-20150128.csv,2018,9999,1740,,,58,Пензенская область,53.309643000000001,45.041381999999999
Вадинский,56-615-000-000,Вадинский муниципальный район,муниципальный район,,1,,с Вадинск,data-20180110-structure-20150128.csv,2018,9999,1741,,,58,Пензенская область,53.689247000000002,43.044308000000001
Городищенский,56-618-000-000,Городищенский муниципальный район,муниципальный район,,1,,г Городище,data-20180110-structure-20150128.csv,2018,9999,1742,,,58,Пензенская область,53.273724000000001,45.702281999999997
Земетчинский,56-623-000-000,Земетчинский муниципальный район,муниципальный район,,1,,рп Земетчино,data-20180110-structure-20150128.csv,2018,9999,1743,,,58,Пензенская область,53.494775300000001,42.618640999999997
Иссинский,56-626-000-000,Иссинский муниципальный район,муниципальный район,,1,,рп Исса,data-20180110-structure-20150128.csv,2018,9999,1744,,,58,Пензенская область,53.865589,44.839644999999997
Каменский,56-629-000-000,Каменский муниципальный район,муниципальный район,,1,,г Каменка,data-20180110-structure-20150128.csv,2018,9999,1745,,,58,Пензенская область,53.185001200000002,44.0529066
Камешкирский,56-631-000-000,Камешкирский муниципальный район,муниципальный район,,1,,с Русский Камешкир,data-20180110-structure-20150128.csv,2018,9999,1746,,,58,Пензенская область,52.862822999999999,46.091095000000003
Колышлейский,56-633-000-000,Колышлейский муниципальный район,муниципальный район,,1,,рп Колышлей,data-20180110-structure-20150128.csv,2018,9999,1747,,,58,Пензенская область,52.702632999999999,44.535477
Кузнецкий,56-640-000-000,Кузнецкий муниципальный район,муниципальный район,,3,56-705-000-000,г Кузнецк,data-20180110-structure-20150128.csv,2018,9999,1748,,,58,Пензенская область,53.119466350000003,46.593476761657023
Лопатинский,56-642-000-000,Лопатинский муниципальный район,муниципальный район,,1,,с Лопатино,data-20180110-structure-20150128.csv,2018,9999,1749,,,58,Пензенская область,52.614058999999997,45.810111999999997
Лунинский,56-643-000-000,Лунинский муниципальный район,муниципальный район,,1,,рп Лунино,data-20180110-structure-20150128.csv,2018,9999,1750,,,58,Пензенская область,53.588295000000002,45.222881000000001
Малосердобинский,56-644-000-000,Малосердобинский муниципальный район,муниципальный район,,1,,с Малая Сердоба,data-20180110-structure-20150128.csv,2018,9999,1751,,,58,Пензенская область,52.467509999999997,44.957034999999998
Мокшанский,56-645-000-000,Мокшанский муниципальный район,муниципальный район,,1,,рп Мокшан,data-20180110-structure-20150128.csv,2018,9999,1752,,,58,Пензенская область,53.439526999999998,44.605986700000003
Наровчатский,56-647-000-000,Наровчатский муниципальный район,муниципальный район,,1,,с Наровчат,data-20180110-structure-20150128.csv,2018,9999,1753,,,58,Пензенская область,53.879416999999997,43.699471000000003
Неверкинский,56-649-000-000,Неверкинский муниципальный район,муниципальный район,,1,,с Неверкино,data-20180110-structure-20150128.csv,2018,9999,1754,,,58,Пензенская область,52.79063,46.738441000000002
Нижнеломовский,56-651-000-000,Нижнеломовский муниципальный район,муниципальный район,,1,,г Нижний Ломов,data-20180110-structure-20150128.csv,2018,9999,1755,,,58,Пензенская область,53.529991000000003,43.673625999999999
Никольский,56-653-000-000,Никольский муниципальный район,муниципальный район,,1,,г Никольск,data-20180110-structure-20150128.csv,2018,9999,1756,,,58,Пензенская область,53.714596,46.085175
Пачелмский,56-654-000-000,Пачелмский муниципальный район,муниципальный район,,1,,рп Пачелма,data-20180110-structure-20150128.csv,2018,9999,1757,,,58,Пензенская область,53.3320723,43.319918800000004
Пензенский,56-655-000-000,Пензенский муниципальный район,муниципальный район,,1,,с Кондоль,data-20180110-structure-20150128.csv,2018,9999,1758,,,58,Пензенская область,52.824474000000002,45.049759000000002
Сердобский,56-656-000-000,Сердобский муниципальный район,муниципальный район,,1,,г Сердобск,data-20180110-structure-20150128.csv,2018,9999,1759,,,58,Пензенская область,52.4559067,44.202916199999997
Сосновоборский,56-657-000-000,Сосновоборский муниципальный район,муниципальный район,,1,,рп Сосновоборск,data-20180110-structure-20150128.csv,2018,9999,1760,,,58,Пензенская область,53.294201000000001,46.245583000000003
Спасский,56-606-000-000,Спасский муниципальный район,муниципальный район,,1,,г Спасск,data-20180110-structure-20150128.csv,2018,9999,1761,,,58,Пензенская область,53.926895250000001,43.192616289554337
Тамалинский,56-658-000-000,Тамалинский муниципальный район,муниципальный район,,1,,рп Тамала,data-20180110-structure-20150128.csv,2018,9999,1762,,,58,Пензенская область,52.539822000000001,43.255023999999999
Шемышейский,56-659-000-000,Шемышейский муниципальный район,муниципальный район,,1,,рп Шемышейка,data-20180110-structure-20150128.csv,2018,9999,1763,,,58,Пензенская область,52.894306,45.392783999999999
Псков,58-701-000-000,городской округ город Псков,городской округ,административный_центр_субъекта,2,58-649-000-000,г Псков,data-20180110-structure-20150128.csv,2018,9999,1764,,,60,Псковская область,57.817392300000002,28.334346499999999
Великие Луки,58-710-000-000,городской округ город Великие Луки,городской округ,,2,58-606-000-000,г Великие Луки,data-20180110-structure-20150128.csv,2018,9999,1765,,,60,Псковская область,56.342360999999997,30.527922
Бежаницкий,58-604-000-000,Бежаницкий муниципальный район,муниципальный район,,1,,рп Бежаницы,data-20180110-structure-20150128.csv,2018,9999,1766,,,60,Псковская область,56.973884599999998,29.884530900000001
Великолукский,58-606-000-000,Великолукский муниципальный район,муниципальный район,,3,58-710-000-000,г Великие Луки,data-20180110-structure-20150128.csv,2018,9999,1767,,,60,Псковская область,56.342360999999997,30.527922
Гдовский,58-608-000-000,Гдовский муниципальный район,муниципальный район,,1,,г Гдов,data-20180110-structure-20150128.csv,2018,9999,1768,,,60,Псковская область,58.743065999999999,27.8156854
Дедовичский,58-610-000-000,Дедовичский муниципальный район,муниципальный район,,1,,рп Дедовичи,data-20180110-structure-20150128.csv,2018,9999,1769,,,60,Псковская область,57.551205000000003,29.945297
Дновский,58-612-000-000,Дновский муниципальный район,муниципальный район,,1,,г Дно,data-20180110-structure-20150128.csv,2018,9999,1770,,,60,Псковская область,57.828827699999998,29.9611357
Красногородский,58-614-000-000,Красногородский муниципальный район,муниципальный район,,1,,рп Красногородск,data-20180110-structure-20150128.csv,2018,2024,1771,,,60,Псковская область,56.830654000000003,28.284594999999999
Куньинский,58-616-000-000,Куньинский муниципальный район,муниципальный район,,1,,рп Кунья,data-20180110-structure-20150128.csv,2018,9999,1772,,,60,Псковская область,56.294902,30.9819213
Локнянский,58-618-000-000,Локнянский муниципальный район,муниципальный район,,1,,рп Локня,data-20180110-structure-20150128.csv,2018,2024,1773,,,60,Псковская область,56.824782999999996,30.144482
Невельский,58-620-000-000,Невельский муниципальный район,муниципальный район,,1,,г Невель,data-20180110-structure-20150128.csv,2018,2024,1774,,,60,Псковская область,56.017615999999997,29.917128000000002
Новоржевский,58-623-000-000,Новоржевский муниципальный район,муниципальный район,,1,,г Новоржев,data-20180110-structure-20150128.csv,2018,2024,1775,,,60,Псковская область,57.031180999999997,29.332917999999999
Новосокольнический,58-626-000-000,Новосокольнический муниципальный район,муниципальный район,,1,,г Новосокольники,data-20180110-structure-20150128.csv,2018,9999,1776,,,60,Псковская область,56.34245945,30.157070840179919
Опочецкий,58-629-000-000,Опочецкий муниципальный район,муниципальный район,,1,,г Опочка,data-20180110-structure-20150128.csv,2018,2024,1777,,,60,Псковская область,56.711669999999998,28.656818000000001
Островский,58-633-000-000,Островский муниципальный район,муниципальный район,,1,,г Остров,data-20180110-structure-20150128.csv,2018,9999,1778,,,60,Псковская область,57.341447199999998,28.338582068941029
Палкинский,58-637-000-000,Палкинский муниципальный район,муниципальный район,,1,,рп Палкино,data-20180110-structure-20150128.csv,2018,9999,1779,,,60,Псковская область,57.540539000000003,28.009025999999999
Печорский,58-640-000-000,Печорский муниципальный район,муниципальный район,,1,,г Печоры,data-20180110-structure-20150128.csv,2018,2024,1780,,,60,Псковская область,57.813305,27.608184999999999
Плюсский,58-643-000-000,Плюсский муниципальный район,муниципальный район,,1,,рп Плюсса,data-20180110-structure-20150128.csv,2018,9999,1781,,,60,Псковская область,58.420611999999998,29.3706
Порховский,58-647-000-000,Порховский муниципальный район,муниципальный район,,1,,г Порхов,data-20180110-structure-20150128.csv,2018,9999,1782,,,60,Псковская область,57.768048899999997,29.55114188079801
Псковский,58-649-000-000,Псковский муниципальный район,муниципальный район,,3,58-701-000-000,г Псков,data-20180110-structure-20150128.csv,2018,9999,1783,,,60,Псковская область,57.817392300000002,28.334346499999999
Пустошкинский,58-650-000-000,Пустошкинский муниципальный район,муниципальный район,,1,,г Пустошка,data-20180110-structure-20150128.csv,2018,9999,1784,,,60,Псковская область,56.33481725,29.374140690216681
Пушкиногорский,58-651-000-000,Пушкиногорский муниципальный район,муниципальный район,,1,,рп Пушкинские Горы,data-20180110-structure-20150128.csv,2018,9999,1785,,,60,Псковская область,57.018420999999996,28.917532000000001
Пыталовский,58-653-000-000,Пыталовский муниципальный район,муниципальный район,,1,,г Пыталово,data-20180110-structure-20150128.csv,2018,2024,1786,,,60,Псковская область,57.062908,27.921061000000002
Себежский,58-654-000-000,Себежский муниципальный район,муниципальный район,,1,,г Себеж,data-20180110-structure-20150128.csv,2018,9999,1787,,,60,Псковская область,56.277418699999998,28.484886199999998
Струго-Красненский,58-656-000-000,Струго-Красненский муниципальный район,муниципальный район,,1,,рп Струги Красные,data-20180110-structure-20150128.csv,2018,2024,1788,,,60,Псковская область,58.269321900000001,29.111596299999999
Усвятский,58-658-000-000,Усвятский муниципальный район,муниципальный район,,1,,рп Усвяты,data-20180110-structure-20150128.csv,2018,9999,1789,,,60,Псковская область,55.743242799999997,30.753852800000001
Ростов-на-Дону,60-701-000-000,городской округ город Ростов-на-Дону,городской округ,административный_центр_субъекта,1,,г Ростов-на-Дону,data-20180110-structure-20150128.csv,2018,9999,1790,,,61,Ростовская область,47.221654800000003,39.709606100000002
Азов,60-704-000-000,городской округ город Азов,городской округ,,2,60-601-000-000,г Азов,data-20180110-structure-20150128.csv,2018,9999,1791,,,61,Ростовская область,47.113921900000001,39.425965699999999
Батайск,60-707-000-000,городской округ город Батайск,городской округ,,1,,г Батайск,data-20180110-structure-20150128.csv,2018,9999,1792,,,61,Ростовская область,47.107993999999998,39.768332142027347
Волгодонск,60-712-000-000,городской округ город Волгодонск,городской округ,,1,,г Волгодонск,data-20180110-structure-20150128.csv,2018,9999,1793,,,61,Ростовская область,47.541227200000002,42.22788957160185
Гуково,60-715-000-000,городской округ город Гуково,городской округ,,1,,г Гуково,data-20180110-structure-20150128.csv,2018,9999,1794,,,61,Ростовская область,48.046028100000001,39.948677242428687
Донецк,60-717-000-000,городской округ город Донецк,городской округ,,1,,г Донецк,data-20180110-structure-20150128.csv,2018,9999,1795,,,61,Ростовская область,48.318771299999987,39.964006568506761
Зверево,60-718-000-000,городской округ город Зверево,городской округ,,1,,г Зверево,data-20180110-structure-20150128.csv,2018,9999,1796,,,61,Ростовская область,48.020645000000002,40.118561
Каменск-Шахтинский,60-719-000-000,городской округ город Каменск-Шахтинский,городской округ,,1,,г Каменск-Шахтинский,data-20180110-structure-20150128.csv,2018,9999,1797,,,61,Ростовская область,48.275518750000003,40.231834927858102
Новочеркасск,60-727-000-000,городской округ город Новочеркасск,городской округ,,1,,г Новочеркасск,data-20180110-structure-20150128.csv,2018,9999,1798,,,61,Ростовская область,47.419749549999999,40.086732959273291
Новошахтинск,60-730-000-000,городской округ город Новошахтинск,городской округ,,1,,г Новошахтинск,data-20180110-structure-20150128.csv,2018,9999,1799,,,61,Ростовская область,47.79626975,39.893560422039258
Таганрог,60-737-000-000,городской округ город Таганрог,городской округ,,1,,г Таганрог,data-20180110-structure-20150128.csv,2018,9999,1800,,,61,Ростовская область,47.239218399999999,38.875503100093518
Шахты,60-740-000-000,городской округ город Шахты,городской округ,,1,,г Шахты,data-20180110-structure-20150128.csv,2018,9999,1801,,,61,Ростовская область,47.711916700000003,40.211569900000001
Азовский,60-601-000-000,Азовский муниципальный район,муниципальный район,,3,60-704-000-000,г Азов,data-20180110-structure-20150128.csv,2018,9999,1802,,,61,Ростовская область,47.113921900000001,39.425965699999999
Аксайский,60-602-000-000,Аксайский муниципальный район,муниципальный район,,1,,г Аксай,data-20180110-structure-20150128.csv,2018,9999,1803,,,61,Ростовская область,47.268695999999998,39.861362
Багаевский,60-605-000-000,Багаевский муниципальный район,муниципальный район,,1,,ст-ца Багаевская,data-20180110-structure-20150128.csv,2018,9999,1804,,,61,Ростовская область,47.321434000000004,40.382904000000003
Белокалитвинский,60-606-000-000,Белокалитвинский муниципальный район,муниципальный район,,1,,г Белая Калитва,data-20180110-structure-20150128.csv,2018,9999,1805,,,61,Ростовская область,48.1751778,40.790212400000001
Боковский,60-607-000-000,Боковский муниципальный район,муниципальный район,,1,,ст-ца Боковская,data-20180110-structure-20150128.csv,2018,9999,1806,,,61,Ростовская область,49.228859,41.834743000000003
Верхнедонской,60-608-000-000,Верхнедонской муниципальный район,муниципальный район,,1,,ст-ца Казанская,data-20180110-structure-20150128.csv,2018,9999,1807,,,61,Ростовская область,49.793971999999997,41.138950000000001
Веселовский,60-609-000-000,Веселовский муниципальный район,муниципальный район,,1,,п Веселый,data-20180110-structure-20150128.csv,2018,9999,1808,,,61,Ростовская область,47.091815799999999,40.741545700000003
Волгодонской,60-612-000-000,Волгодонской муниципальный район,муниципальный район,,1,,ст-ца Романовская,data-20180110-structure-20150128.csv,2018,9999,1809,,,61,Ростовская область,47.541865999999999,42.021464999999999
Дубовский,60-613-000-000,Дубовский муниципальный район,муниципальный район,,1,,с Дубовское,data-20180110-structure-20150128.csv,2018,9999,1810,,,61,Ростовская область,47.411166999999999,42.764225000000003
Егорлыкский,60-615-000-000,Егорлыкский муниципальный район,муниципальный район,,1,,ст-ца Егорлыкская,data-20180110-structure-20150128.csv,2018,9999,1811,,,61,Ростовская область,46.563081400000002,40.649504499999999
Заветинский,60-617-000-000,Заветинский муниципальный район,муниципальный район,,1,,с Заветное,data-20180110-structure-20150128.csv,2018,9999,1812,,,61,Ростовская область,47.117553999999998,43.888069000000002
Зерноградский,60-618-000-000,Зерноградский муниципальный район,муниципальный район,,1,,г Зерноград,data-20180110-structure-20150128.csv,2018,9999,1813,,,61,Ростовская область,46.844844999999999,40.304813000000003
Зимовниковский,60-619-000-000,Зимовниковский муниципальный район,муниципальный район,,1,,п Зимовники,data-20180110-structure-20150128.csv,2018,9999,1814,,,61,Ростовская область,47.148918000000002,42.464970000000001
Кагальницкий,60-622-000-000,Кагальницкий муниципальный район,муниципальный район,,1,,ст-ца Кагальницкая,data-20180110-structure-20150128.csv,2018,9999,1815,,,61,Ростовская область,46.879550999999999,40.145775
Каменский,60-623-000-000,Каменский муниципальный район,муниципальный район,,1,,рп Глубокий,data-20180110-structure-20150128.csv,2018,9999,1816,,,61,Ростовская область,48.524546200000003,40.326143500000001
Кашарский,60-624-000-000,Кашарский муниципальный район,муниципальный район,,1,,сл Кашары,data-20180110-structure-20150128.csv,2018,9999,1817,,,61,Ростовская область,49.036999000000002,41.008045000000003
Константиновский,60-625-000-000,Константиновский муниципальный район,муниципальный район,,1,,г Константиновск,data-20180110-structure-20150128.csv,2018,9999,1818,,,61,Ростовская область,47.582352,41.097084000000002
Красносулинский,60-626-000-000,Красносулинский муниципальный район,муниципальный район,,1,,г Красный Сулин,data-20180110-structure-20150128.csv,2018,9999,1819,,,61,Ростовская область,47.893204799999999,40.058043400000003
Куйбышевский,60-627-000-000,Куйбышевский муниципальный район,муниципальный район,,1,,с Куйбышево,data-20180110-structure-20150128.csv,2018,9999,1820,,,61,Ростовская область,47.811755099999999,38.908324999999998
Мартыновский,60-630-000-000,Мартыновский муниципальный район,муниципальный район,,1,,сл Большая Мартыновка,data-20180110-structure-20150128.csv,2018,9999,1821,,,61,Ростовская область,47.271026999999997,41.667884999999998
Матвеево-Курганский,60-631-000-000,Матвеево-Курганский муниципальный район,муниципальный район,,1,,п Матвеев Курган,data-20180110-structure-20150128.csv,2018,9999,1822,,,61,Ростовская область,47.568458999999997,38.861941999999999
Миллеровский,60-632-000-000,Миллеровский муниципальный район,муниципальный район,,1,,г Миллерово,data-20180110-structure-20150128.csv,2018,9999,1823,,,61,Ростовская область,48.919626399999999,40.391854000000002
Милютинский,60-633-000-000,Милютинский муниципальный район,муниципальный район,,1,,ст-ца Милютинская,data-20180110-structure-20150128.csv,2018,9999,1824,,,61,Ростовская область,48.627879999999998,41.669491000000001
Морозовский,60-634-000-000,Морозовский муниципальный район,муниципальный район,,1,,г Морозовск,data-20180110-structure-20150128.csv,2018,9999,1825,,,61,Ростовская область,48.352378999999999,41.828761999999998
Мясниковский,60-635-000-000,Мясниковский муниципальный район,муниципальный район,,1,,с Чалтырь,data-20180110-structure-20150128.csv,2018,9999,1826,,,61,Ростовская область,47.283454999999996,39.501517999999997
Неклиновский,60-636-000-000,Неклиновский муниципальный район,муниципальный район,,1,,с Покровское,data-20180110-structure-20150128.csv,2018,9999,1827,,,61,Ростовская область,47.414279999999998,38.896759000000003
Обливский,60-640-000-000,Обливский муниципальный район,муниципальный район,,1,,ст-ца Обливская,data-20180110-structure-20150128.csv,2018,9999,1828,,,61,Ростовская область,48.535973400000003,42.501497399999998
Октябрьский,60-641-000-000,Октябрьский муниципальный район,муниципальный район,,1,,рп Каменоломни,data-20180110-structure-20150128.csv,2018,9999,1829,,,61,Ростовская область,47.669209600000002,40.205290400000003
Орловский,60-642-000-000,Орловский муниципальный район,муниципальный район,,1,,п Орловский,data-20180110-structure-20150128.csv,2018,9999,1830,,,61,Ростовская область,46.869869000000001,42.051864999999999
Песчанокопский,60-644-000-000,Песчанокопский муниципальный район,муниципальный район,,1,,с Песчанокопское,data-20180110-structure-20150128.csv,2018,9999,1831,,,61,Ростовская область,46.184348999999997,41.084556999999997
Пролетарский,60-645-000-000,Пролетарский муниципальный район,муниципальный район,,1,,г Пролетарск,data-20180110-structure-20150128.csv,2018,9999,1832,,,61,Ростовская область,46.700161000000001,41.724079000000003
Ремонтненский,60-647-000-000,Ремонтненский муниципальный район,муниципальный район,,1,,с Ремонтное,data-20180110-structure-20150128.csv,2018,9999,1833,,,61,Ростовская область,46.56118,43.656047999999998
Родионово-Несветайский,60-648-000-000,Родионово-Несветайский муниципальный район,муниципальный район,,1,,сл Родионово-Несветайская,data-20180110-structure-20150128.csv,2018,9999,1834,,,61,Ростовская область,47.6135406,39.7012529
Сальский,60-650-000-000,Сальский муниципальный район,муниципальный район,,1,,г Сальск,data-20180110-structure-20150128.csv,2018,9999,1835,,,61,Ростовская область,46.476669000000001,41.541007999999998
Семикаракорский,60-651-000-000,Семикаракорский муниципальный район,муниципальный район,,1,,г Семикаракорск,data-20180110-structure-20150128.csv,2018,9999,1836,,,61,Ростовская область,47.516393000000001,40.812257500000001
Советский,60-652-000-000,Советский муниципальный район,муниципальный район,,1,,ст-ца Советская,data-20180110-structure-20150128.csv,2018,9999,1837,,,61,Ростовская область,49.009205000000001,42.120246999999999
Тарасовский,60-653-000-000,Тарасовский муниципальный район,муниципальный район,,1,,п Тарасовский,data-20180110-structure-20150128.csv,2018,9999,1838,,,61,Ростовская область,48.727145,40.355441599999999
Тацинский,60-654-000-000,Тацинский муниципальный район,муниципальный район,,1,,ст-ца Тацинская,data-20180110-structure-20150128.csv,2018,9999,1839,,,61,Ростовская область,48.193871000000001,41.280864999999999
Усть-Донецкий,60-655-000-000,Усть-Донецкий муниципальный район,муниципальный район,,1,,рп Усть-Донецкий,data-20180110-structure-20150128.csv,2018,9999,1840,,,61,Ростовская область,47.640224000000003,40.868747999999997
Целинский,60-656-000-000,Целинский муниципальный район,муниципальный район,,1,,п Целина,data-20180110-structure-20150128.csv,2018,9999,1841,,,61,Ростовская область,46.533633999999999,41.028213999999998
Цимлянский,60-657-000-000,Цимлянский муниципальный район,муниципальный район,,1,,г Цимлянск,data-20180110-structure-20150128.csv,2018,9999,1842,,,61,Ростовская область,47.650585,42.098232000000003
Чертковский,60-658-000-000,Чертковский муниципальный район,муниципальный район,,1,,п Чертково,data-20180110-structure-20150128.csv,2018,9999,1843,,,61,Ростовская область,49.379976300000003,40.149151600000003
Шолоховский,60-659-000-000,Шолоховский муниципальный район,муниципальный район,,1,,ст-ца Вешенская,data-20180110-structure-20150128.csv,2018,9999,1844,,,61,Ростовская область,49.628993999999999,41.725104999999999
Рязань,61-701-000-000,городской округ город Рязань,городской округ,административный_центр_субъекта,1,,г Рязань,data-20180110-structure-20150128.csv,2018,9999,1845,,,62,Рязанская область,54.627535899999998,39.740171599999996
Касимов,61-705-000-000,городской округ город Касимов,городской округ,,2,61-608-000-000,г Касимов,data-20180110-structure-20150128.csv,2018,9999,1846,,,62,Рязанская область,54.939177999999998,41.406536868020098
Сасово,61-710-000-000,городской округ город Сасово,городской округ,,2,61-642-000-000,г Сасово,data-20180110-structure-20150128.csv,2018,2024,1847,,union_23,62,Рязанская область,54.353920000000002,41.926642999999999
Скопин,61-715-000-000,городской округ город Скопин,городской округ,,2,61-644-000-000,г Скопин,data-20180110-structure-20150128.csv,2018,9999,1848,,,62,Рязанская область,53.823523999999999,39.549273999999997
Ермишинский,61-602-000-000,Ермишинский муниципальный район,муниципальный район,,1,,рп Ермишь,data-20180110-structure-20150128.csv,2018,9999,1849,,,62,Рязанская область,54.767791099999997,42.276026700000003
Захаровский,61-604-000-000,Захаровский муниципальный район,муниципальный район,,1,,с Захарово,data-20180110-structure-20150128.csv,2018,9999,1850,,,62,Рязанская область,54.370804,39.281531999999999
Кадомский,61-606-000-000,Кадомский муниципальный район,муниципальный район,,1,,рп Кадом,data-20180110-structure-20150128.csv,2018,9999,1851,,,62,Рязанская область,54.559131499999999,42.468302600000001
Касимовский,61-608-000-000,Касимовский муниципальный район,муниципальный район,,3,61-705-000-000,г Касимов,data-20180110-structure-20150128.csv,2018,9999,1852,,,62,Рязанская область,54.939177999999998,41.406536868020098
Клепиковский,61-610-000-000,Клепиковский муниципальный район,муниципальный район,,1,,г Спас-Клепики,data-20180110-structure-20150128.csv,2018,9999,1853,,,62,Рязанская область,55.130867000000002,40.176037000000001
Кораблинский,61-612-000-000,Кораблинский муниципальный район,муниципальный район,,1,,г Кораблино,data-20180110-structure-20150128.csv,2018,9999,1854,,,62,Рязанская область,53.926897099999998,40.034461999999998
Милославский,61-615-000-000,Милославский муниципальный район,муниципальный район,,1,,рп Милославское,data-20180110-structure-20150128.csv,2018,9999,1855,,,62,Рязанская область,53.579839,39.445062
Михайловский,61-617-000-000,Михайловский муниципальный район,муниципальный район,,1,,г Михайлов,data-20180110-structure-20150128.csv,2018,9999,1856,,,62,Рязанская область,54.2443989,39.047357900000002
Александро-Невский,61-620-000-000,Александро-Невский муниципальный район,муниципальный район,,1,,рп Александро-Невский,data-20180110-structure-20150128.csv,2018,9999,1857,,,62,Рязанская область,53.475300650000001,40.20570951195819
Пителинский,61-623-000-000,Пителинский муниципальный район,муниципальный район,,1,,рп Пителино,data-20180110-structure-20150128.csv,2018,9999,1858,,,62,Рязанская область,54.575684000000003,41.814919000000003
Пронский,61-625-000-000,Пронский муниципальный район,муниципальный район,,1,,рп Пронск,data-20180110-structure-20150128.csv,2018,9999,1859,,,62,Рязанская область,54.121352999999999,39.605293000000003
Путятинский,61-626-000-000,Путятинский муниципальный район,муниципальный район,,1,,с Путятино,data-20180110-structure-20150128.csv,2018,2024,1860,,,62,Рязанская область,54.160556999999997,41.121108999999997
Рыбновский,61-627-000-000,Рыбновский муниципальный район,муниципальный район,,1,,г Рыбное,data-20180110-structure-20150128.csv,2018,9999,1861,,,62,Рязанская область,54.726841499999999,39.508861199999998
Ряжский,61-630-000-000,Ряжский муниципальный район,муниципальный район,,1,,г Ряжск,data-20180110-structure-20150128.csv,2018,2024,1862,,,62,Рязанская область,53.708877999999999,40.062984
Рязанский,61-634-000-000,Рязанский муниципальный район,муниципальный район,,1,,г Рязань,data-20180110-structure-20150128.csv,2018,9999,1863,,,62,Рязанская область,54.627535899999998,39.740171599999996
Сапожковский,61-637-000-000,Сапожковский муниципальный район,муниципальный район,,1,,рп Сапожок,data-20180110-structure-20150128.csv,2018,9999,1864,,,62,Рязанская область,53.943381000000002,40.682607300000001
Сараевский,61-640-000-000,Сараевский муниципальный район,муниципальный район,,1,,рп Сараи,data-20180110-structure-20150128.csv,2018,9999,1865,,,62,Рязанская область,53.721237299999999,40.996713499999998
Сасовский,61-642-000-000,Сасовский муниципальный район,муниципальный район,,3,61-710-000-000,г Сасово,data-20180110-structure-20150128.csv,2018,2024,1866,,union_23,62,Рязанская область,54.353920000000002,41.926642999999999
Скопинский,61-644-000-000,Скопинский муниципальный район,муниципальный район,,3,61-715-000-000,г Скопин,data-20180110-structure-20150128.csv,2018,9999,1867,,,62,Рязанская область,53.823523999999999,39.549273999999997
Спасский,61-646-000-000,Спасский муниципальный район,муниципальный район,,1,,г Спасск-Рязанский,data-20180110-structure-20150128.csv,2018,9999,1868,,,62,Рязанская область,54.4078801,40.380538999999999
Старожиловский,61-648-000-000,Старожиловский муниципальный район,муниципальный район,,1,,рп Старожилово,data-20180110-structure-20150128.csv,2018,9999,1869,,,62,Рязанская область,54.228332999999999,39.911388000000002
Ухоловский,61-650-000-000,Ухоловский муниципальный район,муниципальный район,,1,,рп Ухолово,data-20180110-structure-20150128.csv,2018,9999,1870,,,62,Рязанская область,53.791137999999997,40.488273999999997
Чучковский,61-653-000-000,Чучковский муниципальный район,муниципальный район,,1,,рп Чучково,data-20180110-structure-20150128.csv,2018,9999,1871,,,62,Рязанская область,54.268521800000002,41.447992800000002
Шацкий,61-656-000-000,Шацкий муниципальный район,муниципальный район,,1,,г Шацк,data-20180110-structure-20150128.csv,2018,9999,1872,,,62,Рязанская область,54.028686999999998,41.712600999999999
Шиловский,61-658-000-000,Шиловский муниципальный район,муниципальный район,,1,,рп Шилово,data-20180110-structure-20150128.csv,2018,9999,1873,,,62,Рязанская область,54.322655500000003,40.887467600000001
Самара,36-701-000-000,городской округ Самара,городской округ,административный_центр_субъекта,2,36-614-000-000,г Самара,data-20180110-structure-20150128.csv,2018,9999,1874,,,63,Самарская область,53.219464799999997,50.203931599999997
Жигулевск,36-704-000-000,городской округ Жигулевск,городской округ,,1,,г Жигулевск,data-20180110-structure-20150128.csv,2018,9999,1875,,,63,Самарская область,53.400512200000001,49.4955657
Кинель,36-708-000-000,городской округ Кинель,городской округ,,2,36-618-000-000,г Кинель,data-20180110-structure-20150128.csv,2018,9999,1876,,,63,Самарская область,53.219738,50.633228000000003
Новокуйбышевск,36-713-000-000,городской округ Новокуйбышевск,городской округ,,1,,г Новокуйбышевск,data-20180110-structure-20150128.csv,2018,9999,1877,,,63,Самарская область,53.099243000000001,49.948363999999998
Октябрьск,36-718-000-000,городской округ Октябрьск,городской округ,,1,,г Октябрьск,data-20180110-structure-20150128.csv,2018,9999,1878,,,63,Самарская область,53.180550050000001,48.746519993029288
Отрадный,36-724-000-000,городской округ Отрадный,городской округ,,1,,г Отрадный,data-20180110-structure-20150128.csv,2018,9999,1879,,,63,Самарская область,53.376175000000003,51.348053
Похвистнево,36-727-000-000,городской округ Похвистнево,городской округ,,2,36-634-000-000,г Похвистнево,data-20180110-structure-20150128.csv,2018,9999,1880,,,63,Самарская область,53.646796999999999,52.123344000000003
Сызрань,36-735-000-000,городской округ Сызрань,городской округ,,2,36-642-000-000,г Сызрань,data-20180110-structure-20150128.csv,2018,9999,1881,,,63,Самарская область,53.155380000000001,48.474120999999997
Тольятти,36-740-000-000,городской округ Тольятти,городской округ,,2,36-640-000-000,г Тольятти,data-20180110-structure-20150128.csv,2018,9999,1882,,,63,Самарская область,53.5149884,49.407331599999999
Чапаевск,36-750-000-000,городской округ Чапаевск,городской округ,,1,,г Чапаевск,data-20180110-structure-20150128.csv,2018,9999,1883,,,63,Самарская область,52.981285,49.711193000000002
Алексеевский,36-602-000-000,Алексеевский муниципальный район,муниципальный район,,1,,с Алексеевка,data-20180110-structure-20150128.csv,2018,9999,1884,,,63,Самарская область,52.583080000000002,51.273314999999997
Безенчукский,36-604-000-000,Безенчукский муниципальный район,муниципальный район,,1,,пгт Безенчук,data-20180110-structure-20150128.csv,2018,9999,1885,,,63,Самарская область,52.985321999999996,49.432296800000003
Богатовский,36-606-000-000,Богатовский муниципальный район,муниципальный район,,1,,с Богатое,data-20180110-structure-20150128.csv,2018,9999,1886,,,63,Самарская область,53.057625000000002,51.333106999999998
Большеглушицкий,36-608-000-000,Большеглушицкий муниципальный район,муниципальный район,,1,,с Большая Глушица,data-20180110-structure-20150128.csv,2018,9999,1887,,,63,Самарская область,52.392174400000002,50.472315799999997
Большечерниговский,36-610-000-000,Большечерниговский муниципальный район,муниципальный район,,1,,с Большая Черниговка,data-20180110-structure-20150128.csv,2018,9999,1888,,,63,Самарская область,52.095108500000002,50.867893000000002
Борский,36-612-000-000,Борский муниципальный район,муниципальный район,,1,,с Борское,data-20180110-structure-20150128.csv,2018,9999,1889,,,63,Самарская область,53.025925000000001,51.698658000000002
Волжский,36-614-000-000,Волжский муниципальный район,муниципальный район,,3,36-701-000-000,г Самара,data-20180110-structure-20150128.csv,2018,9999,1890,,,63,Самарская область,53.219464799999997,50.203931599999997
Елховский,36-615-000-000,Елховский муниципальный район,муниципальный район,,1,,с Елховка,data-20180110-structure-20150128.csv,2018,9999,1891,,,63,Самарская область,53.866994400000003,50.288901600000003
Исаклинский,36-616-000-000,Исаклинский муниципальный район,муниципальный район,,1,,с Исаклы,data-20180110-structure-20150128.csv,2018,9999,1892,,,63,Самарская область,54.132713799999998,51.534022200000003
Камышлинский,36-617-000-000,Камышлинский муниципальный район,муниципальный район,,1,,с Камышла,data-20180110-structure-20150128.csv,2018,9999,1893,,,63,Самарская область,54.112330999999998,52.144077000000003
Кинельский,36-618-000-000,Кинельский муниципальный район,муниципальный район,,3,36-708-000-000,г Кинель,data-20180110-structure-20150128.csv,2018,9999,1894,,,63,Самарская область,53.219738,50.633228000000003
Кинель-Черкасский,36-620-000-000,Кинель-Черкасский муниципальный район,муниципальный район,,1,,с Кинель-Черкассы,data-20180110-structure-20150128.csv,2018,9999,1895,,,63,Самарская область,53.464434400000002,51.475508300000001
Клявлинский,36-622-000-000,Клявлинский муниципальный район,муниципальный район,,1,,ж/д ст Клявлино,data-20180110-structure-20150128.csv,2018,9999,1896,,,63,Самарская область,54.264850299999999,52.0262235
Кошкинский,36-624-000-000,Кошкинский муниципальный район,муниципальный район,,1,,с Кошки,data-20180110-structure-20150128.csv,2018,9999,1897,,,63,Самарская область,54.204336699999999,50.470482699999998
Красноармейский,36-626-000-000,Красноармейский муниципальный район,муниципальный район,,1,,с Красноармейское,data-20180110-structure-20150128.csv,2018,9999,1898,,,63,Самарская область,52.711070999999997,50.033352000000001
Красноярский,36-628-000-000,Красноярский муниципальный район,муниципальный район,,1,,с Красный Яр,data-20180110-structure-20150128.csv,2018,9999,1899,,,63,Самарская область,53.493591299999999,50.393487999999998
Нефтегорский,36-630-000-000,Нефтегорский муниципальный район,муниципальный район,,1,,г Нефтегорск,data-20180110-structure-20150128.csv,2018,9999,1900,,,63,Самарская область,52.803809999999999,51.163863999999997
Пестравский,36-632-000-000,Пестравский муниципальный район,муниципальный район,,1,,с Пестравка,data-20180110-structure-20150128.csv,2018,9999,1901,,,63,Самарская область,52.410597299999999,49.949133400000001
Похвистневский,36-634-000-000,Похвистневский муниципальный район,муниципальный район,,3,36-727-000-000,г Похвистнево,data-20180110-structure-20150128.csv,2018,9999,1902,,,63,Самарская область,53.646796999999999,52.123344000000003
Приволжский,36-636-000-000,Приволжский муниципальный район,муниципальный район,,1,,с Приволжье,data-20180110-structure-20150128.csv,2018,9999,1903,,,63,Самарская область,52.859440999999997,48.6015765
Сергиевский,36-638-000-000,Сергиевский муниципальный район,муниципальный район,,1,,с Сергиевск,data-20180110-structure-20150128.csv,2018,9999,1904,,,63,Самарская область,53.941279999999999,51.165011999999997
Ставропольский,36-640-000-000,Ставропольский муниципальный район,муниципальный район,,3,36-740-000-000,г Тольятти,data-20180110-structure-20150128.csv,2018,9999,1905,,,63,Самарская область,53.5149884,49.407331599999999
Сызранский,36-642-000-000,Сызранский муниципальный район,муниципальный район,,3,36-735-000-000,г Сызрань,data-20180110-structure-20150128.csv,2018,9999,1906,,,63,Самарская область,53.155380000000001,48.474120999999997
Хворостянский,36-644-000-000,Хворостянский муниципальный район,муниципальный район,,1,,с Хворостянка,data-20180110-structure-20150128.csv,2018,9999,1907,,,63,Самарская область,52.617241,48.953163000000004
Челно-Вершинский,36-646-000-000,Челно-Вершинский муниципальный район,муниципальный район,,1,,с Челно-Вершины,data-20180110-structure-20150128.csv,2018,9999,1908,,,63,Самарская область,54.419781700000001,51.081700099999999
Шенталинский,36-648-000-000,Шенталинский муниципальный район,муниципальный район,,1,,ж/д ст Шентала,data-20180110-structure-20150128.csv,2018,9999,1909,,,63,Самарская область,54.437423199999998,51.463721300000003
Шигонский,36-650-000-000,Шигонский муниципальный район,муниципальный район,,1,,с Шигоны,data-20180110-structure-20150128.csv,2018,9999,1910,,,63,Самарская область,53.387,48.678199999999997
Саратов,63-701-000-000,городской округ город Саратов,городской округ,административный_центр_субъекта,2,63-643-000-000,г Саратов,data-20180110-structure-20150128.csv,2018,2022,1911,,transfer_4,64,Саратовская область,51.530017999999998,46.034683000000001
Шиханы,63-746-000-000,городской округ ЗАТО Шиханы,городской округ,ЗАТО,1,,г Шиханы,data-20180110-structure-20150128.csv,2018,2020,1912,,,64,Саратовская область,52.114837999999999,47.198475000000002
Михайловский,63-760-000-000,городской округ ЗАТО Михайловский,городской округ,ЗАТО,1,,п Михайловский,data-20180110-structure-20150128.csv,2018,2020,1913,,,64,Саратовская область,51.767910000000001,48.587874999999997
Светлый,63-775-000-000,городской округ ЗАТО Светлый,городской округ,ЗАТО,1,,п Светлый,data-20180110-structure-20150128.csv,2018,9999,1914,,,64,Саратовская область,51.673708599999998,45.622775300000001
Александрово-Гайский,63-602-000-000,Александрово-Гайский муниципальный район,муниципальный район,,1,,с Александров Гай,data-20180110-structure-20150128.csv,2018,9999,1915,,,64,Саратовская область,50.14246,48.568435999999998
Аркадакский,63-603-000-000,Аркадакский муниципальный район,муниципальный район,,1,,г Аркадак,data-20180110-structure-20150128.csv,2018,9999,1916,,,64,Саратовская область,51.942912999999997,43.489097999999998
Аткарский,63-604-000-000,Аткарский муниципальный район,муниципальный район,,1,,г Аткарск,data-20180110-structure-20150128.csv,2018,9999,1917,,,64,Саратовская область,51.8750207,44.997498999999998
Базарно-Карабулакский,63-606-000-000,Базарно-Карабулакский муниципальный район,муниципальный район,,1,,рп Базарный Карабулак,data-20180110-structure-20150128.csv,2018,9999,1918,,,64,Саратовская область,52.277653000000001,46.410679000000002
Балаковский,63-607-000-000,Балаковский муниципальный район,муниципальный район,,1,,г Балаково,data-20180110-structure-20150128.csv,2018,9999,1919,,,64,Саратовская область,52.018120000000003,47.819141000000002
Балашовский,63-608-000-000,Балашовский муниципальный район,муниципальный район,,1,,г Балашов,data-20180110-structure-20150128.csv,2018,9999,1920,,,64,Саратовская область,51.5546717,43.143073200000003
Балтайский,63-609-000-000,Балтайский муниципальный район,муниципальный район,,1,,с Балтай,data-20180110-structure-20150128.csv,2018,9999,1921,,,64,Саратовская область,52.468105000000001,46.628967000000003
Вольский,63-611-000-000,Вольский муниципальный район,муниципальный район,,1,,г Вольск,data-20180110-structure-20150128.csv,2018,9999,1922,,,64,Саратовская область,52.042755,47.386032
Воскресенский,63-612-000-000,Воскресенский муниципальный район,муниципальный район,,1,,с Воскресенское,data-20180110-structure-20150128.csv,2018,9999,1923,,,64,Саратовская область,51.823920999999999,46.931857999999998
Дергачевский,63-613-000-000,Дергачевский муниципальный район,муниципальный район,,1,,рп Дергачи,data-20180110-structure-20150128.csv,2018,9999,1924,,,64,Саратовская область,51.235374,48.768577999999998
Духовницкий,63-614-000-000,Духовницкий муниципальный район,муниципальный район,,1,,рп Духовницкое,data-20180110-structure-20150128.csv,2018,9999,1925,,,64,Саратовская область,52.4793156,48.202135300000002
Екатериновский,63-616-000-000,Екатериновский муниципальный район,муниципальный район,,1,,рп Екатериновка,data-20180110-structure-20150128.csv,2018,9999,1926,,,64,Саратовская область,52.053604800000002,44.349858500000003
Ершовский,63-617-000-000,Ершовский муниципальный район,муниципальный район,,1,,г Ершов,data-20180110-structure-20150128.csv,2018,9999,1927,,,64,Саратовская область,51.349792999999998,48.2657332
Ивантеевский,63-619-000-000,Ивантеевский муниципальный район,муниципальный район,,1,,с Ивантеевка,data-20180110-structure-20150128.csv,2018,9999,1928,,,64,Саратовская область,52.269523999999997,49.107062999999997
Калининский,63-621-000-000,Калининский муниципальный район,муниципальный район,,1,,г Калининск,data-20180110-structure-20150128.csv,2018,9999,1929,,,64,Саратовская область,51.499946999999999,44.484580999999999
Красноармейский,63-622-000-000,Красноармейский муниципальный район,муниципальный район,,1,,г Красноармейск,data-20180110-structure-20150128.csv,2018,9999,1930,,,64,Саратовская область,51.025776,45.692520000000002
Краснокутский,63-623-000-000,Краснокутский муниципальный район,муниципальный район,,1,,г Красный Кут,data-20180110-structure-20150128.csv,2018,9999,1931,,,64,Саратовская область,50.945905600000003,46.972462
Краснопартизанский,63-624-000-000,Краснопартизанский муниципальный район,муниципальный район,,1,,рп Горный,data-20180110-structure-20150128.csv,2018,9999,1932,,,64,Саратовская область,51.756121,48.5385335
Лысогорский,63-625-000-000,Лысогорский муниципальный район,муниципальный район,,1,,рп Лысые Горы,data-20180110-structure-20150128.csv,2018,9999,1933,,,64,Саратовская область,51.544967999999997,44.836826000000002
Марксовский,63-626-000-000,Марксовский муниципальный район,муниципальный район,,1,,г Маркс,data-20180110-structure-20150128.csv,2018,9999,1934,,,64,Саратовская область,51.706991100000003,46.748365300000003
Новобурасский,63-629-000-000,Новобурасский муниципальный район,муниципальный район,,1,,рп Новые Бурасы,data-20180110-structure-20150128.csv,2018,9999,1935,,,64,Саратовская область,52.129725999999998,46.076084000000002
Новоузенский,63-630-000-000,Новоузенский муниципальный район,муниципальный район,,1,,г Новоузенск,data-20180110-structure-20150128.csv,2018,9999,1936,,,64,Саратовская область,50.462325999999997,48.135531999999998
Озинский,63-632-000-000,Озинский муниципальный район,муниципальный район,,1,,рп Озинки,data-20180110-structure-20150128.csv,2018,9999,1937,,,64,Саратовская область,51.198559000000003,49.72654
Перелюбский,63-634-000-000,Перелюбский муниципальный район,муниципальный район,,1,,с Перелюб,data-20180110-structure-20150128.csv,2018,9999,1938,,,64,Саратовская область,51.85857,50.344825999999998
Петровский,63-635-000-000,Петровский муниципальный район,муниципальный район,,1,,г Петровск,data-20180110-structure-20150128.csv,2018,9999,1939,,,64,Саратовская область,52.309449399999998,45.388983099999997
Питерский,63-636-000-000,Питерский муниципальный район,муниципальный район,,1,,с Питерка,data-20180110-structure-20150128.csv,2018,9999,1940,,,64,Саратовская область,50.678618999999998,47.443728999999998
Пугачевский,63-637-000-000,Пугачевский муниципальный район,муниципальный район,,1,,г Пугачев,data-20180110-structure-20150128.csv,2018,9999,1941,,,64,Саратовская область,52.012125300000001,48.810979500000002
Ровенский,63-639-000-000,Ровенский муниципальный район,муниципальный район,,1,,рп Ровное,data-20180110-structure-20150128.csv,2018,9999,1942,,,64,Саратовская область,50.775948,46.057549000000002
Романовский,63-640-000-000,Романовский муниципальный район,муниципальный район,,1,,рп Романовка,data-20180110-structure-20150128.csv,2018,9999,1943,,,64,Саратовская область,51.741027799999998,42.755724399999998
Ртищевский,63-641-000-000,Ртищевский муниципальный район,муниципальный район,,1,,г Ртищево,data-20180110-structure-20150128.csv,2018,9999,1944,,,64,Саратовская область,52.259905699999997,43.787742899999998
Самойловский,63-642-000-000,Самойловский муниципальный район,муниципальный район,,1,,рп Самойловка,data-20180110-structure-20150128.csv,2018,9999,1945,,,64,Саратовская область,51.186000300000003,43.706763100000003
Саратовский,63-643-000-000,Саратовский муниципальный район,муниципальный район,,3,63-701-000-000,г Саратов,data-20180110-structure-20150128.csv,2018,2022,1946,,transfer_4,64,Саратовская область,51.530017999999998,46.034683000000001
Советский,63-644-000-000,Советский муниципальный район,муниципальный район,,1,,рп Степное,data-20180110-structure-20150128.csv,2018,9999,1947,,,64,Саратовская область,51.378075000000003,46.844462999999998
Татищевский,63-646-000-000,Татищевский муниципальный район,муниципальный район,,1,,рп Татищево,data-20180110-structure-20150128.csv,2018,9999,1948,,,64,Саратовская область,51.672623000000002,45.594700000000003
Турковский,63-647-000-000,Турковский муниципальный район,муниципальный район,,1,,рп Турки,data-20180110-structure-20150128.csv,2018,9999,1949,,,64,Саратовская область,51.992758899999998,43.274539599999997
Федоровский,63-648-000-000,Федоровский муниципальный район,муниципальный район,,1,,рп Мокроус,data-20180110-structure-20150128.csv,2018,9999,1950,,,64,Саратовская область,51.237442000000001,47.514740000000003
Хвалынский,63-649-000-000,Хвалынский муниципальный район,муниципальный район,,1,,г Хвалынск,data-20180110-structure-20150128.csv,2018,9999,1951,,,64,Саратовская область,52.495499000000002,48.105888
Энгельсский,63-650-000-000,Энгельсский муниципальный район,муниципальный район,,1,,г Энгельс,data-20180110-structure-20150128.csv,2018,9999,1952,,,64,Саратовская область,51.501377499999997,46.123309300000003
Южно-Сахалинск,64-701-000-000,городской округ город Южно-Сахалинск,городской округ,административный_центр_субъекта,1,,г Южно-Сахалинск,data-20180110-structure-20150128.csv,2018,9999,1953,,,65,Сахалинская область,46.957427299999999,142.72743800000001
Александровск-Сахалинский,64-704-000-000,городской округ Александровск-Сахалинский район,городской округ,,1,,г Александровск-Сахалинский,data-20180110-structure-20150128.csv,2018,9999,1954,,,65,Сахалинская область,50.897498300000002,142.15916669999999
Анивский,64-708-000-000,городской округ Анивский,городской округ,,1,,г Анива,data-20180110-structure-20150128.csv,2018,9999,1955,,,65,Сахалинская область,46.714776800000003,142.52751499999999
Долинский,64-712-000-000,городской округ Долинский,городской округ,,1,,г Долинск,data-20180110-structure-20150128.csv,2018,9999,1956,,,65,Сахалинская область,47.324145600000001,142.79793609999999
Корсаковский,64-716-000-000,городской округ Корсаковский,городской округ,,1,,г Корсаков,data-20180110-structure-20150128.csv,2018,9999,1957,,,65,Сахалинская область,46.632815000000001,142.78101469999999
Курильский,64-720-000-000,городской округ Курильский,городской округ,,1,,г Курильск,data-20180110-structure-20150128.csv,2018,9999,1958,,,65,Сахалинская область,45.229041299999999,147.87518449999999
Макаровский,64-724-000-000,городской округ Макаровский,городской округ,,1,,г Макаров,data-20180110-structure-20150128.csv,2018,9999,1959,,,65,Сахалинская область,48.6242527,142.78140020000001
Невельский,64-728-000-000,городской округ Невельский,городской округ,,1,,г Невельск,data-20180110-structure-20150128.csv,2018,9999,1960,,,65,Сахалинская область,46.687780199999999,141.86011439999999
Ногликский,64-732-000-000,городской округ Ногликский,городской округ,,1,,пгт Ноглики,data-20180110-structure-20150128.csv,2018,9999,1961,,,65,Сахалинская область,51.795361700000001,143.13650770000001
Охинский,64-736-000-000,городской округ Охинский,городской округ,,1,,г Оха,data-20180110-structure-20150128.csv,2018,9999,1962,,,65,Сахалинская область,53.589199200000003,142.94968449999999
Поронайский,64-740-000-000,городской округ Поронайский,городской округ,,1,,г Поронайск,data-20180110-structure-20150128.csv,2018,9999,1963,,,65,Сахалинская область,49.221636599999997,143.1015759
Северо-Курильский,64-743-000-000,городской округ Северо-Курильский,городской округ,,1,,г Северо-Курильск,data-20180110-structure-20150128.csv,2018,9999,1964,,,65,Сахалинская область,50.668304800000001,156.11543990000001
Смирныховский,64-746-000-000,городской округ Смирныховский,городской округ,,1,,пгт Смирных,data-20180110-structure-20150128.csv,2018,9999,1965,,,65,Сахалинская область,49.742353100000003,142.8320066
Томаринский,64-748-000-000,городской округ Томаринский,городской округ,,1,,г Томари,data-20180110-structure-20150128.csv,2018,9999,1966,,,65,Сахалинская область,47.761208699999997,142.063478
Тымовский,64-750-000-000,городской округ Тымовский,городской округ,,1,,пгт Тымовское,data-20180110-structure-20150128.csv,2018,9999,1967,,,65,Сахалинская область,50.845556000000002,142.655
Углегорский,64-752-000-000,городской округ Углегорский,городской округ,,1,,г Углегорск,data-20180129-structure-20150128.csv,2018,9999,1968,,,65,Сахалинская область,49.079295999999999,142.0633622
Холмский,64-754-000-000,городской округ Холмский,городской округ,,1,,г Холмск,data-20180110-structure-20150128.csv,2018,9999,1969,,,65,Сахалинская область,47.054587499999997,142.04871249999999
Южно-Курильский,64-756-000-000,городской округ Южно-Курильский,городской округ,,1,,пгт Южно-Курильск,data-20180110-structure-20150128.csv,2018,9999,1970,,,65,Сахалинская область,44.027075600000003,145.86137220000001
Екатеринбург,65-701-000-000,городской округ город Екатеринбург,городской округ,административный_центр_субъекта,1,,г Екатеринбург,data-20180110-structure-20150128.csv,2018,9999,1971,,,66,Свердловская область,56.839103999999999,60.608249999999998
Алапаевск,65-728-000-000,городской округ город Алапаевск,городской округ,,2,65-771-000-000,г Алапаевск,data-20200110-structure-20150128.csv,2018,9999,1972,,,66,Свердловская область,57.850811,61.695
Артемовский,65-703-000-000,городской округ Артемовский,городской округ,,1,,г Артемовский,data-20180110-structure-20150128.csv,2018,9999,1973,,,66,Свердловская область,57.343185400000003,61.877503500000003
Асбестовский,65-730-000-000,городской округ Асбестовский,городской округ,,1,,г Асбест,data-20180110-structure-20150128.csv,2018,9999,1974,,,66,Свердловская область,57.0052746,61.458076499999997
Малышевский,65-762-000-000,городской округ Малышевский,городской округ,,1,,рп Малышева,data-20180110-structure-20150128.csv,2018,9999,1975,,,66,Свердловская область,57.116123000000002,61.397663000000001
Рефтинский,65-763-000-000,городской округ Рефтинский,городской округ,,1,,рп Рефтинский,data-20180110-structure-20150128.csv,2018,9999,1976,,,66,Свердловская область,57.091529999999999,61.678348999999997
Березовский,65-731-000-000,городской округ Березовский,городской округ,,1,,г Березовский,data-20180110-structure-20150128.csv,2018,9999,1977,,,66,Свердловская область,56.909787100000003,60.812025400000003
Богданович,65-707-000-000,городской округ Богданович,городской округ,,1,,г Богданович,data-20180110-structure-20150128.csv,2018,9999,1978,,,66,Свердловская область,56.768340700000003,62.052077400000002
Верхняя Пышма,65-732-000-000,городской округ Верхняя Пышма,городской округ,,1,,г Верхняя Пышма,data-20180110-structure-20150128.csv,2018,9999,1979,,,66,Свердловская область,56.972468200000002,60.573892600000001
Среднеуральск,65-757-000-000,городской округ Среднеуральск,городской округ,,1,,г Среднеуральск,data-20180110-structure-20150128.csv,2018,9999,1980,,,66,Свердловская область,56.991630999999998,60.468879999999999
Верхнесалдинский,65-708-000-000,городской округ Верхнесалдинский,городской округ,,1,,г Верхняя Салда,data-20180110-structure-20150128.csv,2018,9999,1981,,,66,Свердловская область,58.043598000000003,60.554831999999998
Заречный,65-737-000-000,городской округ Заречный,городской округ,,1,,г Заречный,data-20180110-structure-20150128.csv,2018,9999,1982,,,66,Свердловская область,56.814970600000002,61.320593600000002
Ивдельский,65-738-000-000,городской округ Ивдельский,городской округ,,1,,г Ивдель,data-20180110-structure-20150128.csv,2018,9999,1983,,,66,Свердловская область,60.6973287,60.4172583
Пелым,65-764-000-000,городской округ Пелым,городской округ,,1,,рп Пелым,data-20180110-structure-20150128.csv,2018,9999,1984,,,66,Свердловская область,61.017913999999998,61.990153999999997
Ирбит,65-739-000-000,городской округ город Ирбит,городской округ,,2,65-711-000-000,г Ирбит,data-20200110-structure-20150128.csv,2018,9999,1985,,,66,Свердловская область,57.674042,63.063777999999999
Каменск-Уральский,65-740-000-000,городской округ город Каменск-Уральский,городской округ,,2,65-712-000-000,г Каменск-Уральский,data-20200110-structure-20150128.csv,2018,9999,1986,,,66,Свердловская область,56.415450999999997,61.917797
Камышловский,65-741-000-000,городской округ Камышловский,городской округ,,2,65-623-000-000,г Камышлов,data-20180110-structure-20150128.csv,2018,9999,1987,,,66,Свердловская область,56.848435600000002,62.718795209310471
Карпинск,65-742-000-000,городской округ Карпинск,городской округ,,1,,г Карпинск,data-20180110-structure-20150128.csv,2018,9999,1988,,,66,Свердловская область,59.766789299999999,60.000926700000001
Волчанский,65-735-000-000,городской округ Волчанский,городской округ,,1,,г Волчанск,data-20180110-structure-20150128.csv,2018,9999,1989,,,66,Свердловская область,59.9347177,60.077967700000002
Качканарский,65-743-000-000,городской округ Качканарский,городской округ,,1,,г Качканар,data-20180110-structure-20150128.csv,2018,9999,1990,,,66,Свердловская область,58.698169700000001,59.4810114
Кировградский,65-744-000-000,городской округ Кировградский,городской округ,,1,,г Кировград,data-20180110-structure-20150128.csv,2018,9999,1991,,,66,Свердловская область,57.426489199999999,60.066453699999997
Верхний Тагил,65-733-000-000,городской округ Верхний Тагил,городской округ,,1,,г Верхний Тагил,data-20180110-structure-20150128.csv,2018,9999,1992,,,66,Свердловская область,57.374517400000002,59.932079799999997
Краснотурьинск,65-745-000-000,городской округ Краснотурьинск,городской округ,,1,,г Краснотурьинск,data-20180110-structure-20150128.csv,2018,9999,1993,,,66,Свердловская область,59.764631000000001,60.193611699999998
Красноуральск,65-746-000-000,городской округ Красноуральск,городской округ,,1,,г Красноуральск,data-20180110-structure-20150128.csv,2018,9999,1994,,,66,Свердловская область,58.357062999999997,60.037444999999998
Красноуфимск,65-747-000-000,городской округ Красноуфимск,городской округ,,2,65-713-000-000,г Красноуфимск,data-20200110-structure-20150128.csv,2018,9999,1995,,,66,Свердловская область,56.618073500000001,57.771345199999999
Кушвинский,65-748-000-000,городской округ Кушвинский,городской округ,,1,,г Кушва,data-20180110-structure-20150128.csv,2018,9999,1996,,,66,Свердловская область,58.2816811,59.7625022
Верхняя Тура,65-734-000-000,городской округ Верхняя Тура,городской округ,,1,,г Верхняя Тура,data-20180110-structure-20150128.csv,2018,9999,1997,,,66,Свердловская область,58.360500000000002,59.81823
Лесной,65-749-000-000,городской округ город Лесной,городской округ,ЗАТО,1,,г Лесной,data-20180110-structure-20150128.csv,2018,9999,1998,,,66,Свердловская область,58.63644,59.789658000000003
Невьянский,65-714-000-000,городской округ Невьянский,городской округ,,1,,г Невьянск,data-20180110-structure-20150128.csv,2018,9999,1999,,,66,Свердловская область,57.492403600000003,60.210540799999997
Нижний Тагил,65-751-000-000,городской округ город Нижний Тагил,городской округ,,2,65-717-000-000,г Нижний Тагил,data-20200110-structure-20150128.csv,2018,9999,2000,,,66,Свердловская область,57.905149000000002,59.950846599999998
Нижняя Салда,65-750-000-000,городской округ Нижняя Салда,городской округ,,1,,г Нижняя Салда,data-20180110-structure-20150128.csv,2018,9999,2001,,,66,Свердловская область,58.071351999999997,60.714677199999997
Нижнетуринский,65-715-000-000,городской округ Нижнетуринский,городской округ,,1,,г Нижняя Тура,data-20180110-structure-20150128.csv,2018,9999,2002,,,66,Свердловская область,58.620776200000002,59.847323299999999
Новоуральский,65-752-000-000,городской округ Новоуральский,городской округ,ЗАТО,1,,г Новоуральск,data-20180110-structure-20150128.csv,2018,9999,2003,,,66,Свердловская область,57.247047000000002,60.095818000000001
Первоуральск,65-753-000-000,городской округ Первоуральск,городской округ,,1,,г Первоуральск,data-20180110-structure-20150128.csv,2018,9999,2004,,,66,Свердловская область,56.908395749999997,59.943011014493273
Полевской,65-754-000-000,городской округ Полевской,городской округ,,1,,г Полевской,data-20180110-structure-20150128.csv,2018,9999,2005,,,66,Свердловская область,56.442107999999998,60.165858999999998
Ревда,65-719-000-000,городской округ Ревда,городской округ,,1,,г Ревда,data-20180110-structure-20150128.csv,2018,9999,2006,,,66,Свердловская область,56.800065099999998,59.908668800000001
Дегтярск,65-736-000-000,городской округ Дегтярск,городской округ,,1,,г Дегтярск,data-20180110-structure-20150128.csv,2018,9999,2007,,,66,Свердловская область,56.698340999999999,60.086807
Режевской,65-720-000-000,городской округ Режевской,городской округ,,1,,г Реж,data-20180110-structure-20150128.csv,2018,9999,2008,,,66,Свердловская область,57.370646999999998,61.404286499999998
Североуральский,65-755-000-000,городской округ Североуральский,городской округ,,1,,г Североуральск,data-20180110-structure-20150128.csv,2018,9999,2009,,,66,Свердловская область,60.15016,59.960517000000003
Серовский,65-756-000-000,городской округ Серовский,городской округ,,1,,г Серов,data-20180110-structure-20150128.csv,2018,9999,2010,,,66,Свердловская область,59.6051267,60.573348299999999
Сухой Лог,65-758-000-000,городской округ Сухой Лог,городской округ,,1,,г Сухой Лог,data-20180110-structure-20150128.csv,2018,9999,2011,,,66,Свердловская область,56.904738899999998,62.035023299999999
Тавдинский,65-723-000-000,городской округ Тавдинский,городской округ,,1,,г Тавда,data-20180110-structure-20150128.csv,2018,9999,2012,,,66,Свердловская область,58.041374300000001,65.271998600000003
Свободный,65-765-000-000,городской округ ЗАТО Свободный,городской округ,ЗАТО,1,,рп Свободный,data-20180110-structure-20150128.csv,2018,9999,2013,,,66,Свердловская область,58.0515866,60.405312373181843
Уральский,65-767-000-000,городской округ поселок Уральский,городской округ,ЗАТО,1,,п Уральский,data-20180110-structure-20150128.csv,2018,9999,2014,,,66,Свердловская область,56.674281999999998,61.080584999999999
Алапаевское,65-771-000-000,городской округ Алапаевское,городской округ,,3,65-728-000-000,г Алапаевск,data-20200110-structure-20150128.csv,2018,9999,2015,,,66,Свердловская область,57.850811,61.695
Махнёвское,65-769-000-000,городской округ Махнёвское,городской округ,,1,,пгт Махнёво,data-20180110-structure-20150128.csv,2018,9999,2016,,,66,Свердловская область,58.447056000000003,61.707622999999998
Артинский,65-704-000-000,городской округ Артинский,городской округ,,1,,рп Арти,data-20180110-structure-20150128.csv,2018,9999,2017,,,66,Свердловская область,56.425570299999997,58.532690600000002
Ачитский,65-705-000-000,городской округ Ачитский,городской округ,,1,,рп Ачит,data-20180110-structure-20150128.csv,2018,9999,2018,,,66,Свердловская область,56.801307999999999,57.898392000000001
Белоярский,65-706-000-000,городской округ Белоярский,городской округ,,1,,рп Белоярский,data-20180110-structure-20150128.csv,2018,9999,2019,,,66,Свердловская область,56.761642000000002,61.414256999999999
Верхнее Дуброво,65-760-000-000,городской округ Верхнее Дуброво,городской округ,,1,,рп Верхнее Дуброво,data-20180110-structure-20150128.csv,2018,9999,2020,,,66,Свердловская область,56.754982200000001,61.043128000000003
Верхотурский,65-709-000-000,городской округ Верхотурский,городской округ,,1,,г Верхотурье,data-20180110-structure-20150128.csv,2018,9999,2021,,,66,Свердловская область,58.861702000000001,60.809337999999997
Гаринский,65-710-000-000,городской округ Гаринский,городской округ,,1,,рп Гари,data-20180110-structure-20150128.csv,2018,9999,2022,,,66,Свердловская область,59.427441000000002,62.352469999999997
Ирбитское,65-711-000-000,городской округ Ирбитское,городской округ,,3,65-739-000-000,г Ирбит,data-20200110-structure-20150128.csv,2018,9999,2023,,,66,Свердловская область,57.674042,63.063777999999999
Каменский,65-712-000-000,городской округ Каменский,городской округ,,3,65-740-000-000,г Каменск-Уральский,data-20200110-structure-20150128.csv,2018,9999,2024,,,66,Свердловская область,56.415450999999997,61.917797
Красноуфимский,65-713-000-000,городской округ Красноуфимский округ,городской округ,,3,65-747-000-000,г Красноуфимск,data-20200110-structure-20150128.csv,2018,9999,2025,,,66,Свердловская область,56.618073500000001,57.771345199999999
Верх-Нейвинский,65-761-000-000,городской округ Верх-Нейвинский,городской округ,,1,,рп Верх-Нейвинский,data-20180110-structure-20150128.csv,2018,9999,2026,,,66,Свердловская область,57.265636100000002,60.131616000000001
Бисертский,65-759-000-000,городской округ Бисертский,городской округ,,1,,рп Бисерть,data-20180110-structure-20150128.csv,2018,9999,2027,,,66,Свердловская область,56.8518027,59.053037500000002
Новолялинский,65-716-000-000,городской округ Новолялинский,городской округ,,1,,г Новая Ляля,data-20180110-structure-20150128.csv,2018,9999,2028,,,66,Свердловская область,59.052734000000001,60.595973999999998
Горноуральский,65-717-000-000,городской округ Горноуральский,городской округ,,3,65-751-000-000,г Нижний Тагил,data-20200110-structure-20150128.csv,2018,9999,2029,,,66,Свердловская область,57.905149000000002,59.950846599999998
Пышминский,65-718-000-000,городской округ Пышминский,городской округ,,1,,рп Пышма,data-20180110-structure-20150128.csv,2018,9999,2030,,,66,Свердловская область,56.950695000000003,63.246532000000002
Сосьвинский,65-721-000-000,городской округ Сосьвинский,городской округ,,1,,рп Сосьва,data-20180110-structure-20150128.csv,2018,9999,2031,,,66,Свердловская область,59.173889000000003,61.861935000000003
Сысертский,65-722-000-000,городской округ Сысертский,городской округ,,1,,г Сысерть,data-20180110-structure-20150128.csv,2018,9999,2032,,,66,Свердловская область,56.503017499999999,60.809321500000003
Арамильский,65-729-000-000,городской округ Арамильский,городской округ,,1,,г Арамиль,data-20180110-structure-20150128.csv,2018,9999,2033,,,66,Свердловская область,56.696291700000003,60.833097600000002
Талицкий,65-724-000-000,городской округ Талицкий,городской округ,,1,,г Талица,data-20180110-structure-20150128.csv,2018,9999,2034,,,66,Свердловская область,57.014816000000003,63.730243999999999
Тугулымский,65-725-000-000,городской округ Тугулымский,городской округ,,1,,рп Тугулым,data-20180110-structure-20150128.csv,2018,9999,2035,,,66,Свердловская область,57.058999999999997,64.640600000000006
Туринский,65-726-000-000,городской округ Туринский,городской округ,,1,,г Туринск,data-20180110-structure-20150128.csv,2018,9999,2036,,,66,Свердловская область,58.052548700000003,63.690878699999999
Шалинский,65-727-000-000,городской округ Шалинский,городской округ,,1,,рп Шаля,data-20180110-structure-20150128.csv,2018,9999,2037,,,66,Свердловская область,57.246190800000001,58.729230600000001
Староуткинск,65-766-000-000,городской округ Староуткинск,городской округ,,1,,рп Староуткинск,data-20180110-structure-20150128.csv,2018,9999,2038,,,66,Свердловская область,57.228192100000001,59.323427600000002
Байкаловский,65-608-000-000,Байкаловский муниципальный район,муниципальный район,,1,,с Байкалово,data-20180110-structure-20150128.csv,2018,9999,2039,,,66,Свердловская область,57.393711000000003,63.764805000000003
Камышловский,65-623-000-000,Камышловский муниципальный район,муниципальный район,,3,65-741-000-000,г Камышлов,data-20180110-structure-20150128.csv,2018,9999,2040,,,66,Свердловская область,56.848435600000002,62.718795209310471
Слободо-Туринский,65-639-000-000,Слободо-Туринский муниципальный район,муниципальный район,,1,,с Туринская Слобода,data-20180110-structure-20150128.csv,2018,9999,2041,,,66,Свердловская область,57.61797,64.384917999999999
Нижнесергинский,65-628-000-000,Нижнесергинский муниципальный район,муниципальный район,,1,,г Нижние Серги,data-20180110-structure-20150128.csv,2018,9999,2042,,,66,Свердловская область,56.661900000000003,59.30003
Таборинский,65-645-000-000,Таборинский муниципальный район,муниципальный район,,1,,с Таборы,data-20180110-structure-20150128.csv,2018,9999,2043,,,66,Свердловская область,58.519667800000001,64.556611099999998
Смоленск,66-701-000-000,городской округ город Смоленск,городской округ,административный_центр_субъекта,2,66-644-000-000,г Смоленск,data-20180110-structure-20150128.csv,2018,9999,2044,,,67,Смоленская область,54.781405700000001,32.046126100000002
Десногорск,66-710-000-000,городской округ город Десногорск,городской округ,,1,,г Десногорск,data-20180110-structure-20150128.csv,2018,9999,2045,,,67,Смоленская область,54.1516661,33.288102799999997
Велижский,66-603-000-000,Велижский муниципальный район,муниципальный район,,1,,г Велиж,data-20180110-structure-20150128.csv,2018,9999,2046,,,67,Смоленская область,55.604522299999999,31.194997600000001
Вяземский,66-605-000-000,Вяземский муниципальный район,муниципальный район,,1,,г Вязьма,data-20180110-structure-20150128.csv,2018,9999,2047,,,67,Смоленская область,55.183521499999998,34.338166736070377
Гагаринский,66-608-000-000,Гагаринский муниципальный район,муниципальный район,,1,,г Гагарин,data-20180110-structure-20150128.csv,2018,9999,2048,,,67,Смоленская область,55.553386549999999,34.990513154826061
Глинковский,66-609-000-000,Глинковский муниципальный район,муниципальный район,,1,,с Глинка,data-20180110-structure-20150128.csv,2018,9999,2049,,,67,Смоленская область,54.6425664,32.872927300000001
Демидовский,66-611-000-000,Демидовский муниципальный район,муниципальный район,,1,,г Демидов,data-20180110-structure-20150128.csv,2018,9999,2050,,,67,Смоленская область,55.264377799999998,31.517832599999998
Дорогобужский,66-614-000-000,Дорогобужский муниципальный район,муниципальный район,,1,,г Дорогобуж,data-20180110-structure-20150128.csv,2018,9999,2051,,,67,Смоленская область,54.914823599999998,33.298905099999999
Духовщинский,66-616-000-000,Духовщинский муниципальный район,муниципальный район,,1,,г Духовщина,data-20180110-structure-20150128.csv,2018,9999,2052,,,67,Смоленская область,55.1907803,32.406043400000001
Ельнинский,66-619-000-000,Ельнинский муниципальный район,муниципальный район,,1,,г Ельня,data-20180110-structure-20150128.csv,2018,9999,2053,,,67,Смоленская область,54.576495399999999,33.189169800000002
Ершичский,66-621-000-000,Ершичский муниципальный район,муниципальный район,,1,,с Ершичи,data-20180110-structure-20150128.csv,2018,9999,2054,,,67,Смоленская область,53.673527,32.748249000000001
Кардымовский,66-623-000-000,Кардымовский муниципальный район,муниципальный район,,1,,пгт Кардымово,data-20180110-structure-20150128.csv,2018,9999,2055,,,67,Смоленская область,54.890066500000003,32.434189800605232
Краснинский,66-624-000-000,Краснинский муниципальный район,муниципальный район,,1,,пгт Красный,data-20180110-structure-20150128.csv,2018,9999,2056,,,67,Смоленская область,54.569439000000003,31.439449
Монастырщинский,66-627-000-000,Монастырщинский муниципальный район,муниципальный район,,1,,пгт Монастырщина,data-20180110-structure-20150128.csv,2018,9999,2057,,,67,Смоленская область,54.351581799999998,31.8364896
Новодугинский,66-630-000-000,Новодугинский муниципальный район,муниципальный район,,1,,с Новодугино,data-20180110-structure-20150128.csv,2018,9999,2058,,,67,Смоленская область,55.630032999999997,34.301032300000003
Починковский,66-633-000-000,Починковский муниципальный район,муниципальный район,,1,,г Починок,data-20180110-structure-20150128.csv,2018,9999,2059,,,67,Смоленская область,54.406392349999997,32.444064325199697
Рославльский,66-636-000-000,Рославльский муниципальный район,муниципальный район,,1,,г Рославль,data-20180110-structure-20150128.csv,2018,9999,2060,,,67,Смоленская область,53.944802799999998,32.847885731988526
Руднянский,66-638-000-000,Руднянский муниципальный район,муниципальный район,,1,,г Рудня,data-20180110-structure-20150128.csv,2018,9999,2061,,,67,Смоленская область,54.945701999999997,31.074255612186299
Сафоновский,66-641-000-000,Сафоновский муниципальный район,муниципальный район,,1,,г Сафоново,data-20180110-structure-20150128.csv,2018,9999,2062,,,67,Смоленская область,55.108427800000001,33.237651300000003
Смоленский,66-644-000-000,Смоленский муниципальный район,муниципальный район,,3,66-701-000-000,г Смоленск,data-20180110-structure-20150128.csv,2018,9999,2063,,,67,Смоленская область,54.781405700000001,32.046126100000002
Сычевский,66-646-000-000,Сычевский муниципальный район,муниципальный район,,1,,г Сычевка,data-20180110-structure-20150128.csv,2018,9999,2064,,,67,Смоленская область,55.826990799999997,34.2770455
Темкинский,66-648-000-000,Темкинский муниципальный район,муниципальный район,,1,,с Темкино,data-20180110-structure-20150128.csv,2018,9999,2065,,,67,Смоленская область,55.081425150000001,35.003333468364197
Угранский,66-650-000-000,Угранский муниципальный район,муниципальный район,,1,,с Угра,data-20180110-structure-20150128.csv,2018,9999,2066,,,67,Смоленская область,54.781304300000002,34.318555500000002
Хиславичский,66-652-000-000,Хиславичский муниципальный район,муниципальный район,,1,,пгт Хиславичи,data-20180110-structure-20150128.csv,2018,9999,2067,,,67,Смоленская область,54.185769999999998,32.1578503
Холм-Жирковский,66-654-000-000,Холм-Жирковский муниципальный район,муниципальный район,,1,,пгт Холм-Жирковский,data-20180110-structure-20150128.csv,2018,9999,2068,,,67,Смоленская область,55.513869999999997,33.488632000000003
Шумячский,66-656-000-000,Шумячский муниципальный район,муниципальный район,,1,,пгт Шумячи,data-20180110-structure-20150128.csv,2018,9999,2069,,,67,Смоленская область,53.8555499,32.425930700000002
Ярцевский,66-658-000-000,Ярцевский муниципальный район,муниципальный район,,1,,г Ярцево,data-20180110-structure-20150128.csv,2018,9999,2070,,,67,Смоленская область,55.066227900000001,32.688360899999999
Тамбов,68-701-000-000,городской округ город Тамбов,городской округ,административный_центр_субъекта,2,68-640-000-000;68-540-000-000,г Тамбов,data-20180110-structure-20150128.csv,2018,2023,2071,,transfer_8,68,Тамбовская область,52.731118499999987,41.434199146086897
Кирсанов,68-705-000-000,городской округ город Кирсанов,городской округ,,2,68-610-000-000;68-510-000-000,г Кирсанов,data-20180110-structure-20150128.csv,2018,9999,2072,,,68,Тамбовская область,52.650923400000003,42.730153444216732
Котовск,68-710-000-000,городской округ город Котовск,городской округ,,1,,г Котовск,data-20180110-structure-20150128.csv,2018,9999,2073,,,68,Тамбовская область,52.593326750000003,41.513070944860829
Мичуринск,68-715-000-000,городской округ город Мичуринск,городской округ,,2,68-612-000-000;68-512-000-000,г Мичуринск,data-20180110-structure-20150128.csv,2018,9999,2074,,,68,Тамбовская область,52.89899355,40.483265772681733
Моршанск,68-720-000-000,городской округ город Моршанск,городской округ,,2,68-616-000-000;68-516-000-000,г Моршанск,data-20180110-structure-20150128.csv,2018,9999,2075,,,68,Тамбовская область,53.442799999999998,41.813000000000002
Рассказово,68-725-000-000,городской округ город Рассказово,городской округ,,2,68-628-000-000;68-528-000-000,г Рассказово,data-20180110-structure-20150128.csv,2018,9999,2076,,,68,Тамбовская область,52.665788399999997,41.894698906069841
Уварово,68-730-000-000,городской округ город Уварово,городской округ,,2,68-644-000-000;68-544-000-000,г Уварово,data-20180110-structure-20150128.csv,2018,9999,2077,,,68,Тамбовская область,51.9807749,42.265422534423621
Бондарский,68-602-000-000,Бондарский муниципальный район,муниципальный район,,1,,с Бондари,data-20180110-structure-20150128.csv,2018,2024,2078,,,68,Тамбовская область,52.950284099999998,42.066362900000001
Гавриловский,68-603-000-000,Гавриловский муниципальный район,муниципальный район,,1,,с Гавриловка 2-я,data-20180110-structure-20150128.csv,2018,2024,2079,,,68,Тамбовская область,52.876944000000002,42.770992
Жердевский,68-604-000-000,Жердевский муниципальный район,муниципальный район,,1,,г Жердевка,data-20180110-structure-20150128.csv,2018,2024,2080,,,68,Тамбовская область,51.843933,41.470367000000003
Знаменский,68-606-000-000,Знаменский муниципальный район,муниципальный район,,1,,рп Знаменка,data-20180110-structure-20150128.csv,2018,2024,2081,,,68,Тамбовская область,52.411142699999999,41.443294700000003
Инжавинский,68-608-000-000,Инжавинский муниципальный район,муниципальный район,,1,,рп Инжавино,data-20180110-structure-20150128.csv,2018,2024,2082,,,68,Тамбовская область,52.318369599999997,42.495393900000003
Кирсановский,68-610-000-000,Кирсановский муниципальный район,муниципальный район,,3,68-705-000-000,г Кирсанов,data-20180110-structure-20150128.csv,2018,2024,2083,,,68,Тамбовская область,52.650923400000003,42.730153444216732
Мичуринский,68-612-000-000,Мичуринский муниципальный район,муниципальный район,,3,68-715-000-000,г Мичуринск,data-20180110-structure-20150128.csv,2018,2024,2084,,,68,Тамбовская область,52.89899355,40.483265772681733
Мордовский,68-614-000-000,Мордовский муниципальный район,муниципальный район,,1,,рп Мордово,data-20180110-structure-20150128.csv,2018,2024,2085,,,68,Тамбовская область,52.089058000000001,40.762287000000001
Моршанский,68-616-000-000,Моршанский муниципальный район,муниципальный район,,3,68-720-000-000,г Моршанск,data-20180110-structure-20150128.csv,2018,2024,2086,,,68,Тамбовская область,53.442799999999998,41.813000000000002
Мучкапский,68-618-000-000,Мучкапский муниципальный район,муниципальный район,,1,,рп Мучкапский,data-20180110-structure-20150128.csv,2018,2024,2087,,,68,Тамбовская область,51.847319900000002,42.469910599999999
Никифоровский,68-620-000-000,Никифоровский муниципальный район,муниципальный район,,1,,рп Дмитриевка,data-20180110-structure-20150128.csv,2018,2024,2088,,,68,Тамбовская область,52.878520899999998,40.792877099999998
Первомайский,68-622-000-000,Первомайский муниципальный район,муниципальный район,,1,,рп Первомайский,data-20180110-structure-20150128.csv,2018,2024,2089,,,68,Тамбовская область,53.244999,40.285099000000002
Петровский,68-624-000-000,Петровский муниципальный район,муниципальный район,,1,,с Петровское,data-20180110-structure-20150128.csv,2018,2024,2090,,,68,Тамбовская область,52.633201999999997,40.260300000000001
Пичаевский,68-626-000-000,Пичаевский муниципальный район,муниципальный район,,1,,с Пичаево,data-20180110-structure-20150128.csv,2018,2024,2091,,,68,Тамбовская область,53.234220899999997,42.203684099999997
Рассказовский,68-628-000-000,Рассказовский муниципальный район,муниципальный район,,3,68-725-000-000,г Рассказово,data-20180110-structure-20150128.csv,2018,2024,2092,,,68,Тамбовская область,52.665788399999997,41.894698906069841
Ржаксинский,68-630-000-000,Ржаксинский муниципальный район,муниципальный район,,1,,рп Ржакса,data-20180110-structure-20150128.csv,2018,2024,2093,,,68,Тамбовская область,52.220480899999998,42.1090698
Сампурский,68-632-000-000,Сампурский муниципальный район,муниципальный район,,1,,п Сатинка,data-20180110-structure-20150128.csv,2018,2024,2094,,,68,Тамбовская область,52.377113000000001,41.673679
Сосновский,68-634-000-000,Сосновский муниципальный район,муниципальный район,,1,,рп Сосновка,data-20180110-structure-20150128.csv,2018,2024,2095,,,68,Тамбовская область,53.232201000000003,41.369202000000001
Староюрьевский,68-636-000-000,Староюрьевский муниципальный район,муниципальный район,,1,,с Староюрьево,data-20180110-structure-20150128.csv,2018,2024,2096,,,68,Тамбовская область,53.322711099999999,40.699218799999997
Тамбовский,68-640-000-000,Тамбовский муниципальный район,муниципальный район,,3,68-701-000-000,г Тамбов,data-20180110-structure-20150128.csv,2018,2023,2097,,transfer_8,68,Тамбовская область,52.731118499999987,41.434199146086897
Токарёвский,68-642-000-000,Токарёвский муниципальный район,муниципальный район,,1,,рп Токарёвка,data-20180110-structure-20150128.csv,2018,2024,2098,,,68,Тамбовская область,51.993899999999996,41.161799999999999
Уваровский,68-644-000-000,Уваровский муниципальный район,муниципальный район,,3,68-730-000-000,г Уварово,data-20180110-structure-20150128.csv,2018,2024,2099,,,68,Тамбовская область,51.9807749,42.265422534423621
Умётский,68-646-000-000,Умётский муниципальный район,муниципальный район,,1,,рп Умёт,data-20180110-structure-20150128.csv,2018,2024,2100,,,68,Тамбовская область,52.560271999999998,42.968578000000001
Тверь,28-701-000-000,городской округ город Тверь,городской округ,административный_центр_субъекта,2,28-620-000-000;28-520-000-000,г Тверь,data-20180110-structure-20150128.csv,2018,9999,2101,,,69,Тверская область,56.858674999999998,35.920828399999998
Вышний Волочек,28-714-000-000,городской округ город Вышний Волочек,городской округ,,2,28-612-000-000,г Вышний Волочек,data-20180110-structure-20150128.csv,2018,2020,2102,,union_9,69,Тверская область,57.588364800000001,34.572073199999998
Кимры,28-726-000-000,городской округ город Кимры,городской округ,,2,28-628-000-000,г Кимры,data-20180110-structure-20150128.csv,2018,2023,2103,,union_15,69,Тверская область,56.873439500000003,37.355696799999997
Озерный,28-753-000-000,городской округ ЗАТО Озерный,городской округ,ЗАТО,1,,п Озерный,data-20180110-structure-20150128.csv,2018,9999,2104,,,69,Тверская область,57.868053000000003,33.686656999999997
Осташковский,28-752-000-000,городской округ Осташковский,городской округ,,1,,г Осташков,data-20180110-structure-20150128.csv,2018,9999,2105,,,69,Тверская область,57.155758300000002,33.101321300000002
Ржев,28-745-000-000,городской округ город Ржев,городской округ,,2,28-648-000-000,г Ржев,data-20180110-structure-20150128.csv,2018,2023,2106,,union_16,69,Тверская область,56.256520700000003,34.328648999999999
Солнечный,28-756-000-000,городской округ ЗАТО Солнечный,городской округ,ЗАТО,1,,п Солнечный,data-20180110-structure-20150128.csv,2018,9999,2107,,,69,Тверская область,57.200950499999998,33.065060299999999
Торжок,28-750-000-000,городской округ город Торжок,городской округ,,2,28-654-000-000,г Торжок,data-20180110-structure-20150128.csv,2018,9999,2108,,,69,Тверская область,57.0501176,34.956417197931152
Удомельский,28-751-000-000,городской округ Удомельский,городской округ,,1,,г Удомля,data-20180110-structure-20150128.csv,2018,9999,2109,,,69,Тверская область,57.877997999999998,35.004199999999997
Андреапольский,28-602-000-000,Андреапольский муниципальный район,муниципальный район,,1,,г Андреаполь,data-20180110-structure-20150128.csv,2018,2020,2110,,,69,Тверская область,56.646801000000004,32.265320000000003
Бежецкий,28-604-000-000,Бежецкий муниципальный район,муниципальный район,,1,,г Бежецк,data-20180110-structure-20150128.csv,2018,2024,2111,,,69,Тверская область,57.781357,36.692534999999999
Бельский,28-606-000-000,Бельский муниципальный район,муниципальный район,,1,,г Белый,data-20180110-structure-20150128.csv,2018,2023,2112,,,69,Тверская область,55.833072999999999,32.939487
Бологовский,28-608-000-000,Бологовский муниципальный район,муниципальный район,,1,,г Бологое,data-20180110-structure-20150128.csv,2018,2024,2113,,,69,Тверская область,57.885204000000002,34.049602999999998
Весьегонский,28-610-000-000,Весьегонский муниципальный район,муниципальный район,,1,,г Весьегонск,data-20180110-structure-20150128.csv,2018,2020,2114,,,69,Тверская область,58.663726400000002,37.262649600000003
Вышневолоцкий,28-612-000-000,Вышневолоцкий муниципальный район,муниципальный район,,3,28-714-000-000,г Вышний Волочек,data-20180110-structure-20150128.csv,2018,2020,2115,,union_9,69,Тверская область,57.588364800000001,34.572073199999998
Жарковский,28-614-000-000,Жарковский муниципальный район,муниципальный район,,1,,пгт Жарковский,data-20180110-structure-20150128.csv,2018,2023,2116,,,69,Тверская область,55.847944900000002,32.262696900000002
Западнодвинский,28-616-000-000,Западнодвинский муниципальный район,муниципальный район,,1,,г Западная Двина,data-20180110-structure-20150128.csv,2018,2021,2117,,,69,Тверская область,56.258828700000002,32.070712200000003
Зубцовский,28-618-000-000,Зубцовский муниципальный район,муниципальный район,,1,,г Зубцов,data-20180110-structure-20150128.csv,2018,2023,2118,,,69,Тверская область,56.170071,34.585182000000003
Калининский,28-620-000-000,Калининский муниципальный район,муниципальный район,,3,28-701-000-000,г Тверь,data-20180110-structure-20150128.csv,2018,2024,2119,,,69,Тверская область,56.858674999999998,35.920828399999998
Калязинский,28-622-000-000,Калязинский муниципальный район,муниципальный район,,1,,г Калязин,data-20180110-structure-20150128.csv,2018,2024,2120,,,69,Тверская область,57.240020600000001,37.840488299999997
Кашинский,28-624-000-000,Кашинский муниципальный район,муниципальный район,,1,,г Кашин,data-20180110-structure-20150128.csv,2018,2019,2121,,,69,Тверская область,57.361755000000002,37.611454000000002
Кесовогорский,28-626-000-000,Кесовогорский муниципальный район,муниципальный район,,1,,пгт Кесова Гора,data-20180110-structure-20150128.csv,2018,2023,2122,,,69,Тверская область,57.579341999999997,37.295616000000003
Кимрский,28-628-000-000,Кимрский муниципальный район,муниципальный район,,3,28-726-000-000,г Кимры,data-20180110-structure-20150128.csv,2018,2023,2123,,union_15,69,Тверская область,56.873439500000003,37.355696799999997
Конаковский,28-630-000-000,Конаковский муниципальный район,муниципальный район,,1,,г Конаково,data-20180110-structure-20150128.csv,2018,2024,2124,,,69,Тверская область,56.713157199999998,36.7775654
Краснохолмский,28-632-000-000,Краснохолмский муниципальный район,муниципальный район,,1,,г Красный Холм,data-20180110-structure-20150128.csv,2018,2021,2125,,,69,Тверская область,58.056507000000003,37.114730999999999
Кувшиновский,28-634-000-000,Кувшиновский муниципальный район,муниципальный район,,1,,г Кувшиново,data-20180110-structure-20150128.csv,2018,2024,2126,,,69,Тверская область,57.031465699999998,34.179663699999999
Лесной,28-636-000-000,Лесной муниципальный район,муниципальный район,,1,,с Лесное,data-20180110-structure-20150128.csv,2018,2021,2127,,,69,Тверская область,58.284644100000001,35.524845599999999
Лихославльский,28-638-000-000,Лихославльский муниципальный район,муниципальный район,,1,,г Лихославль,data-20180110-structure-20150128.csv,2018,2022,2128,,,69,Тверская область,57.1244437,35.466527599999999
Максатихинский,28-640-000-000,Максатихинский муниципальный район,муниципальный район,,1,,пгт Максатиха,data-20180110-structure-20150128.csv,2018,2023,2129,,,69,Тверская область,57.797325000000001,35.879040000000003
Молоковский,28-642-000-000,Молоковский муниципальный район,муниципальный район,,1,,пгт Молоково,data-20180110-structure-20150128.csv,2018,2022,2130,,,69,Тверская область,58.163025500000003,36.766113699999998
Нелидовский,28-643-000-000,Нелидовский муниципальный район,муниципальный район,,1,,г Нелидово,data-20180110-structure-20150128.csv,2018,2019,2131,,,69,Тверская область,56.226097000000003,32.771110999999998
Оленинский,28-644-000-000,Оленинский муниципальный район,муниципальный район,,1,,пгт Оленино,data-20180110-structure-20150128.csv,2018,2020,2132,,,69,Тверская область,56.208992000000002,33.480034000000003
Пеновский,28-646-000-000,Пеновский муниципальный район,муниципальный район,,1,,пгт Пено,data-20180110-structure-20150128.csv,2018,2021,2133,,,69,Тверская область,56.923789999999997,32.744605999999997
Рамешковский,28-647-000-000,Рамешковский муниципальный район,муниципальный район,,1,,пгт Рамешки,data-20180110-structure-20150128.csv,2018,2022,2134,,,69,Тверская область,57.345300100000003,36.0453999
Ржевский,28-648-000-000,Ржевский муниципальный район,муниципальный район,,3,28-745-000-000,г Ржев,data-20180110-structure-20150128.csv,2018,2023,2135,,union_16,69,Тверская область,56.256520700000003,34.328648999999999
Сандовский,28-649-000-000,Сандовский муниципальный район,муниципальный район,,1,,пгт Сандово,data-20180110-structure-20150128.csv,2018,2021,2136,,,69,Тверская область,58.461376000000001,36.411372999999998
Селижаровский,28-650-000-000,Селижаровский муниципальный район,муниципальный район,,1,,пгт Селижарово,data-20180110-structure-20150128.csv,2018,2021,2137,,,69,Тверская область,56.855632999999997,33.452286000000001
Сонковский,28-651-000-000,Сонковский муниципальный район,муниципальный район,,1,,пгт Сонково,data-20180110-structure-20150128.csv,2018,2023,2138,,,69,Тверская область,57.780932499999999,37.165399200000003
Спировский,28-652-000-000,Спировский муниципальный район,муниципальный район,,1,,пгт Спирово,data-20180110-structure-20150128.csv,2018,2022,2139,,,69,Тверская область,57.421531100000003,34.993278799999999
Старицкий,28-653-000-000,Старицкий муниципальный район,муниципальный район,,1,,г Старица,data-20180110-structure-20150128.csv,2018,2023,2140,,,69,Тверская область,56.508110500000001,34.931473799999999
Торжокский,28-654-000-000,Торжокский муниципальный район,муниципальный район,,3,28-750-000-000,г Торжок,data-20180110-structure-20150128.csv,2018,9999,2141,,,69,Тверская область,57.0501176,34.956417197931152
Торопецкий,28-655-000-000,Торопецкий муниципальный район,муниципальный район,,1,,г Торопец,data-20180110-structure-20150128.csv,2018,2024,2142,,,69,Тверская область,56.496479000000001,31.641076999999999
Фировский,28-657-000-000,Фировский муниципальный район,муниципальный район,,1,,пгт Фирово,data-20180110-structure-20150128.csv,2018,2024,2143,,,69,Тверская область,57.481045000000002,33.698059000000001
Томск,69-701-000-000,городской округ город Томск,городской округ,административный_центр_субъекта,2,69-654-000-000,г Томск,data-20180110-structure-20150128.csv,2018,9999,2144,,,70,Томская область,56.488752599999998,84.952343400000004
Кедровый,69-707-000-000,городской округ город Кедровый,городской округ,,1,,г Кедровый,data-20180110-structure-20150128.csv,2018,9999,2145,,,70,Томская область,57.561920000000001,79.570801000000003
Стрежевой,69-710-000-000,городской округ город Стрежевой,городской округ,,1,,г Стрежевой,data-20180110-structure-20150128.csv,2018,9999,2146,,,70,Томская область,60.732757999999997,77.600807000000003
Северск,69-741-000-000,городской округ ЗАТО Северск,городской округ,ЗАТО,1,,г Северск,data-20180110-structure-20150128.csv,2018,9999,2147,,,70,Томская область,56.603161,84.881011999999998
Александровский,69-604-000-000,Александровский муниципальный район,муниципальный район,,1,,с Александровское,data-20180110-structure-20150128.csv,2018,9999,2148,,,70,Томская область,60.431446000000001,77.865844999999993
Асиновский,69-608-000-000,Асиновский муниципальный район,муниципальный район,,1,,г Асино,data-20180110-structure-20150128.csv,2018,9999,2149,,,70,Томская область,56.999186999999999,86.141670000000005
Бакчарский,69-612-000-000,Бакчарский муниципальный район,муниципальный район,,1,,с Бакчар,data-20180110-structure-20150128.csv,2018,9999,2150,,,70,Томская область,57.020538000000002,82.066872000000004
Верхнекетский,69-616-000-000,Верхнекетский муниципальный район,муниципальный район,,1,,рп Белый Яр,data-20180110-structure-20150128.csv,2018,9999,2151,,,70,Томская область,58.447559800000001,85.038930699999995
Зырянский,69-620-000-000,Зырянский муниципальный район,муниципальный район,,1,,с Зырянское,data-20180110-structure-20150128.csv,2018,9999,2152,,,70,Томская область,56.834206000000002,86.621178
Каргасокский,69-624-000-000,Каргасокский муниципальный район,муниципальный район,,1,,с Каргасок,data-20180110-structure-20150128.csv,2018,9999,2153,,,70,Томская область,59.059805300000001,80.870871899999997
Кожевниковский,69-628-000-000,Кожевниковский муниципальный район,муниципальный район,,1,,с Кожевниково,data-20180110-structure-20150128.csv,2018,9999,2154,,,70,Томская область,56.2600069,83.975078100000005
Колпашевский,69-632-000-000,Колпашевский муниципальный район,муниципальный район,,1,,г Колпашево,data-20180110-structure-20150128.csv,2018,9999,2155,,,70,Томская область,58.313667000000002,82.903557000000006
Кривошеинский,69-636-000-000,Кривошеинский муниципальный район,муниципальный район,,1,,с Кривошеино,data-20180110-structure-20150128.csv,2018,9999,2156,,,70,Томская область,57.343741999999999,83.930153000000004
Молчановский,69-640-000-000,Молчановский муниципальный район,муниципальный район,,1,,с Молчаново,data-20180110-structure-20150128.csv,2018,9999,2157,,,70,Томская область,57.581014000000003,83.760588600000005
Парабельский,69-644-000-000,Парабельский муниципальный район,муниципальный район,,1,,с Парабель,data-20180110-structure-20150128.csv,2018,9999,2158,,,70,Томская область,58.5997257,80.944560199999998
Первомайский,69-648-000-000,Первомайский муниципальный район,муниципальный район,,1,,с Первомайское,data-20180110-structure-20150128.csv,2018,9999,2159,,,70,Томская область,57.070613999999999,86.226082000000005
Тегульдетский,69-652-000-000,Тегульдетский муниципальный район,муниципальный район,,1,,с Тегульдет,data-20180110-structure-20150128.csv,2018,9999,2160,,,70,Томская область,57.306404000000001,88.167168000000004
Томский,69-654-000-000,Томский муниципальный район,муниципальный район,,3,69-701-000-000,г Томск,data-20180110-structure-20150128.csv,2018,9999,2161,,,70,Томская область,56.488752599999998,84.952343400000004
Чаинский,69-656-000-000,Чаинский муниципальный район,муниципальный район,,1,,с Подгорное,data-20180110-structure-20150128.csv,2018,9999,2162,,,70,Томская область,57.7915323,82.644110600000005
Шегарский,69-658-000-000,Шегарский муниципальный район,муниципальный район,,1,,с Мельниково,data-20180110-structure-20150128.csv,2018,9999,2163,,,70,Томская область,56.554417000000001,84.090407999999996
Тула,70-701-000-000,городской округ город Тула,городской округ,административный_центр_субъекта,1,,г Тула,data-20180110-structure-20150128.csv,2018,9999,2164,,,71,Тульская область,54.193032100000003,37.617539999999998
Алексин,70-706-000-000,городской округ город Алексин,городской округ,,1,,г Алексин,data-20180110-structure-20150128.csv,2018,9999,2165,,,71,Тульская область,54.5028103,37.066721299999998
Новогуровский,70-702-000-000,городской округ рабочий поселок Новогуровский,городской округ,,1,,рп Новогуровский,data-20180110-structure-20150128.csv,2018,9999,2166,,,71,Тульская область,54.468174099999999,37.340178399999999
Донской,70-712-000-000,городской округ город Донской,городской округ,,1,,г Донской,data-20180110-structure-20150128.csv,2018,9999,2167,,,71,Тульская область,53.972934799999997,38.326391501772839
Ефремов,70-714-000-000,городской округ город Ефремов,городской округ,,1,,г Ефремов,data-20180110-structure-20150128.csv,2018,9999,2168,,,71,Тульская область,53.141834000000003,38.116188000000001
Новомосковск,70-724-000-000,городской округ город Новомосковск,городской округ,,1,,г Новомосковск,data-20180110-structure-20150128.csv,2018,9999,2169,,,71,Тульская область,54.011012999999998,38.290942999999999
Славный,70-730-000-000,городской округ Славный,городской округ,,1,,пгт Славный,data-20180110-structure-20150128.csv,2018,9999,2170,,,71,Тульская область,53.547667400000002,36.472999000000002
Арсеньевский,70-604-000-000,Арсеньевский муниципальный район,муниципальный район,,1,,рп Арсеньево,data-20180110-structure-20150128.csv,2018,9999,2171,,,71,Тульская область,53.735788399999997,36.662099699999999
Белевский,70-606-000-000,Белевский муниципальный район,муниципальный район,,1,,г Белев,data-20180110-structure-20150128.csv,2018,9999,2172,,,71,Тульская область,53.811798000000003,36.137000999999998
Богородицкий,70-608-000-000,Богородицкий муниципальный район,муниципальный район,,1,,г Богородицк,data-20180110-structure-20150128.csv,2018,9999,2173,,,71,Тульская область,53.773570999999997,38.126964999999998
Веневский,70-612-000-000,Веневский муниципальный район,муниципальный район,,1,,г Венев,data-20180110-structure-20150128.csv,2018,9999,2174,,,71,Тульская область,54.3504,38.265599999999999
Воловский,70-616-000-000,Воловский муниципальный район,муниципальный район,,1,,рп Волово,data-20180110-structure-20150128.csv,2018,9999,2175,,,71,Тульская область,53.5548,38.006
Дубенский,70-618-000-000,Дубенский муниципальный район,муниципальный район,,1,,рп Дубна,data-20180110-structure-20150128.csv,2018,9999,2176,,,71,Тульская область,54.152492500000001,36.959185599999998
Заокский,70-622-000-000,Заокский муниципальный район,муниципальный район,,1,,рп Заокский,data-20180110-structure-20150128.csv,2018,9999,2177,,,71,Тульская область,54.733173299999997,37.398978100000001
Каменский,70-624-000-000,Каменский муниципальный район,муниципальный район,,1,,с Архангельское,data-20180110-structure-20150128.csv,2018,9999,2178,,,71,Тульская область,53.2586327,37.695945199999997
Кимовский,70-626-000-000,Кимовский муниципальный район,муниципальный район,,1,,г Кимовск,data-20180110-structure-20150128.csv,2018,9999,2179,,,71,Тульская область,53.969900000000003,38.532699999999998
Киреевский,70-628-000-000,Киреевский муниципальный район,муниципальный район,,1,,г Киреевск,data-20180110-structure-20150128.csv,2018,9999,2180,,,71,Тульская область,53.926712000000002,37.929915999999999
Куркинский,70-630-000-000,Куркинский муниципальный район,муниципальный район,,1,,рп Куркино,data-20180110-structure-20150128.csv,2018,9999,2181,,,71,Тульская область,53.424752599999998,38.657120599999999
Одоевский,70-636-000-000,Одоевский муниципальный район,муниципальный район,,1,,рп Одоев,data-20180110-structure-20150128.csv,2018,9999,2182,,,71,Тульская область,53.936798000000003,36.687900999999997
Плавский,70-638-000-000,Плавский муниципальный район,муниципальный район,,1,,г Плавск,data-20180110-structure-20150128.csv,2018,9999,2183,,,71,Тульская область,53.706873199999997,37.2920333
Суворовский,70-640-000-000,Суворовский муниципальный район,муниципальный район,,1,,г Суворов,data-20180110-structure-20150128.csv,2018,9999,2184,,,71,Тульская область,54.12236,36.500027000000003
Тепло-Огаревский,70-642-000-000,Тепло-Огаревский муниципальный район,муниципальный район,,1,,рп Теплое,data-20180110-structure-20150128.csv,2018,9999,2185,,,71,Тульская область,53.623339600000001,37.5905627
Узловский,70-644-000-000,Узловский муниципальный район,муниципальный район,,1,,г Узловая,data-20180110-structure-20150128.csv,2018,9999,2186,,,71,Тульская область,53.978512000000002,38.160254999999999
Чернский,70-646-000-000,Чернский муниципальный район,муниципальный район,,1,,рп Чернь,data-20180110-structure-20150128.csv,2018,9999,2187,,,71,Тульская область,53.450927999999998,36.910102999999999
Щекинский,70-648-000-000,Щекинский муниципальный район,муниципальный район,,1,,г Щекино,data-20180110-structure-20150128.csv,2018,9999,2188,,,71,Тульская область,54.004465000000003,37.517907899999997
Ясногорский,70-650-000-000,Ясногорский муниципальный район,муниципальный район,,1,,г Ясногорск,data-20180110-structure-20150128.csv,2018,9999,2189,,,71,Тульская область,54.479270800000002,37.693328999999999
Тюмень,71-701-000-000,городской округ город Тюмень,городской округ,административный_центр_субъекта,2,71-644-000-000,г Тюмень,data-20180110-structure-20150128.csv,2018,9999,2190,,,72,Тюменская область,57.153534000000001,65.542274000000006
Заводоуковский,71-703-000-000,городской округ Заводоуковский,городской округ,,1,,г Заводоуковск,data-20180110-structure-20150128.csv,2018,9999,2191,,,72,Тюменская область,56.509293,66.539260999999996
Ишим,71-705-000-000,городской округ город Ишим,городской округ,,2,71-626-000-000,г Ишим,data-20180110-structure-20150128.csv,2018,9999,2192,,,72,Тюменская область,56.095377149999997,69.465927952410141
Тобольск,71-710-000-000,городской округ город Тобольск,городской округ,,2,71-642-000-000,г Тобольск,data-20180110-structure-20150128.csv,2018,9999,2193,,,72,Тюменская область,58.199804800000003,68.251292399999997
Ялуторовск,71-715-000-000,городской округ город Ялуторовск,городской округ,,2,71-656-000-000,г Ялуторовск,data-20180110-structure-20150128.csv,2018,9999,2194,,,72,Тюменская область,56.648974950000003,66.296884138323605
Абатский,71-603-000-000,Абатский муниципальный район,муниципальный район,,1,,с Абатское,data-20180110-structure-20150128.csv,2018,9999,2195,,,72,Тюменская область,56.289023999999998,70.453025999999994
Армизонский,71-605-000-000,Армизонский муниципальный район,муниципальный район,,1,,с Армизонское,data-20180110-structure-20150128.csv,2018,9999,2196,,,72,Тюменская область,55.945129000000001,67.685401999999996
Аромашевский,71-607-000-000,Аромашевский муниципальный район,муниципальный район,,1,,с Аромашево,data-20180110-structure-20150128.csv,2018,9999,2197,,,72,Тюменская область,56.865017000000002,68.647346799999994
Бердюжский,71-610-000-000,Бердюжский муниципальный район,муниципальный район,,1,,с Бердюжье,data-20180110-structure-20150128.csv,2018,9999,2198,,,72,Тюменская область,55.805537999999999,68.308907000000005
Вагайский,71-613-000-000,Вагайский муниципальный район,муниципальный район,,1,,с Вагай,data-20180110-structure-20150128.csv,2018,9999,2199,,,72,Тюменская область,57.935222400000001,69.012586400000004
Викуловский,71-615-000-000,Викуловский муниципальный район,муниципальный район,,1,,с Викулово,data-20180110-structure-20150128.csv,2018,9999,2200,,,72,Тюменская область,56.815154999999997,70.605362
Голышмановский,71-618-000-000,Голышмановский муниципальный район,муниципальный район,,1,,рп Голышманово,data-20180110-structure-20150128.csv,2018,2020,2201,,,72,Тюменская область,56.395499999999998,68.375
Исетский,71-624-000-000,Исетский муниципальный район,муниципальный район,,1,,с Исетское,data-20180110-structure-20150128.csv,2018,9999,2202,,,72,Тюменская область,56.475377000000002,65.328683799999993
Ишимский,71-626-000-000,Ишимский муниципальный район,муниципальный район,,3,71-705-000-000,г Ишим,data-20180110-structure-20150128.csv,2018,9999,2203,,,72,Тюменская область,56.095377149999997,69.465927952410141
Казанский,71-630-000-000,Казанский муниципальный район,муниципальный район,,1,,с Казанское,data-20180110-structure-20150128.csv,2018,9999,2204,,,72,Тюменская область,55.643437800000001,69.241926500000005
Нижнетавдинский,71-632-000-000,Нижнетавдинский муниципальный район,муниципальный район,,1,,с Нижняя Тавда,data-20180110-structure-20150128.csv,2018,9999,2205,,,72,Тюменская область,57.665194999999997,66.172325000000001
Омутинский,71-634-000-000,Омутинский муниципальный район,муниципальный район,,1,,с Омутинское,data-20180110-structure-20150128.csv,2018,9999,2206,,,72,Тюменская область,56.476646000000002,67.663939999999997
Сладковский,71-636-000-000,Сладковский муниципальный район,муниципальный район,,1,,с Сладково,data-20180110-structure-20150128.csv,2018,9999,2207,,,72,Тюменская область,55.528728000000001,70.346999999999994
Сорокинский,71-638-000-000,Сорокинский муниципальный район,муниципальный район,,1,,с Большое Сорокино,data-20180110-structure-20150128.csv,2018,9999,2208,,,72,Тюменская область,56.629575899999999,69.8076705
Тобольский,71-642-000-000,Тобольский муниципальный район,муниципальный район,,3,71-710-000-000,г Тобольск,data-20180110-structure-20150128.csv,2018,9999,2209,,,72,Тюменская область,58.199804800000003,68.251292399999997
Тюменский,71-644-000-000,Тюменский муниципальный район,муниципальный район,,3,71-701-000-000,г Тюмень,data-20180110-structure-20150128.csv,2018,9999,2210,,,72,Тюменская область,57.153534000000001,65.542274000000006
Уватский,71-648-000-000,Уватский муниципальный район,муниципальный район,,1,,с Уват,data-20180110-structure-20150128.csv,2018,9999,2211,,,72,Тюменская область,59.142882200000003,68.896172399999998
Упоровский,71-650-000-000,Упоровский муниципальный район,муниципальный район,,1,,с Упорово,data-20180110-structure-20150128.csv,2018,9999,2212,,,72,Тюменская область,56.312378000000002,66.267189000000002
Юргинский,71-653-000-000,Юргинский муниципальный район,муниципальный район,,1,,с Юргинское,data-20180110-structure-20150128.csv,2018,9999,2213,,,72,Тюменская область,56.818595999999999,67.392548000000005
Ялуторовский,71-656-000-000,Ялуторовский муниципальный район,муниципальный район,,3,71-715-000-000,г Ялуторовск,data-20180110-structure-20150128.csv,2018,9999,2214,,,72,Тюменская область,56.648974950000003,66.296884138323605
Ярковский,71-658-000-000,Ярковский муниципальный район,муниципальный район,,1,,с Ярково,data-20180110-structure-20150128.csv,2018,9999,2215,,,72,Тюменская область,57.405594000000001,67.071770000000001
Ханты-Мансийск,71-871-000-000,городской округ город Ханты-Мансийск,городской округ,административный_центр_субъекта,2,71-829-000-000,г Ханты-Мансийск,data-20180110-structure-20150128.csv,2018,9999,2216,,,86,Ханты-Мансийский автономный округ — Югра,61.003444799999997,69.019000599999998
Когалым,71-883-000-000,городской округ город Когалым,городской округ,,1,,г Когалым,data-20180110-structure-20150128.csv,2018,9999,2217,,,86,Ханты-Мансийский автономный округ — Югра,62.267980000000001,74.488906799999995
Лангепас,71-872-000-000,городской округ город Лангепас,городской округ,,1,,г Лангепас,data-20180110-structure-20150128.csv,2018,9999,2218,,,86,Ханты-Мансийский автономный округ — Югра,61.251662049999993,75.178810420395962
Мегион,71-873-000-000,городской округ город Мегион,городской округ,,1,,г Мегион,data-20180110-structure-20150128.csv,2018,9999,2219,,,86,Ханты-Мансийский автономный округ — Югра,61.035404,76.108215000000001
Нефтеюганск,71-874-000-000,городской округ город Нефтеюганск,городской округ,,2,71-818-000-000,г Нефтеюганск,data-20180110-structure-20150128.csv,2018,9999,2220,,,86,Ханты-Мансийский автономный округ — Югра,61.096204299999997,72.611190835156805
Нижневартовск,71-875-000-000,городской округ город Нижневартовск,городской округ,,2,71-819-000-000,г Нижневартовск,data-20180110-structure-20150128.csv,2018,9999,2221,,,86,Ханты-Мансийский автономный округ — Югра,60.939186599999999,76.551178706836055
Нягань,71-879-000-000,городской округ город Нягань,городской округ,,1,,г Нягань,data-20180110-structure-20150128.csv,2018,9999,2222,,,86,Ханты-Мансийский автономный округ — Югра,62.1650621,65.454419663946084
Покачи,71-884-000-000,городской округ город Покачи,городской округ,,1,,г Покачи,data-20180110-structure-20150128.csv,2018,9999,2223,,,86,Ханты-Мансийский автономный округ — Югра,61.737689900000007,75.605094149159783
Пыть-Ях,71-885-000-000,городской округ город Пыть-Ях,городской округ,,1,,г Пыть-Ях,data-20180110-structure-20150128.csv,2018,9999,2224,,,86,Ханты-Мансийский автономный округ — Югра,60.709739900000002,72.858479624897356
Радужный,71-877-000-000,городской округ город Радужный,городской округ,,1,,г Радужный,data-20180110-structure-20150128.csv,2018,9999,2225,,,86,Ханты-Мансийский автономный округ — Югра,62.135314999999999,77.462615999999997
Сургут,71-876-000-000,городской округ город Сургут,городской округ,,2,71-826-000-000,г Сургут,data-20180110-structure-20150128.csv,2018,9999,2226,,,86,Ханты-Мансийский автономный округ — Югра,61.292234899999997,73.415836748015039
Урай,71-878-000-000,городской округ город Урай,городской округ,,1,,г Урай,data-20180110-structure-20150128.csv,2018,9999,2227,,,86,Ханты-Мансийский автономный округ — Югра,60.119257900000001,64.759999685695902
Югорск,71-887-000-000,городской округ город Югорск,городской округ,,1,,г Югорск,data-20180110-structure-20150128.csv,2018,9999,2228,,,86,Ханты-Мансийский автономный округ — Югра,61.315917399999996,63.334478588451198
Белоярский,71-811-000-000,Белоярский муниципальный район,муниципальный район,,1,,г Белоярский,data-20180110-structure-20150128.csv,2018,9999,2229,,,86,Ханты-Мансийский автономный округ — Югра,63.681580650000001,66.756177389967689
Березовский,71-812-000-000,Березовский муниципальный район,муниципальный район,,1,,пгт Березово,data-20180110-structure-20150128.csv,2018,9999,2230,,,86,Ханты-Мансийский автономный округ — Югра,63.935245999999999,65.053566000000004
Кондинский,71-816-000-000,Кондинский муниципальный район,муниципальный район,,1,,пгт Междуреченский,data-20180110-structure-20150128.csv,2018,9999,2231,,,86,Ханты-Мансийский автономный округ — Югра,59.592486299999997,65.908510000000007
Нефтеюганский,71-818-000-000,Нефтеюганский муниципальный район,муниципальный район,,3,71-874-000-000,г Нефтеюганск,data-20180110-structure-20150128.csv,2018,9999,2232,,,86,Ханты-Мансийский автономный округ — Югра,61.096204299999997,72.611190835156805
Нижневартовский,71-819-000-000,Нижневартовский муниципальный район,муниципальный район,,3,71-875-000-000,г Нижневартовск,data-20180110-structure-20150128.csv,2018,9999,2233,,,86,Ханты-Мансийский автономный округ — Югра,60.939186599999999,76.551178706836055
Октябрьский,71-821-000-000,Октябрьский муниципальный район,муниципальный район,,1,,пгт Октябрьское,data-20180110-structure-20150128.csv,2018,9999,2234,,,86,Ханты-Мансийский автономный округ — Югра,62.459541000000002,66.045067000000003
Советский,71-824-000-000,Советский муниципальный район,муниципальный район,,1,,г Советский,data-20180110-structure-20150128.csv,2018,9999,2235,,,86,Ханты-Мансийский автономный округ — Югра,61.358028849999997,63.562188003508687
Сургутский,71-826-000-000,Сургутский муниципальный район,муниципальный район,,3,71-876-000-000,г Сургут,data-20180110-structure-20150128.csv,2018,9999,2236,,,86,Ханты-Мансийский автономный округ — Югра,61.292234899999997,73.415836748015039
Ханты-Мансийский,71-829-000-000,Ханты-Мансийский муниципальный район,муниципальный район,,3,71-871-000-000,г Ханты-Мансийск,data-20180110-structure-20150128.csv,2018,9999,2237,,,86,Ханты-Мансийский автономный округ — Югра,61.003444799999997,69.019000599999998
Салехард,71-951-000-000,городской округ город Салехард,городской округ,административный_центр_субъекта,1,,г Салехард,data-20180110-structure-20150128.csv,2018,9999,2238,,,89,Ямало-Ненецкий автономный округ,66.349535950000003,66.633474153444382
Губкинский,71-952-000-000,городской округ город Губкинский,городской округ,,1,,г Губкинский,data-20180110-structure-20150128.csv,2018,2022,2239,,transfer_6,89,Ямало-Ненецкий автономный округ,64.433782399999998,76.489808600000003
Лабытнанги,71-953-000-000,городской округ город Лабытнанги,городской округ,,1,,г Лабытнанги,data-20180110-structure-20150128.csv,2018,2022,2240,,transfer_5,89,Ямало-Ненецкий автономный округ,66.688883500000003,66.434716143569403
Муравленко,71-955-000-000,городской округ город Муравленко,городской округ,,1,,г Муравленко,data-20180110-structure-20150128.csv,2018,9999,2241,,,89,Ямало-Ненецкий автономный округ,63.794797699999997,74.496932200000003
Новый Уренгой,71-956-000-000,городской округ город Новый Уренгой,городской округ,,1,,г Новый Уренгой,data-20180110-structure-20150128.csv,2018,9999,2242,,,89,Ямало-Ненецкий автономный округ,66.02896595,78.080978656206852
Ноябрьск,71-958-000-000,городской округ город Ноябрьск,городской округ,,1,,г Ноябрьск,data-20180110-structure-20150128.csv,2018,9999,2243,,,89,Ямало-Ненецкий автономный округ,63.119117799999998,75.346703512361671
Красноселькупский,71-913-000-000,Красноселькупский муниципальный район,муниципальный район,,1,,с Красноселькуп,data-20180110-structure-20150128.csv,2018,2022,2244,,,89,Ямало-Ненецкий автономный округ,65.704239000000001,82.458855
Надымский,71-916-000-000,Надымский муниципальный район,муниципальный район,,1,,г Надым,data-20180110-structure-20150128.csv,2018,2021,2245,,,89,Ямало-Ненецкий автономный округ,65.531999999999996,72.52
Приуральский,71-918-000-000,Приуральский муниципальный район,муниципальный район,,1,,с Аксарка,data-20180110-structure-20150128.csv,2018,2022,2246,,transfer_5,89,Ямало-Ненецкий автономный округ,66.558233200000004,67.805198700000005
Пуровский,71-920-000-000,Пуровский муниципальный район,муниципальный район,,1,,г Тарко-Сале,data-20180110-structure-20150128.csv,2018,2021,2247,,,89,Ямало-Ненецкий автономный округ,64.921999099999994,77.779459000000003
Тазовский,71-923-000-000,Тазовский муниципальный район,муниципальный район,,1,,п Тазовский,data-20180110-structure-20150128.csv,2018,2021,2248,,,89,Ямало-Ненецкий автономный округ,67.4735321,78.714920599999999
Шурышкарский,71-926-000-000,Шурышкарский муниципальный район,муниципальный район,,1,,с Мужи,data-20180110-structure-20150128.csv,2018,2023,2249,,,89,Ямало-Ненецкий автономный округ,65.400003999999996,64.701858400000006
Ямальский,71-928-000-000,Ямальский муниципальный район,муниципальный район,,1,,с Яр-Сале,data-20180110-structure-20150128.csv,2018,2022,2250,,,89,Ямало-Ненецкий автономный округ,66.865562999999995,70.836529999999996
Ульяновск,73-701-000-000,городской округ город Ульяновск,городской округ,административный_центр_субъекта,1,,г Ульяновск,data-20180110-structure-20150128.csv,2018,9999,2251,,,73,Ульяновская область,54.315027800000003,48.403373000000002
Димитровград,73-705-000-000,городской округ город Димитровград,городской округ,,2,73-622-000-000,г Димитровград,data-20180110-structure-20150128.csv,2018,9999,2252,,,73,Ульяновская область,54.218899499999999,49.603898200000003
Новоульяновск,73-715-000-000,городской округ город Новоульяновск,городской округ,,1,,г Новоульяновск,data-20180110-structure-20150128.csv,2018,9999,2253,,,73,Ульяновская область,54.150207299999998,48.385650800000001
Базарносызганский,73-602-000-000,Базарносызганский муниципальный район,муниципальный район,,1,,рп Базарный Сызган,data-20180110-structure-20150128.csv,2018,9999,2254,,,73,Ульяновская область,53.748267599999998,46.758481799999998
Барышский,73-604-000-000,Барышский муниципальный район,муниципальный район,,1,,г Барыш,data-20180110-structure-20150128.csv,2018,9999,2255,,,73,Ульяновская область,53.654075800000001,47.101373700000003
Вешкаймский,73-607-000-000,Вешкаймский муниципальный район,муниципальный район,,1,,рп Вешкайма,data-20180110-structure-20150128.csv,2018,9999,2256,,,73,Ульяновская область,54.048785899999999,47.123844200000001
Инзенский,73-610-000-000,Инзенский муниципальный район,муниципальный район,,1,,г Инза,data-20180110-structure-20150128.csv,2018,9999,2257,,,73,Ульяновская область,53.857940200000002,46.357323600000001
Карсунский,73-614-000-000,Карсунский муниципальный район,муниципальный район,,1,,рп Карсун,data-20180110-structure-20150128.csv,2018,9999,2258,,,73,Ульяновская область,54.197055300000002,46.979344900000001
Кузоватовский,73-616-000-000,Кузоватовский муниципальный район,муниципальный район,,1,,рп Кузоватово,data-20180110-structure-20150128.csv,2018,9999,2259,,,73,Ульяновская область,53.540799999999997,47.685000000000002
Майнский,73-620-000-000,Майнский муниципальный район,муниципальный район,,1,,рп Майна,data-20180110-structure-20150128.csv,2018,9999,2260,,,73,Ульяновская область,54.114051199999999,47.6264897
Мелекесский,73-622-000-000,Мелекесский муниципальный район,муниципальный район,,3,73-705-000-000,г Димитровград,data-20180110-structure-20150128.csv,2018,9999,2261,,,73,Ульяновская область,54.218899499999999,49.603898200000003
Николаевский,73-625-000-000,Николаевский муниципальный район,муниципальный район,,1,,рп Николаевка,data-20180110-structure-20150128.csv,2018,9999,2262,,,73,Ульяновская область,53.1311155,47.200365900000001
Новомалыклинский,73-627-000-000,Новомалыклинский муниципальный район,муниципальный район,,1,,с Новая Малыкла,data-20180110-structure-20150128.csv,2018,9999,2263,,,73,Ульяновская область,54.205065699999999,49.930843400000001
Новоспасский,73-629-000-000,Новоспасский муниципальный район,муниципальный район,,1,,рп Новоспасское,data-20180110-structure-20150128.csv,2018,9999,2264,,,73,Ульяновская область,53.149206200000002,47.7526084
Павловский,73-632-000-000,Павловский муниципальный район,муниципальный район,,1,,рп Павловка,data-20180110-structure-20150128.csv,2018,9999,2265,,,73,Ульяновская область,52.689489399999999,47.1398473
Радищевский,73-634-000-000,Радищевский муниципальный район,муниципальный район,,1,,рп Радищево,data-20180110-structure-20150128.csv,2018,9999,2266,,,73,Ульяновская область,52.852048500000002,47.870658499999998
Сенгилеевский,73-636-000-000,Сенгилеевский муниципальный район,муниципальный район,,1,,г Сенгилей,data-20180110-structure-20150128.csv,2018,9999,2267,,,73,Ульяновская область,53.9588733,48.787218199999998
Старокулаткинский,73-639-000-000,Старокулаткинский муниципальный район,муниципальный район,,1,,рп Старая Кулатка,data-20180110-structure-20150128.csv,2018,9999,2268,,,73,Ульяновская область,52.731379599999997,47.620704199999999
Старомайнский,73-642-000-000,Старомайнский муниципальный район,муниципальный район,,1,,рп Старая Майна,data-20180110-structure-20150128.csv,2018,9999,2269,,,73,Ульяновская область,54.607064299999998,48.925898799999999
Сурский,73-644-000-000,Сурский муниципальный район,муниципальный район,,1,,рп Сурское,data-20180110-structure-20150128.csv,2018,9999,2270,,,73,Ульяновская область,54.480041200000002,46.723442900000002
Тереньгульский,73-648-000-000,Тереньгульский муниципальный район,муниципальный район,,1,,рп Тереньга,data-20180110-structure-20150128.csv,2018,9999,2271,,,73,Ульяновская область,53.716112099999997,48.367122999999999
Ульяновский,73-652-000-000,Ульяновский муниципальный район,муниципальный район,,1,,рп Ишеевка,data-20180110-structure-20150128.csv,2018,9999,2272,,,73,Ульяновская область,54.426917600000003,48.274989900000001
Цильнинский,73-654-000-000,Цильнинский муниципальный район,муниципальный район,,1,,с Большое Нагаткино,data-20180110-structure-20150128.csv,2018,9999,2273,,,73,Ульяновская область,54.519563400000003,47.967855499999999
Чердаклинский,73-656-000-000,Чердаклинский муниципальный район,муниципальный район,,1,,рп Чердаклы,data-20180110-structure-20150128.csv,2018,9999,2274,,,73,Ульяновская область,54.360060500000003,48.848997900000001
Челябинский,75-701-000-000,городской округ Челябинский,городской округ,административный_центр_субъекта,1,,г Челябинск,data-20180110-structure-20150128.csv,2018,9999,2275,,,74,Челябинская область,55.159840799999998,61.402554700000003
Верхнеуфалейский,75-706-000-000,городской округ Верхнеуфалейский,городской округ,,1,,г Верхний Уфалей,data-20180110-structure-20150128.csv,2018,9999,2276,,,74,Челябинская область,56.052028999999997,60.226447999999998
Златоустовский,75-712-000-000,городской округ Златоустовский,городской округ,,1,,г Златоуст,data-20180110-structure-20150128.csv,2018,2023,2277,,transfer_9,74,Челябинская область,55.167421300000001,59.6792625
Карабашский,75-715-000-000,городской округ Карабашский,городской округ,,1,,г Карабаш,data-20180110-structure-20150128.csv,2018,9999,2278,,,74,Челябинская область,55.488568800000003,60.202878400000003
Копейский,75-728-000-000,городской округ Копейский,городской округ,,1,,г Копейск,data-20180110-structure-20150128.csv,2018,9999,2279,,,74,Челябинская область,55.113195099999999,61.621633199999998
Кыштымский,75-734-000-000,городской округ Кыштымский,городской округ,,1,,г Кыштым,data-20180110-structure-20150128.csv,2018,9999,2280,,,74,Челябинская область,55.7099215,60.5511275
Магнитогорский,75-738-000-000,городской округ Магнитогорский,городской округ,,1,,г Магнитогорск,data-20180110-structure-20150128.csv,2018,9999,2281,,,74,Челябинская область,53.424218400000001,58.983136000000002
Миасский,75-742-000-000,городской округ Миасский,городской округ,,1,,г Миасс,data-20180110-structure-20150128.csv,2018,9999,2282,,,74,Челябинская область,55.050568499999997,60.108712500000003
Озерский,75-743-000-000,городской округ Озерский,городской округ,ЗАТО,1,,г Озерск,data-20180110-structure-20150128.csv,2018,9999,2283,,,74,Челябинская область,55.760460000000002,60.705100999999999
Снежинский,75-746-000-000,городской округ Снежинский,городской округ,ЗАТО,1,,г Снежинск,data-20180110-structure-20150128.csv,2018,9999,2284,,,74,Челябинская область,56.087009000000002,60.732674000000003
Трехгорный,75-707-000-000,городской округ Трехгорный,городской округ,ЗАТО,1,,г Трехгорный,data-20180110-structure-20150128.csv,2018,9999,2285,,,74,Челябинская область,54.815126399999997,58.446627300000003
Троицкий,75-752-000-000,городской округ Троицкий,городской округ,,2,75-654-000-000,г Троицк,data-20180110-structure-20150128.csv,2018,9999,2286,,,74,Челябинская область,54.084772200000003,61.551404699999999
Усть-Катавский,75-755-000-000,городской округ Усть-Катавский,городской округ,,1,,г Усть-Катав,data-20180110-structure-20150128.csv,2018,9999,2287,,,74,Челябинская область,54.930799999999998,58.174840000000003
Чебаркульский,75-758-000-000,городской округ Чебаркульский,городской округ,,2,75-657-000-000,г Чебаркуль,data-20180110-structure-20150128.csv,2018,9999,2288,,,74,Челябинская область,54.977795,60.370089999999998
Южноуральский,75-764-000-000,городской округ Южноуральский,городской округ,,1,,г Южноуральск,data-20180110-structure-20150128.csv,2018,9999,2289,,,74,Челябинская область,54.442536400000002,61.268273100000002
Локомотивный,75-759-000-000,городской округ Локомотивный,городской округ,ЗАТО,1,,п Локомотивный,data-20180110-structure-20150128.csv,2018,9999,2290,,,74,Челябинская область,53.042560999999999,60.614516999999999
Агаповский,75-603-000-000,Агаповский муниципальный район,муниципальный район,,1,,с Агаповка,data-20180110-structure-20150128.csv,2018,9999,2291,,,74,Челябинская область,53.296947000000003,59.134914000000002
Аргаяшский,75-606-000-000,Аргаяшский муниципальный район,муниципальный район,,1,,с Аргаяш,data-20180110-structure-20150128.csv,2018,9999,2292,,,74,Челябинская область,55.490809300000002,60.877627799999999
Ашинский,75-609-000-000,Ашинский муниципальный район,муниципальный район,,1,,г Аша,data-20180110-structure-20150128.csv,2018,9999,2293,,,74,Челябинская область,54.990889600000003,57.278053100000001
Брединский,75-612-000-000,Брединский муниципальный район,муниципальный район,,1,,п Бреды,data-20180110-structure-20150128.csv,2018,9999,2294,,,74,Челябинская область,52.422397400000001,60.337255599999999
Варненский,75-614-000-000,Варненский муниципальный район,муниципальный район,,1,,с Варна,data-20180110-structure-20150128.csv,2018,9999,2295,,,74,Челябинская область,53.377825199999997,60.978358800000002
Верхнеуральский,75-617-000-000,Верхнеуральский муниципальный район,муниципальный район,,1,,г Верхнеуральск,data-20180110-structure-20150128.csv,2018,9999,2296,,,74,Челябинская область,53.875339199999999,59.219759199999999
Еманжелинский,75-619-000-000,Еманжелинский муниципальный район,муниципальный район,,1,,г Еманжелинск,data-20180110-structure-20150128.csv,2018,9999,2297,,,74,Челябинская область,54.759121,61.313198
Еткульский,75-620-000-000,Еткульский муниципальный район,муниципальный район,,1,,с Еткуль,data-20180110-structure-20150128.csv,2018,9999,2298,,,74,Челябинская область,54.828304000000003,61.592036999999998
Карталинский,75-623-000-000,Карталинский муниципальный район,муниципальный район,,1,,г Карталы,data-20180110-structure-20150128.csv,2018,9999,2299,,,74,Челябинская область,53.053260999999999,60.639172000000002
Каслинский,75-626-000-000,Каслинский муниципальный район,муниципальный район,,1,,г Касли,data-20180110-structure-20150128.csv,2018,9999,2300,,,74,Челябинская область,55.890419299999998,60.7538518
Катав-Ивановский,75-629-000-000,Катав-Ивановский муниципальный район,муниципальный район,,1,,г Катав-Ивановск,data-20180110-structure-20150128.csv,2018,9999,2301,,,74,Челябинская область,54.753478999999999,58.205784000000001
Кизильский,75-632-000-000,Кизильский муниципальный район,муниципальный район,,1,,с Кизильское,data-20180110-structure-20150128.csv,2018,9999,2302,,,74,Челябинская область,52.725540000000002,58.893695999999998
Коркинский,75-633-000-000,Коркинский муниципальный район,муниципальный район,,1,,г Коркино,data-20180110-structure-20150128.csv,2018,2023,2303,,,74,Челябинская область,54.889923000000003,61.407963000000002
Красноармейский,75-634-000-000,Красноармейский муниципальный район,муниципальный район,,1,,с Миасское,data-20180110-structure-20150128.csv,2018,9999,2304,,,74,Челябинская область,55.283096,61.893073999999999
Кунашакский,75-636-000-000,Кунашакский муниципальный район,муниципальный район,,1,,с Кунашак,data-20180110-structure-20150128.csv,2018,9999,2305,,,74,Челябинская область,55.698971,61.550902999999998
Кусинский,75-638-000-000,Кусинский муниципальный район,муниципальный район,,1,,г Куса,data-20180110-structure-20150128.csv,2018,2023,2306,,transfer_9,74,Челябинская область,55.336520999999998,59.445937999999998
Нагайбакский,75-642-000-000,Нагайбакский муниципальный район,муниципальный район,,1,,с Фершампенуаз,data-20180110-structure-20150128.csv,2018,9999,2307,,,74,Челябинская область,53.521410299999999,59.811200100000001
Нязепетровский,75-644-000-000,Нязепетровский муниципальный район,муниципальный район,,1,,г Нязепетровск,data-20180110-structure-20150128.csv,2018,9999,2308,,,74,Челябинская область,56.055508000000003,59.598629000000003
Октябрьский,75-647-000-000,Октябрьский муниципальный район,муниципальный район,,1,,с Октябрьское,data-20180110-structure-20150128.csv,2018,9999,2309,,,74,Челябинская область,54.410705999999998,62.728808999999998
Пластовский,75-648-000-000,Пластовский муниципальный район,муниципальный район,,1,,г Пласт,data-20180110-structure-20150128.csv,2018,9999,2310,,,74,Челябинская область,54.369812000000003,60.807091
Саткинский,75-649-000-000,Саткинский муниципальный район,муниципальный район,,1,,г Сатка,data-20180110-structure-20150128.csv,2018,9999,2311,,,74,Челябинская область,55.040286999999999,59.028033999999998
Сосновский,75-652-000-000,Сосновский муниципальный район,муниципальный район,,1,,с Долгодеревенское,data-20180110-structure-20150128.csv,2018,9999,2312,,,74,Челябинская область,55.346266399999998,61.341586999999997
Троицкий,75-654-000-000,Троицкий муниципальный район,муниципальный район,,3,75-752-000-000,г Троицк,data-20180110-structure-20150128.csv,2018,9999,2313,,,74,Челябинская область,54.084772200000003,61.551404699999999
Увельский,75-655-000-000,Увельский муниципальный район,муниципальный район,,1,,п Увельский,data-20180110-structure-20150128.csv,2018,9999,2314,,,74,Челябинская область,54.441994000000001,61.354396999999999
Уйский,75-656-000-000,Уйский муниципальный район,муниципальный район,,1,,с Уйское,data-20180110-structure-20150128.csv,2018,9999,2315,,,74,Челябинская область,54.373421,60.005446999999997
Чебаркульский,75-657-000-000,Чебаркульский муниципальный район,муниципальный район,,3,75-758-000-000,г Чебаркуль,data-20180110-structure-20150128.csv,2018,9999,2316,,,74,Челябинская область,54.977795,60.370089999999998
Чесменский,75-659-000-000,Чесменский муниципальный район,муниципальный район,,1,,с Чесма,data-20180110-structure-20150128.csv,2018,9999,2317,,,74,Челябинская область,53.813155500000001,60.653218600000002
Ярославль,78-701-000-000,городской округ город Ярославль,городской округ,административный_центр_субъекта,2,78-650-000-000,г Ярославль,data-20180110-structure-20150128.csv,2018,9999,2318,,,76,Ярославская область,57.626387700000002,39.893370500000003
Переславль-Залесский,78-705-000-000,городской округ город Переславль-Залесский,городской округ,,2,78-632-000-000,г Переславль-Залесский,data-20180110-structure-20150128.csv,2018,2019,2319,,union_2,76,Ярославская область,56.736717800000001,38.846271399999999
Рыбинск,78-715-000-000,городской округ город Рыбинск,городской округ,,2,78-640-000-000,г Рыбинск,data-20180110-structure-20150128.csv,2018,9999,2320,,,76,Ярославская область,58.050373,38.834637000000001
Большесельский,78-603-000-000,Большесельский муниципальный район,муниципальный район,,1,,с Большое Село,data-20180110-structure-20150128.csv,2018,9999,2321,,,76,Ярославская область,57.718472800000001,38.935559900000001
Борисоглебский,78-606-000-000,Борисоглебский муниципальный район,муниципальный район,,1,,рп Борисоглебский,data-20180110-structure-20150128.csv,2018,9999,2322,,,76,Ярославская область,57.259,39.15
Брейтовский,78-609-000-000,Брейтовский муниципальный район,муниципальный район,,1,,с Брейтово,data-20180110-structure-20150128.csv,2018,9999,2323,,,76,Ярославская область,58.3033237,37.859476299999997
Гаврилов-Ямский,78-612-000-000,Гаврилов-Ямский муниципальный район,муниципальный район,,1,,г Гаврилов-Ям,data-20180110-structure-20150128.csv,2018,9999,2324,,,76,Ярославская область,57.303282699999997,39.853769700000001
Даниловский,78-615-000-000,Даниловский муниципальный район,муниципальный район,,1,,г Данилов,data-20180110-structure-20150128.csv,2018,9999,2325,,,76,Ярославская область,58.188808000000002,40.175114000000001
Любимский,78-618-000-000,Любимский муниципальный район,муниципальный район,,1,,г Любим,data-20180110-structure-20150128.csv,2018,9999,2326,,,76,Ярославская область,58.359561800000002,40.6866038
Мышкинский,78-621-000-000,Мышкинский муниципальный район,муниципальный район,,1,,г Мышкин,data-20180110-structure-20150128.csv,2018,9999,2327,,,76,Ярославская область,57.784725000000002,38.451594999999998
Некоузский,78-623-000-000,Некоузский муниципальный район,муниципальный район,,1,,с Новый Некоуз,data-20180110-structure-20150128.csv,2018,9999,2328,,,76,Ярославская область,57.902180000000001,38.062447499999998
Некрасовский,78-626-000-000,Некрасовский муниципальный район,муниципальный район,,1,,рп Некрасовское,data-20180110-structure-20150128.csv,2018,9999,2329,,,76,Ярославская область,57.674247999999999,40.372653999999997
Первомайский,78-629-000-000,Первомайский муниципальный район,муниципальный район,,1,,рп Пречистое,data-20180110-structure-20150128.csv,2018,9999,2330,,,76,Ярославская область,58.425113799999998,40.322877900000002
Переславский,78-632-000-000,Переславский муниципальный район,муниципальный район,,3,78-705-000-000,г Переславль-Залесский,data-20180110-structure-20150128.csv,2018,2019,2331,,union_2,76,Ярославская область,56.736717800000001,38.846271399999999
Пошехонский,78-634-000-000,Пошехонский муниципальный район,муниципальный район,,1,,г Пошехонье,data-20180110-structure-20150128.csv,2018,9999,2332,,,76,Ярославская область,58.503200999999997,39.119700999999999
Ростовский,78-637-000-000,Ростовский муниципальный район,муниципальный район,,1,,г Ростов,data-20180110-structure-20150128.csv,2018,9999,2333,,,76,Ярославская область,57.2012699,39.422181260995657
Рыбинский,78-640-000-000,Рыбинский муниципальный район,муниципальный район,,3,78-715-000-000,г Рыбинск,data-20180110-structure-20150128.csv,2018,9999,2334,,,76,Ярославская область,58.050373,38.834637000000001
Тутаевский,78-643-000-000,Тутаевский муниципальный район,муниципальный район,,1,,г Тутаев,data-20180110-structure-20150128.csv,2018,9999,2335,,,76,Ярославская область,57.875385000000001,39.527214000000001
Угличский,78-646-000-000,Угличский муниципальный район,муниципальный район,,1,,г Углич,data-20180110-structure-20150128.csv,2018,9999,2336,,,76,Ярославская область,57.524833549999997,38.307084731505938
Ярославский,78-650-000-000,Ярославский муниципальный район,муниципальный район,,3,78-701-000-000,г Ярославль,data-20180110-structure-20150128.csv,2018,9999,2337,,,76,Ярославская область,57.626387700000002,39.893370500000003
Биробиджан,99-701-000-000,городской округ город Биробиджан,городской округ,административный_центр_субъекта,1,,г Биробиджан,data-20180110-structure-20150128.csv,2018,9999,2338,,,79,Еврейская автономная область,48.788166799999999,132.9282082
Биробиджанский,99-605-000-000,Биробиджанский муниципальный район,муниципальный район,административный_центр_субъекта,1,,г Биробиджан,data-20180110-structure-20150128.csv,2018,9999,2339,,,79,Еврейская автономная область,48.788166799999999,132.9282082
Ленинский,99-610-000-000,Ленинский муниципальный район,муниципальный район,,1,,с Ленинское,data-20180110-structure-20150128.csv,2018,9999,2340,,,79,Еврейская автономная область,47.934442500000003,132.6223808
Облученский,99-620-000-000,Облученский муниципальный район,муниципальный район,,1,,г Облучье,data-20180110-structure-20150128.csv,2018,9999,2341,,,79,Еврейская автономная область,49.014514900000002,131.0538038
Октябрьский,99-625-000-000,Октябрьский муниципальный район,муниципальный район,,1,,с Амурзет,data-20180110-structure-20150128.csv,2018,9999,2342,,,79,Еврейская автономная область,47.694658799999999,131.0896669
Смидовичский,99-630-000-000,Смидовичский муниципальный район,муниципальный район,,1,,п Смидович,data-20180110-structure-20150128.csv,2018,9999,2343,,,79,Еврейская автономная область,48.5956701,133.81383690000001
Анадырь,77-701-000-000,городской округ Анадырь,городской округ,административный_центр_субъекта,2,77-603-000-000,г Анадырь,data-20180110-structure-20150128.csv,2018,9999,2344,,,87,Чукотский автономный округ,64.731687500000007,177.50609249999999
Эгвекинот,77-715-000-000,городской округ Эгвекинот,городской округ,,1,,пгт Эгвекинот,data-20180110-structure-20150128.csv,2018,9999,2345,,,87,Чукотский автономный округ,66.322738200000003,-179.12013099999999
Провиденский,77-710-000-000,городской округ Провиденский,городской округ,,1,,пгт Провидения,data-20180110-structure-20150128.csv,2018,9999,2346,,,87,Чукотский автономный округ,64.380098200000006,-173.23862767244231
Певек,77-705-000-000,городской округ Певек,городской округ,,1,,г Певек,data-20180110-structure-20150128.csv,2018,9999,2347,,,87,Чукотский автономный округ,69.702817100000004,170.2746851
Анадырский,77-603-000-000,Анадырский муниципальный район,муниципальный район,,3,77-701-000-000,г Анадырь,data-20180110-structure-20150128.csv,2018,9999,2348,,,87,Чукотский автономный округ,64.731687500000007,177.50609249999999
Билибинский,77-609-000-000,Билибинский муниципальный район,муниципальный район,,1,,г Билибино,data-20180110-structure-20150128.csv,2018,9999,2349,,,87,Чукотский автономный округ,68.055030500000001,166.4448515
Чукотский,77-633-000-000,Чукотский муниципальный район,муниципальный район,,1,,с Лаврентия,data-20180110-structure-20150128.csv,2018,9999,2350,,,87,Чукотский автономный округ,65.583779300000003,-171.00581099999999
Коломна,40-301-000-000,внутригородская территория города федерального значения муниципальный округ Коломна,внутригородская территория города федерального значения,,1,,,data-20180110-structure-20150128.csv,2018,9999,2351,,,78,Санкт-Петербург,,
Сенной,40-302-000-000,внутригородская территория города федерального значения муниципальный округ Сенной округ,внутригородская территория города федерального значения,,1,,,data-20180110-structure-20150128.csv,2018,9999,2352,,,78,Санкт-Петербург,,
Адмиралтейский,40-303-000-000,внутригородская территория города федерального значения муниципальный округ Адмиралтейский округ,внутригородская территория города федерального значения,,1,,,data-20180110-structure-20150128.csv,2018,9999,2353,,,78,Санкт-Петербург,,
Семеновский,40-304-000-000,внутригородская территория города федерального значения муниципальный округ Семеновский,внутригородская территория города федерального значения,,1,,,data-20180110-structure-20150128.csv,2018,9999,2354,,,78,Санкт-Петербург,,
Измайловское,40-305-000-000,внутригородская территория города федерального значения муниципальный округ Измайловское,внутригородская территория города федерального значения,,1,,,data-20180110-structure-20150128.csv,2018,9999,2355,,,78,Санкт-Петербург,,
Екатерингофский,40-306-000-000,внутригородская территория города федерального значения муниципальный округ Екатерингофский,внутригородская территория города федерального значения,,1,,,data-20180110-structure-20150128.csv,2018,9999,2356,,,78,Санкт-Петербург,,
№ 7,40-307-000-000,внутригородская территория города федерального значения муниципальный округ № 7,внутригородская территория города федерального значения,,1,,,data-20180110-structure-20150128.csv,2018,9999,2357,,,78,Санкт-Петербург,,
Васильевский,40-308-000-000,внутригородская территория города федерального значения муниципальный округ Васильевский,внутригородская территория города федерального значения,,1,,,data-20180110-structure-20150128.csv,2018,9999,2358,,,78,Санкт-Петербург,,
Гавань,40-309-000-000,внутригородская территория города федерального значения муниципальный округ Гавань,внутригородская территория города федерального значения,,1,,,data-20180110-structure-20150128.csv,2018,9999,2359,,,78,Санкт-Петербург,,
Морской,40-310-000-000,внутригородская территория города федерального значения муниципальный округ Морской,внутригородская территория города федерального значения,,1,,,data-20180110-structure-20150128.csv,2018,9999,2360,,,78,Санкт-Петербург,,
Остров Декабристов,40-311-000-000,внутригородская территория города федерального значения муниципальный округ Остров Декабристов,внутригородская территория города федерального значения,,1,,,data-20180110-structure-20150128.csv,2018,9999,2361,,,78,Санкт-Петербург,,
Левашово,40-312-000-000,внутригородская территория города федерального значения поселок Левашово,внутригородская территория города федерального значения,,1,,,data-20180110-structure-20150128.csv,2018,9999,2362,,,78,Санкт-Петербург,,
Парголово,40-313-000-000,внутригородская территория города федерального значения поселок Парголово,внутригородская территория города федерального значения,,1,,,data-20180110-structure-20150128.csv,2018,9999,2363,,,78,Санкт-Петербург,,
Сампсониевское,40-314-000-000,внутригородская территория города федерального значения муниципальный округ Сампсониевское,внутригородская территория города федерального значения,,1,,,data-20180110-structure-20150128.csv,2018,9999,2364,,,78,Санкт-Петербург,,
Светлановское,40-315-000-000,внутригородская территория города федерального значения муниципальный округ Светлановское,внутригородская территория города федерального значения,,1,,,data-20180110-structure-20150128.csv,2018,9999,2365,,,78,Санкт-Петербург,,
Сосновское,40-316-000-000,внутригородская территория города федерального значения муниципальный округ Сосновское,внутригородская территория города федерального значения,,1,,,data-20180110-structure-20150128.csv,2018,9999,2366,,,78,Санкт-Петербург,,
№ 15,40-317-000-000,внутригородская территория города федерального значения муниципальный округ № 15,внутригородская территория города федерального значения,,1,,,data-20180110-structure-20150128.csv,2018,9999,2367,,,78,Санкт-Петербург,,
Сергиевское,40-318-000-000,внутригородская территория города федерального значения муниципальный округ Сергиевское,внутригородская территория города федерального значения,,1,,,data-20180110-structure-20150128.csv,2018,9999,2368,,,78,Санкт-Петербург,,
Шувалово-Озерки,40-319-000-000,внутригородская территория города федерального значения муниципальный округ Шувалово-Озерки,внутригородская территория города федерального значения,,1,,,data-20180110-structure-20150128.csv,2018,9999,2369,,,78,Санкт-Петербург,,
Лисий Нос,40-320-000-000,внутригородская территория города федерального значения поселок Лисий Нос,внутригородская территория города федерального значения,,1,,,data-20180110-structure-20150128.csv,2018,9999,2370,,,78,Санкт-Петербург,,
Лахта-Ольгино,40-321-000-000,внутригородская территория города федерального значения муниципальный округ Лахта-Ольгино,внутригородская территория города федерального значения,,1,,,data-20180110-structure-20150128.csv,2018,9999,2371,,,78,Санкт-Петербург,,
№ 65,40-322-000-000,внутригородская территория города федерального значения муниципальный округ № 65,внутригородская территория города федерального значения,,1,,,data-20180110-structure-20150128.csv,2018,9999,2372,,,78,Санкт-Петербург,,
Чёрная речка,40-323-000-000,внутригородская территория города федерального значения муниципальный округ Чёрная речка,внутригородская территория города федерального значения,,1,,,data-20180110-structure-20150128.csv,2018,2020,2373,,,78,Санкт-Петербург,,
Комендантский аэродром,40-324-000-000,внутригородская территория города федерального значения муниципальный округ Комендантский аэродром,внутригородская территория города федерального значения,,1,,,data-20180110-structure-20150128.csv,2018,9999,2374,,,78,Санкт-Петербург,,
Озеро Долгое,40-325-000-000,внутригородская территория города федерального значения муниципальный округ Озеро Долгое,внутригородская территория города федерального значения,,1,,,data-20180110-structure-20150128.csv,2018,9999,2375,,,78,Санкт-Петербург,,
Юнтолово,40-326-000-000,внутригородская территория города федерального значения муниципальный округ Юнтолово,внутригородская территория города федерального значения,,1,,,data-20180110-structure-20150128.csv,2018,9999,2376,,,78,Санкт-Петербург,,
Коломяги,40-327-000-000,внутригородская территория города федерального значения муниципальный округ Коломяги,внутригородская территория города федерального значения,,1,,,data-20180110-structure-20150128.csv,2018,9999,2377,,,78,Санкт-Петербург,,
Гражданка,40-328-000-000,внутригородская территория города федерального значения муниципальный округ Гражданка,внутригородская территория города федерального значения,,1,,,data-20180110-structure-20150128.csv,2018,9999,2378,,,78,Санкт-Петербург,,
Академическое,40-329-000-000,внутригородская территория города федерального значения муниципальный округ Академическое,внутригородская территория города федерального значения,,1,,,data-20180110-structure-20150128.csv,2018,9999,2379,,,78,Санкт-Петербург,,
Финляндский,40-330-000-000,внутригородская территория города федерального значения муниципальный округ Финляндский округ,внутригородская территория города федерального значения,,1,,,data-20180110-structure-20150128.csv,2018,9999,2380,,,78,Санкт-Петербург,,
№ 21,40-331-000-000,внутригородская территория города федерального значения муниципальный округ № 21,внутригородская территория города федерального значения,,1,,,data-20180110-structure-20150128.csv,2018,9999,2381,,,78,Санкт-Петербург,,
Пискаревка,40-332-000-000,внутригородская территория города федерального значения муниципальный округ Пискаревка,внутригородская территория города федерального значения,,1,,,data-20180110-structure-20150128.csv,2018,9999,2382,,,78,Санкт-Петербург,,
Северный,40-333-000-000,внутригородская территория города федерального значения муниципальный округ Северный,внутригородская территория города федерального значения,,1,,,data-20180110-structure-20150128.csv,2018,9999,2383,,,78,Санкт-Петербург,,
Прометей,40-334-000-000,внутригородская территория города федерального значения муниципальный округ Прометей,внутригородская территория города федерального значения,,1,,,data-20180110-structure-20150128.csv,2018,9999,2384,,,78,Санкт-Петербург,,
Княжево,40-335-000-000,внутригородская территория города федерального значения муниципальный округ Княжево,внутригородская территория города федерального значения,,1,,,data-20180110-structure-20150128.csv,2018,9999,2385,,,78,Санкт-Петербург,,
Ульянка,40-336-000-000,внутригородская территория города федерального значения муниципальный округ Ульянка,внутригородская территория города федерального значения,,1,,,data-20180110-structure-20150128.csv,2018,9999,2386,,,78,Санкт-Петербург,,
Дачное,40-337-000-000,внутригородская территория города федерального значения муниципальный округ Дачное,внутригородская территория города федерального значения,,1,,,data-20180110-structure-20150128.csv,2018,9999,2387,,,78,Санкт-Петербург,,
Автово,40-338-000-000,внутригородская территория города федерального значения муниципальный округ Автово,внутригородская территория города федерального значения,,1,,,data-20180110-structure-20150128.csv,2018,9999,2388,,,78,Санкт-Петербург,,
Нарвский,40-339-000-000,внутригородская территория города федерального значения муниципальный округ Нарвский округ,внутригородская территория города федерального значения,,1,,,data-20180110-structure-20150128.csv,2018,9999,2389,,,78,Санкт-Петербург,,
Красненькая речка,40-340-000-000,внутригородская территория города федерального значения муниципальный округ Красненькая речка,внутригородская территория города федерального значения,,1,,,data-20180110-structure-20150128.csv,2018,9999,2390,,,78,Санкт-Петербург,,
Морские ворота,40-341-000-000,внутригородская территория города федерального значения муниципальный округ Морские ворота,внутригородская территория города федерального значения,,1,,,data-20180110-structure-20150128.csv,2018,9999,2391,,,78,Санкт-Петербург,,
Колпино,40-342-000-000,внутригородская территория города федерального значения город Колпино,внутригородская территория города федерального значения,,1,,,data-20180110-structure-20150128.csv,2018,9999,2392,,,78,Санкт-Петербург,,
Металлострой,40-343-000-000,внутригородская территория города федерального значения поселок Металлострой,внутригородская территория города федерального значения,,1,,,data-20180110-structure-20150128.csv,2018,9999,2393,,,78,Санкт-Петербург,,
Петро-Славянка,40-344-000-000,внутригородская территория города федерального значения поселок Петро-Славянка,внутригородская территория города федерального значения,,1,,,data-20180110-structure-20150128.csv,2018,9999,2394,,,78,Санкт-Петербург,,
Понтонный,40-345-000-000,внутригородская территория города федерального значения поселок Понтонный,внутригородская территория города федерального значения,,1,,,data-20180110-structure-20150128.csv,2018,9999,2395,,,78,Санкт-Петербург,,
Саперный,40-346-000-000,внутригородская территория города федерального значения поселок Саперный,внутригородская территория города федерального значения,,1,,,data-20180110-structure-20150128.csv,2018,9999,2396,,,78,Санкт-Петербург,,
Усть-Ижора,40-347-000-000,внутригородская территория города федерального значения поселок Усть-Ижора,внутригородская территория города федерального значения,,1,,,data-20180110-structure-20150128.csv,2018,9999,2397,,,78,Санкт-Петербург,,
Полюстрово,40-348-000-000,внутригородская территория города федерального значения муниципальный округ Полюстрово,внутригородская территория города федерального значения,,1,,,data-20180110-structure-20150128.csv,2018,9999,2398,,,78,Санкт-Петербург,,
Большая Охта,40-349-000-000,внутригородская территория города федерального значения муниципальный округ Большая Охта,внутригородская территория города федерального значения,,1,,,data-20180110-structure-20150128.csv,2018,9999,2399,,,78,Санкт-Петербург,,
Малая Охта,40-350-000-000,внутригородская территория города федерального значения муниципальный округ Малая Охта,внутригородская территория города федерального значения,,1,,,data-20180110-structure-20150128.csv,2018,9999,2400,,,78,Санкт-Петербург,,
Пороховые,40-351-000-000,внутригородская территория города федерального значения муниципальный округ Пороховые,внутригородская территория города федерального значения,,1,,,data-20180110-structure-20150128.csv,2018,9999,2401,,,78,Санкт-Петербург,,
Ржевка,40-352-000-000,внутригородская территория города федерального значения муниципальный округ Ржевка,внутригородская территория города федерального значения,,1,,,data-20180110-structure-20150128.csv,2018,9999,2402,,,78,Санкт-Петербург,,
Красное Село,40-353-000-000,внутригородская территория города федерального значения город Красное Село,внутригородская территория города федерального значения,,1,,,data-20180110-structure-20150128.csv,2018,9999,2403,,,78,Санкт-Петербург,,
Юго-Запад,40-354-000-000,внутригородская территория города федерального значения муниципальный округ Юго-Запад,внутригородская территория города федерального значения,,1,,,data-20180110-structure-20150128.csv,2018,9999,2404,,,78,Санкт-Петербург,,
Южно-Приморский,40-355-000-000,внутригородская территория города федерального значения муниципальный округ Южно-Приморский,внутригородская территория города федерального значения,,1,,,data-20180110-structure-20150128.csv,2018,9999,2405,,,78,Санкт-Петербург,,
Сосновая поляна,40-356-000-000,внутригородская территория города федерального значения муниципальный округ Сосновая поляна,внутригородская территория города федерального значения,,1,,,data-20180110-structure-20150128.csv,2018,9999,2406,,,78,Санкт-Петербург,,
Урицк,40-357-000-000,внутригородская территория города федерального значения муниципальный округ Урицк,внутригородская территория города федерального значения,,1,,,data-20180110-structure-20150128.csv,2018,9999,2407,,,78,Санкт-Петербург,,
Константиновское,40-358-000-000,внутригородская территория города федерального значения муниципальный округ Константиновское,внутригородская территория города федерального значения,,1,,,data-20180110-structure-20150128.csv,2018,9999,2408,,,78,Санкт-Петербург,,
Горелово,40-359-000-000,внутригородская территория города федерального значения муниципальный округ Горелово,внутригородская территория города федерального значения,,1,,,data-20180110-structure-20150128.csv,2018,9999,2409,,,78,Санкт-Петербург,,
Кронштадт,40-360-000-000,внутригородская территория города федерального значения город Кронштадт,внутригородская территория города федерального значения,,1,,,data-20180110-structure-20150128.csv,2018,9999,2410,,,78,Санкт-Петербург,,
Зеленогорск,40-361-000-000,внутригородская территория города федерального значения город Зеленогорск,внутригородская территория города федерального значения,,1,,,data-20180110-structure-20150128.csv,2018,9999,2411,,,78,Санкт-Петербург,,
Сестрорецк,40-362-000-000,внутригородская территория города федерального значения город Сестрорецк,внутригородская территория города федерального значения,,1,,,data-20180110-structure-20150128.csv,2018,9999,2412,,,78,Санкт-Петербург,,
Белоостров,40-363-000-000,внутригородская территория города федерального значения поселок Белоостров,внутригородская территория города федерального значения,,1,,,data-20180110-structure-20150128.csv,2018,9999,2413,,,78,Санкт-Петербург,,
Комарово,40-364-000-000,внутригородская территория города федерального значения поселок Комарово,внутригородская территория города федерального значения,,1,,,data-20180110-structure-20150128.csv,2018,9999,2414,,,78,Санкт-Петербург,,
Молодежное,40-365-000-000,внутригородская территория города федерального значения поселок Молодежное,внутригородская территория города федерального значения,,1,,,data-20180110-structure-20150128.csv,2018,9999,2415,,,78,Санкт-Петербург,,
Песочный,40-366-000-000,внутригородская территория города федерального значения поселок Песочный,внутригородская территория города федерального значения,,1,,,data-20180110-structure-20150128.csv,2018,9999,2416,,,78,Санкт-Петербург,,
Репино,40-367-000-000,внутригородская территория города федерального значения поселок Репино,внутригородская территория города федерального значения,,1,,,data-20180110-structure-20150128.csv,2018,9999,2417,,,78,Санкт-Петербург,,
Серово,40-368-000-000,внутригородская территория города федерального значения поселок Серово,внутригородская территория города федерального значения,,1,,,data-20180110-structure-20150128.csv,2018,9999,2418,,,78,Санкт-Петербург,,
Смолячково,40-369-000-000,внутригородская территория города федерального значения поселок Смолячково,внутригородская территория города федерального значения,,1,,,data-20180110-structure-20150128.csv,2018,9999,2419,,,78,Санкт-Петербург,,
Солнечное,40-370-000-000,внутригородская территория города федерального значения поселок Солнечное,внутригородская территория города федерального значения,,1,,,data-20180110-structure-20150128.csv,2018,9999,2420,,,78,Санкт-Петербург,,
Ушково,40-371-000-000,внутригородская территория города федерального значения поселок Ушково,внутригородская территория города федерального значения,,1,,,data-20180110-structure-20150128.csv,2018,9999,2421,,,78,Санкт-Петербург,,
Ломоносов,40-372-000-000,внутригородская территория города федерального значения город Ломоносов,внутригородская территория города федерального значения,,2,41-630-000-000,,data-20180110-structure-20150128.csv,2018,9999,2422,,,78,Санкт-Петербург,,
Московская застава,40-373-000-000,внутригородская территория города федерального значения муниципальный округ Московская застава,внутригородская территория города федерального значения,,1,,,data-20180110-structure-20150128.csv,2018,9999,2423,,,78,Санкт-Петербург,,
Гагаринское,40-374-000-000,внутригородская территория города федерального значения муниципальный округ Гагаринское,внутригородская территория города федерального значения,,1,,,data-20180110-structure-20150128.csv,2018,9999,2424,,,78,Санкт-Петербург,,
Новоизмайловское,40-375-000-000,внутригородская территория города федерального значения муниципальный округ Новоизмайловское,внутригородская территория города федерального значения,,1,,,data-20180110-structure-20150128.csv,2018,9999,2425,,,78,Санкт-Петербург,,
Пулковский меридиан,40-376-000-000,внутригородская территория города федерального значения муниципальный округ Пулковский меридиан,внутригородская территория города федерального значения,,1,,,data-20180110-structure-20150128.csv,2018,9999,2426,,,78,Санкт-Петербург,,
Звездное,40-377-000-000,внутригородская территория города федерального значения муниципальный округ Звездное,внутригородская территория города федерального значения,,1,,,data-20180110-structure-20150128.csv,2018,9999,2427,,,78,Санкт-Петербург,,
Невская застава,40-378-000-000,внутригородская территория города федерального значения муниципальный округ Невская застава,внутригородская территория города федерального значения,,1,,,data-20180110-structure-20150128.csv,2018,9999,2428,,,78,Санкт-Петербург,,
Ивановский,40-379-000-000,внутригородская территория города федерального значения муниципальный округ Ивановский,внутригородская территория города федерального значения,,1,,,data-20180110-structure-20150128.csv,2018,9999,2429,,,78,Санкт-Петербург,,
Обуховский,40-380-000-000,внутригородская территория города федерального значения муниципальный округ Обуховский,внутригородская территория города федерального значения,,1,,,data-20180110-structure-20150128.csv,2018,9999,2430,,,78,Санкт-Петербург,,
Рыбацкое,40-381-000-000,внутригородская территория города федерального значения муниципальный округ Рыбацкое,внутригородская территория города федерального значения,,1,,,data-20180110-structure-20150128.csv,2018,9999,2431,,,78,Санкт-Петербург,,
Народный,40-382-000-000,внутригородская территория города федерального значения муниципальный округ Народный,внутригородская территория города федерального значения,,1,,,data-20180110-structure-20150128.csv,2018,9999,2432,,,78,Санкт-Петербург,,
№ 54,40-383-000-000,внутригородская территория города федерального значения муниципальный округ № 54,внутригородская территория города федерального значения,,1,,,data-20180110-structure-20150128.csv,2018,9999,2433,,,78,Санкт-Петербург,,
Невский,40-384-000-000,внутригородская территория города федерального значения муниципальный округ Невский округ,внутригородская территория города федерального значения,,1,,,data-20180110-structure-20150128.csv,2018,9999,2434,,,78,Санкт-Петербург,,
Оккервиль,40-385-000-000,внутригородская территория города федерального значения муниципальный округ Оккервиль,внутригородская территория города федерального значения,,1,,,data-20180110-structure-20150128.csv,2018,9999,2435,,,78,Санкт-Петербург,,
Правобережный,40-386-000-000,внутригородская территория города федерального значения муниципальный округ Правобережный,внутригородская территория города федерального значения,,1,,,data-20180110-structure-20150128.csv,2018,9999,2436,,,78,Санкт-Петербург,,
Павловск,40-387-000-000,внутригородская территория города федерального значения город Павловск,внутригородская территория города федерального значения,,1,,,data-20180110-structure-20150128.csv,2018,9999,2437,,,78,Санкт-Петербург,,
Тярлево,40-388-000-000,внутригородская территория города федерального значения поселок Тярлево,внутригородская территория города федерального значения,,1,,,data-20180110-structure-20150128.csv,2018,9999,2438,,,78,Санкт-Петербург,,
Введенский,40-389-000-000,внутригородская территория города федерального значения муниципальный округ Введенский,внутригородская территория города федерального значения,,1,,,data-20180110-structure-20150128.csv,2018,9999,2439,,,78,Санкт-Петербург,,
Кронверкское,40-390-000-000,внутригородская территория города федерального значения муниципальный округ Кронверкское,внутригородская территория города федерального значения,,1,,,data-20180110-structure-20150128.csv,2018,9999,2440,,,78,Санкт-Петербург,,
Посадский,40-391-000-000,внутригородская территория города федерального значения муниципальный округ Посадский,внутригородская территория города федерального значения,,1,,,data-20180110-structure-20150128.csv,2018,9999,2441,,,78,Санкт-Петербург,,
Аптекарский остров,40-392-000-000,внутригородская территория города федерального значения муниципальный округ Аптекарский остров,внутригородская территория города федерального значения,,1,,,data-20180110-structure-20150128.csv,2018,9999,2442,,,78,Санкт-Петербург,,
Петровский,40-393-000-000,внутригородская территория города федерального значения муниципальный округ округ Петровский,внутригородская территория города федерального значения,,1,,,data-20180110-structure-20150128.csv,2018,9999,2443,,,78,Санкт-Петербург,,
Чкаловское,40-394-000-000,внутригородская территория города федерального значения муниципальный округ Чкаловское,внутригородская территория города федерального значения,,1,,,data-20180110-structure-20150128.csv,2018,9999,2444,,,78,Санкт-Петербург,,
Петергоф,40-395-000-000,внутригородская территория города федерального значения город Петергоф,внутригородская территория города федерального значения,,1,,,data-20180110-structure-20150128.csv,2018,9999,2445,,,78,Санкт-Петербург,,
Стрельна,40-396-000-000,внутригородская территория города федерального значения поселок Стрельна,внутригородская территория города федерального значения,,1,,,data-20180110-structure-20150128.csv,2018,9999,2446,,,78,Санкт-Петербург,,
Пушкин,40-397-000-000,внутригородская территория города федерального значения город Пушкин,внутригородская территория города федерального значения,,1,,,data-20180110-structure-20150128.csv,2018,9999,2447,,,78,Санкт-Петербург,,
Александровская,40-398-000-000,внутригородская территория города федерального значения поселок Александровская,внутригородская территория города федерального значения,,1,,,data-20180110-structure-20150128.csv,2018,9999,2448,,,78,Санкт-Петербург,,
Шушары,40-901-000-000,внутригородская территория города федерального значения поселок Шушары,внутригородская территория города федерального значения,,1,,,data-20180110-structure-20150128.csv,2018,9999,2449,,,78,Санкт-Петербург,,
Волковское,40-902-000-000,внутригородская территория города федерального значения муниципальный округ Волковское,внутригородская территория города федерального значения,,1,,,data-20180110-structure-20150128.csv,2018,9999,2450,,,78,Санкт-Петербург,,
№ 72,40-903-000-000,внутригородская территория города федерального значения муниципальный округ № 72,внутригородская территория города федерального значения,,1,,,data-20180110-structure-20150128.csv,2018,9999,2451,,,78,Санкт-Петербург,,
Купчино,40-904-000-000,внутригородская территория города федерального значения муниципальный округ Купчино,внутригородская территория города федерального значения,,1,,,data-20180110-structure-20150128.csv,2018,9999,2452,,,78,Санкт-Петербург,,
Георгиевский,40-905-000-000,внутригородская территория города федерального значения муниципальный округ Георгиевский,внутригородская территория города федерального значения,,1,,,data-20180110-structure-20150128.csv,2018,9999,2453,,,78,Санкт-Петербург,,
№ 75,40-906-000-000,внутригородская территория города федерального значения муниципальный округ № 75,внутригородская территория города федерального значения,,1,,,data-20180110-structure-20150128.csv,2018,9999,2454,,,78,Санкт-Петербург,,
Балканский,40-907-000-000,внутригородская территория города федерального значения муниципальный округ Балканский,внутригородская территория города федерального значения,,1,,,data-20180110-structure-20150128.csv,2018,9999,2455,,,78,Санкт-Петербург,,
Дворцовый,40-908-000-000,внутригородская территория города федерального значения муниципальный округ Дворцовый округ,внутригородская территория города федерального значения,,1,,,data-20180110-structure-20150128.csv,2018,9999,2456,,,78,Санкт-Петербург,,
№ 78,40-909-000-000,внутригородская территория города федерального значения муниципальный округ № 78,внутригородская территория города федерального значения,,1,,,data-20180110-structure-20150128.csv,2018,9999,2457,,,78,Санкт-Петербург,,
Литейный,40-910-000-000,внутригородская территория города федерального значения муниципальный округ Литейный округ,внутригородская территория города федерального значения,,1,,,data-20180110-structure-20150128.csv,2018,9999,2458,,,78,Санкт-Петербург,,
Смольнинское,40-911-000-000,внутригородская территория города федерального значения муниципальный округ Смольнинское,внутригородская территория города федерального значения,,1,,,data-20180110-structure-20150128.csv,2018,9999,2459,,,78,Санкт-Петербург,,
Лиговка-Ямская,40-912-000-000,внутригородская территория города федерального значения муниципальный округ Лиговка-Ямская,внутригородская территория города федерального значения,,1,,,data-20180110-structure-20150128.csv,2018,9999,2460,,,78,Санкт-Петербург,,
Владимирский,40-913-000-000,внутригородская территория города федерального значения муниципальный округ Владимирский округ,внутригородская территория города федерального значения,,1,,,data-20180110-structure-20150128.csv,2018,9999,2461,,,78,Санкт-Петербург,,
Богородское,45-301-000-000,внутригородская территория города федерального значения муниципальный округ Богородское,внутригородская территория города федерального значения,,1,,,data-20180110-structure-20150128.csv,2018,9999,2462,,,77,Москва,,
Вешняки,45-302-000-000,внутригородская территория города федерального значения муниципальный округ Вешняки,внутригородская территория города федерального значения,,1,,,data-20180110-structure-20150128.csv,2018,9999,2463,,,77,Москва,,
Восточное Измайлово,45-303-000-000,внутригородская территория города федерального значения муниципальный округ Восточное Измайлово,внутригородская территория города федерального значения,,1,,,data-20180110-structure-20150128.csv,2018,9999,2464,,,77,Москва,,
Восточный,45-304-000-000,внутригородская территория города федерального значения муниципальный округ Восточный,внутригородская территория города федерального значения,,1,,,data-20180110-structure-20150128.csv,2018,9999,2465,,,77,Москва,,
Гольяново,45-305-000-000,внутригородская территория города федерального значения муниципальный округ Гольяново,внутригородская территория города федерального значения,,1,,,data-20180110-structure-20150128.csv,2018,9999,2466,,,77,Москва,,
Ивановское,45-306-000-000,внутригородская территория города федерального значения муниципальный округ Ивановское,внутригородская территория города федерального значения,,1,,,data-20180110-structure-20150128.csv,2018,9999,2467,,,77,Москва,,
Измайлово,45-307-000-000,внутригородская территория города федерального значения муниципальный округ Измайлово,внутригородская территория города федерального значения,,1,,,data-20180110-structure-20150128.csv,2018,9999,2468,,,77,Москва,,
Косино-Ухтомский,45-308-000-000,внутригородская территория города федерального значения муниципальный округ Косино-Ухтомский,внутригородская территория города федерального значения,,1,,,data-20180110-structure-20150128.csv,2018,9999,2469,,,77,Москва,,
Новогиреево,45-309-000-000,внутригородская территория города федерального значения муниципальный округ Новогиреево,внутригородская территория города федерального значения,,1,,,data-20180110-structure-20150128.csv,2018,9999,2470,,,77,Москва,,
Новокосино,45-310-000-000,внутригородская территория города федерального значения муниципальный округ Новокосино,внутригородская территория города федерального значения,,1,,,data-20180110-structure-20150128.csv,2018,9999,2471,,,77,Москва,,
Метро,45-311-000-000,внутригородская территория города федерального значения муниципальный округ Метрогородок,внутригородская территория города федерального значения,,1,,,data-20180110-structure-20150128.csv,2018,9999,2472,,,77,Москва,,
Перово,45-312-000-000,внутригородская территория города федерального значения муниципальный округ Перово,внутригородская территория города федерального значения,,1,,,data-20180110-structure-20150128.csv,2018,9999,2473,,,77,Москва,,
Северное Измайлово,45-313-000-000,внутригородская территория города федерального значения муниципальный округ Северное Измайлово,внутригородская территория города федерального значения,,1,,,data-20180110-structure-20150128.csv,2018,9999,2474,,,77,Москва,,
Соколиная гора,45-314-000-000,внутригородская территория города федерального значения муниципальный округ Соколиная гора,внутригородская территория города федерального значения,,1,,,data-20180110-structure-20150128.csv,2018,9999,2475,,,77,Москва,,
Сокольники,45-315-000-000,внутригородская территория города федерального значения муниципальный округ Сокольники,внутригородская территория города федерального значения,,1,,,data-20180110-structure-20150128.csv,2018,9999,2476,,,77,Москва,,
Преображенское,45-316-000-000,внутригородская территория города федерального значения муниципальный округ Преображенское,внутригородская территория города федерального значения,,1,,,data-20180110-structure-20150128.csv,2018,9999,2477,,,77,Москва,,
Внуково,45-317-000-000,внутригородская территория города федерального значения муниципальный округ Внуково,внутригородская территория города федерального значения,,1,,,data-20180110-structure-20150128.csv,2018,9999,2478,,,77,Москва,,
Дорогомилово,45-318-000-000,внутригородская территория города федерального значения муниципальный округ Дорогомилово,внутригородская территория города федерального значения,,1,,,data-20180110-structure-20150128.csv,2018,9999,2479,,,77,Москва,,
Крылатское,45-319-000-000,внутригородская территория города федерального значения муниципальный округ Крылатское,внутригородская территория города федерального значения,,1,,,data-20180110-structure-20150128.csv,2018,9999,2480,,,77,Москва,,
Кунцево,45-320-000-000,внутригородская территория города федерального значения муниципальный округ Кунцево,внутригородская территория города федерального значения,,1,,,data-20180110-structure-20150128.csv,2018,9999,2481,,,77,Москва,,
Можайский,45-321-000-000,внутригородская территория города федерального значения муниципальный округ Можайский,внутригородская территория города федерального значения,,1,,,data-20180110-structure-20150128.csv,2018,9999,2482,,,77,Москва,,
Ново-Переделкино,45-322-000-000,внутригородская территория города федерального значения муниципальный округ Ново-Переделкино,внутригородская территория города федерального значения,,1,,,data-20180110-structure-20150128.csv,2018,9999,2483,,,77,Москва,,
Очаково-Матвеевское,45-323-000-000,внутригородская территория города федерального значения муниципальный округ Очаково-Матвеевское,внутригородская территория города федерального значения,,1,,,data-20180110-structure-20150128.csv,2018,9999,2484,,,77,Москва,,
Проспект Вернадского,45-324-000-000,внутригородская территория города федерального значения муниципальный округ Проспект Вернадского,внутригородская территория города федерального значения,,1,,,data-20180110-structure-20150128.csv,2018,9999,2485,,,77,Москва,,
Раменки,45-325-000-000,внутригородская территория города федерального значения муниципальный округ Раменки,внутригородская территория города федерального значения,,1,,,data-20180110-structure-20150128.csv,2018,9999,2486,,,77,Москва,,
Солнцево,45-326-000-000,внутригородская территория города федерального значения муниципальный округ Солнцево,внутригородская территория города федерального значения,,1,,,data-20180110-structure-20150128.csv,2018,9999,2487,,,77,Москва,,
Тропарево-Никулино,45-327-000-000,внутригородская территория города федерального значения муниципальный округ Тропарево-Никулино,внутригородская территория города федерального значения,,1,,,data-20180110-structure-20150128.csv,2018,9999,2488,,,77,Москва,,
Филевский парк,45-328-000-000,внутригородская территория города федерального значения муниципальный округ Филевский парк,внутригородская территория города федерального значения,,1,,,data-20180110-structure-20150128.csv,2018,9999,2489,,,77,Москва,,
Фили-Давыдково,45-329-000-000,внутригородская территория города федерального значения муниципальный округ Фили-Давыдково,внутригородская территория города федерального значения,,1,,,data-20180110-structure-20150128.csv,2018,9999,2490,,,77,Москва,,
Крюково,45-330-000-000,внутригородская территория города федерального значения муниципальный округ Крюково,внутригородская территория города федерального значения,,1,,,data-20180110-structure-20150128.csv,2018,9999,2491,,,77,Москва,,
Матушкино,45-331-000-000,внутригородская территория города федерального значения муниципальный округ Матушкино,внутригородская территория города федерального значения,,1,,,data-20180110-structure-20150128.csv,2018,9999,2492,,,77,Москва,,
Силино,45-332-000-000,внутригородская территория города федерального значения муниципальный округ Силино,внутригородская территория города федерального значения,,1,,,data-20180110-structure-20150128.csv,2018,9999,2493,,,77,Москва,,
Аэропорт,45-333-000-000,внутригородская территория города федерального значения муниципальный округ Аэропорт,внутригородская территория города федерального значения,,1,,,data-20180110-structure-20150128.csv,2018,9999,2494,,,77,Москва,,
Беговой,45-334-000-000,внутригородская территория города федерального значения муниципальный округ Беговой,внутригородская территория города федерального значения,,1,,,data-20180110-structure-20150128.csv,2018,9999,2495,,,77,Москва,,
Бескудниковский,45-335-000-000,внутригородская территория города федерального значения муниципальный округ Бескудниковский,внутригородская территория города федерального значения,,1,,,data-20180110-structure-20150128.csv,2018,9999,2496,,,77,Москва,,
Войковский,45-336-000-000,внутригородская территория города федерального значения муниципальный округ Войковский,внутригородская территория города федерального значения,,1,,,data-20180110-structure-20150128.csv,2018,9999,2497,,,77,Москва,,
Восточное Дегунино,45-337-000-000,внутригородская территория города федерального значения муниципальный округ Восточное Дегунино,внутригородская территория города федерального значения,,1,,,data-20180110-structure-20150128.csv,2018,9999,2498,,,77,Москва,,
Головинский,45-338-000-000,внутригородская территория города федерального значения муниципальный округ Головинский,внутригородская территория города федерального значения,,1,,,data-20180110-structure-20150128.csv,2018,9999,2499,,,77,Москва,,
Дмитровский,45-339-000-000,внутригородская территория города федерального значения муниципальный округ Дмитровский,внутригородская территория города федерального значения,,1,,,data-20180110-structure-20150128.csv,2018,9999,2500,,,77,Москва,,
Западное Дегунино,45-340-000-000,внутригородская территория города федерального значения муниципальный округ Западное Дегунино,внутригородская территория города федерального значения,,1,,,data-20180110-structure-20150128.csv,2018,9999,2501,,,77,Москва,,
Коптево,45-341-000-000,внутригородская территория города федерального значения муниципальный округ Коптево,внутригородская территория города федерального значения,,1,,,data-20180110-structure-20150128.csv,2018,9999,2502,,,77,Москва,,
Левобережный,45-342-000-000,внутригородская территория города федерального значения муниципальный округ Левобережный,внутригородская территория города федерального значения,,1,,,data-20180110-structure-20150128.csv,2018,9999,2503,,,77,Москва,,
Молжаниновский,45-343-000-000,внутригородская территория города федерального значения муниципальный округ Молжаниновский,внутригородская территория города федерального значения,,1,,,data-20180110-structure-20150128.csv,2018,9999,2504,,,77,Москва,,
Савеловский,45-344-000-000,внутригородская территория города федерального значения муниципальный округ Савеловский,внутригородская территория города федерального значения,,1,,,data-20180110-structure-20150128.csv,2018,9999,2505,,,77,Москва,,
Сокол,45-345-000-000,внутригородская территория города федерального значения муниципальный округ Сокол,внутригородская территория города федерального значения,,1,,,data-20180110-structure-20150128.csv,2018,9999,2506,,,77,Москва,,
Тимирязевский,45-346-000-000,внутригородская территория города федерального значения муниципальный округ Тимирязевский,внутригородская территория города федерального значения,,1,,,data-20180110-structure-20150128.csv,2018,9999,2507,,,77,Москва,,
Ховрино,45-347-000-000,внутригородская территория города федерального значения муниципальный округ Ховрино,внутригородская территория города федерального значения,,1,,,data-20180110-structure-20150128.csv,2018,9999,2508,,,77,Москва,,
Хорошевский,45-348-000-000,внутригородская территория города федерального значения муниципальный округ Хорошевский,внутригородская территория города федерального значения,,1,,,data-20180110-structure-20150128.csv,2018,9999,2509,,,77,Москва,,
Алексеевский,45-349-000-000,внутригородская территория города федерального значения муниципальный округ Алексеевский,внутригородская территория города федерального значения,,1,,,data-20180110-structure-20150128.csv,2018,9999,2510,,,77,Москва,,
Алтуфьевский,45-350-000-000,внутригородская территория города федерального значения муниципальный округ Алтуфьевский,внутригородская территория города федерального значения,,1,,,data-20180110-structure-20150128.csv,2018,9999,2511,,,77,Москва,,
Бабушкинский,45-351-000-000,внутригородская территория города федерального значения муниципальный округ Бабушкинский,внутригородская территория города федерального значения,,1,,,data-20180110-structure-20150128.csv,2018,9999,2512,,,77,Москва,,
Бибирево,45-352-000-000,внутригородская территория города федерального значения муниципальный округ Бибирево,внутригородская территория города федерального значения,,1,,,data-20180110-structure-20150128.csv,2018,9999,2513,,,77,Москва,,
Бутырский,45-353-000-000,внутригородская территория города федерального значения муниципальный округ Бутырский,внутригородская территория города федерального значения,,1,,,data-20180110-structure-20150128.csv,2018,9999,2514,,,77,Москва,,
Лианозово,45-354-000-000,внутригородская территория города федерального значения муниципальный округ Лианозово,внутригородская территория города федерального значения,,1,,,data-20180110-structure-20150128.csv,2018,9999,2515,,,77,Москва,,
Лосиноостровский,45-355-000-000,внутригородская территория города федерального значения муниципальный округ Лосиноостровский,внутригородская территория города федерального значения,,1,,,data-20180110-structure-20150128.csv,2018,9999,2516,,,77,Москва,,
Марфино,45-356-000-000,внутригородская территория города федерального значения муниципальный округ Марфино,внутригородская территория города федерального значения,,1,,,data-20180110-structure-20150128.csv,2018,9999,2517,,,77,Москва,,
Марьина роща,45-357-000-000,внутригородская территория города федерального значения муниципальный округ Марьина роща,внутригородская территория города федерального значения,,1,,,data-20180110-structure-20150128.csv,2018,9999,2518,,,77,Москва,,
Останкинский,45-358-000-000,внутригородская территория города федерального значения муниципальный округ Останкинский,внутригородская территория города федерального значения,,1,,,data-20180110-structure-20150128.csv,2018,9999,2519,,,77,Москва,,
Отрадное,45-359-000-000,внутригородская территория города федерального значения муниципальный округ Отрадное,внутригородская территория города федерального значения,,1,,,data-20180110-structure-20150128.csv,2018,9999,2520,,,77,Москва,,
Ростокино,45-360-000-000,внутригородская территория города федерального значения муниципальный округ Ростокино,внутригородская территория города федерального значения,,1,,,data-20180110-structure-20150128.csv,2018,9999,2521,,,77,Москва,,
Свиблово,45-361-000-000,внутригородская территория города федерального значения муниципальный округ Свиблово,внутригородская территория города федерального значения,,1,,,data-20180110-structure-20150128.csv,2018,9999,2522,,,77,Москва,,
Северное Медведково,45-362-000-000,внутригородская территория города федерального значения муниципальный округ Северное Медведково,внутригородская территория города федерального значения,,1,,,data-20180110-structure-20150128.csv,2018,9999,2523,,,77,Москва,,
Северный,45-363-000-000,внутригородская территория города федерального значения муниципальный округ Северный,внутригородская территория города федерального значения,,1,,,data-20180110-structure-20150128.csv,2018,9999,2524,,,77,Москва,,
Южное Медведково,45-364-000-000,внутригородская территория города федерального значения муниципальный округ Южное Медведково,внутригородская территория города федерального значения,,1,,,data-20180110-structure-20150128.csv,2018,9999,2525,,,77,Москва,,
Ярославский,45-365-000-000,внутригородская территория города федерального значения муниципальный округ Ярославский,внутригородская территория города федерального значения,,1,,,data-20180110-structure-20150128.csv,2018,9999,2526,,,77,Москва,,
Куркино,45-366-000-000,внутригородская территория города федерального значения муниципальный округ Куркино,внутригородская территория города федерального значения,,1,,,data-20180110-structure-20150128.csv,2018,9999,2527,,,77,Москва,,
Митино,45-367-000-000,внутригородская территория города федерального значения муниципальный округ Митино,внутригородская территория города федерального значения,,1,,,data-20180110-structure-20150128.csv,2018,9999,2528,,,77,Москва,,
Покровское-Стрешнево,45-368-000-000,внутригородская территория города федерального значения муниципальный округ Покровское-Стрешнево,внутригородская территория города федерального значения,,1,,,data-20180110-structure-20150128.csv,2018,9999,2529,,,77,Москва,,
Северное Тушино,45-369-000-000,внутригородская территория города федерального значения муниципальный округ Северное Тушино,внутригородская территория города федерального значения,,1,,,data-20180110-structure-20150128.csv,2018,9999,2530,,,77,Москва,,
Строгино,45-370-000-000,внутригородская территория города федерального значения муниципальный округ Строгино,внутригородская территория города федерального значения,,1,,,data-20180110-structure-20150128.csv,2018,9999,2531,,,77,Москва,,
Хорошево-Мневники,45-371-000-000,внутригородская территория города федерального значения муниципальный округ Хорошево-Мневники,внутригородская территория города федерального значения,,1,,,data-20180110-structure-20150128.csv,2018,9999,2532,,,77,Москва,,
Щукино,45-372-000-000,внутригородская территория города федерального значения муниципальный округ Щукино,внутригородская территория города федерального значения,,1,,,data-20180110-structure-20150128.csv,2018,9999,2533,,,77,Москва,,
Южное Тушино,45-373-000-000,внутригородская территория города федерального значения муниципальный округ Южное Тушино,внутригородская территория города федерального значения,,1,,,data-20180110-structure-20150128.csv,2018,9999,2534,,,77,Москва,,
Арбат,45-374-000-000,внутригородская территория города федерального значения муниципальный округ Арбат,внутригородская территория города федерального значения,,1,,,data-20180110-structure-20150128.csv,2018,9999,2535,,,77,Москва,,
Басманный,45-375-000-000,внутригородская территория города федерального значения муниципальный округ Басманный,внутригородская территория города федерального значения,,1,,,data-20180110-structure-20150128.csv,2018,9999,2536,,,77,Москва,,
Замоскворечье,45-376-000-000,внутригородская территория города федерального значения муниципальный округ Замоскворечье,внутригородская территория города федерального значения,,1,,,data-20180110-structure-20150128.csv,2018,9999,2537,,,77,Москва,,
Савелки,45-377-000-000,внутригородская территория города федерального значения муниципальное образование Савелки,внутригородская территория города федерального значения,,1,,,data-20180110-structure-20150128.csv,2018,9999,2538,,,77,Москва,,
Красносельский,45-378-000-000,внутригородская территория города федерального значения муниципальный округ Красносельский,внутригородская территория города федерального значения,,1,,,data-20180110-structure-20150128.csv,2018,9999,2539,,,77,Москва,,
Мещанский,45-379-000-000,внутригородская территория города федерального значения муниципальный округ Мещанский,внутригородская территория города федерального значения,,1,,,data-20180110-structure-20150128.csv,2018,9999,2540,,,77,Москва,,
Пресненский,45-380-000-000,внутригородская территория города федерального значения муниципальный округ Пресненский,внутригородская территория города федерального значения,,1,,,data-20180110-structure-20150128.csv,2018,9999,2541,,,77,Москва,,
Таганский,45-381-000-000,внутригородская территория города федерального значения муниципальный округ Таганский,внутригородская территория города федерального значения,,1,,,data-20180110-structure-20150128.csv,2018,9999,2542,,,77,Москва,,
Тверской,45-382-000-000,внутригородская территория города федерального значения муниципальный округ Тверской,внутригородская территория города федерального значения,,1,,,data-20180110-structure-20150128.csv,2018,9999,2543,,,77,Москва,,
Хамовники,45-383-000-000,внутригородская территория города федерального значения муниципальный округ Хамовники,внутригородская территория города федерального значения,,1,,,data-20180110-structure-20150128.csv,2018,9999,2544,,,77,Москва,,
Якиманка,45-384-000-000,внутригородская территория города федерального значения муниципальный округ Якиманка,внутригородская территория города федерального значения,,1,,,data-20180110-structure-20150128.csv,2018,9999,2545,,,77,Москва,,
Выхино-Жулебино,45-385-000-000,внутригородская территория города федерального значения муниципальный округ Выхино-Жулебино,внутригородская территория города федерального значения,,1,,,data-20180110-structure-20150128.csv,2018,9999,2546,,,77,Москва,,
Капотня,45-386-000-000,внутригородская территория города федерального значения муниципальный округ Капотня,внутригородская территория города федерального значения,,1,,,data-20180110-structure-20150128.csv,2018,9999,2547,,,77,Москва,,
Кузьминки,45-387-000-000,внутригородская территория города федерального значения муниципальный округ Кузьминки,внутригородская территория города федерального значения,,1,,,data-20180110-structure-20150128.csv,2018,9999,2548,,,77,Москва,,
Лефортово,45-388-000-000,внутригородская территория города федерального значения муниципальный округ Лефортово,внутригородская территория города федерального значения,,1,,,data-20180110-structure-20150128.csv,2018,9999,2549,,,77,Москва,,
Люблино,45-389-000-000,внутригородская территория города федерального значения муниципальный округ Люблино,внутригородская территория города федерального значения,,1,,,data-20180110-structure-20150128.csv,2018,9999,2550,,,77,Москва,,
Марьино,45-390-000-000,внутригородская территория города федерального значения муниципальный округ Марьино,внутригородская территория города федерального значения,,1,,,data-20180110-structure-20150128.csv,2018,9999,2551,,,77,Москва,,
Некрасовка,45-391-000-000,внутригородская территория города федерального значения муниципальный округ Некрасовка,внутригородская территория города федерального значения,,1,,,data-20180110-structure-20150128.csv,2018,9999,2552,,,77,Москва,,
Нижегородский,45-392-000-000,внутригородская территория города федерального значения муниципальный округ Нижегородский,внутригородская территория города федерального значения,,1,,,data-20180110-structure-20150128.csv,2018,9999,2553,,,77,Москва,,
Печатники,45-393-000-000,внутригородская территория города федерального значения муниципальный округ Печатники,внутригородская территория города федерального значения,,1,,,data-20180110-structure-20150128.csv,2018,9999,2554,,,77,Москва,,
Рязанский,45-394-000-000,внутригородская территория города федерального значения муниципальный округ Рязанский,внутригородская территория города федерального значения,,1,,,data-20180110-structure-20150128.csv,2018,9999,2555,,,77,Москва,,
Текстильщики,45-395-000-000,внутригородская территория города федерального значения муниципальный округ Текстильщики,внутригородская территория города федерального значения,,1,,,data-20180110-structure-20150128.csv,2018,9999,2556,,,77,Москва,,
Южнопортовый,45-396-000-000,внутригородская территория города федерального значения муниципальный округ Южнопортовый,внутригородская территория города федерального значения,,1,,,data-20180110-structure-20150128.csv,2018,9999,2557,,,77,Москва,,
Академический,45-397-000-000,внутригородская территория города федерального значения муниципальный округ Академический,внутригородская территория города федерального значения,,1,,,data-20180110-structure-20150128.csv,2018,9999,2558,,,77,Москва,,
Гагаринский,45-398-000-000,внутригородская территория города федерального значения муниципальный округ Гагаринский,внутригородская территория города федерального значения,,1,,,data-20180110-structure-20150128.csv,2018,9999,2559,,,77,Москва,,
Зюзино,45-901-000-000,внутригородская территория города федерального значения муниципальный округ Зюзино,внутригородская территория города федерального значения,,1,,,data-20180110-structure-20150128.csv,2018,9999,2560,,,77,Москва,,
Коньково,45-902-000-000,внутригородская территория города федерального значения муниципальный округ Коньково,внутригородская территория города федерального значения,,1,,,data-20180110-structure-20150128.csv,2018,9999,2561,,,77,Москва,,
Котловка,45-903-000-000,внутригородская территория города федерального значения муниципальный округ Котловка,внутригородская территория города федерального значения,,1,,,data-20180110-structure-20150128.csv,2018,9999,2562,,,77,Москва,,
Ломоносовский,45-904-000-000,внутригородская территория города федерального значения муниципальный округ Ломоносовский,внутригородская территория города федерального значения,,1,,,data-20180110-structure-20150128.csv,2018,9999,2563,,,77,Москва,,
Обручевский,45-905-000-000,внутригородская территория города федерального значения муниципальный округ Обручевский,внутригородская территория города федерального значения,,1,,,data-20180110-structure-20150128.csv,2018,9999,2564,,,77,Москва,,
Северное Бутово,45-906-000-000,внутригородская территория города федерального значения муниципальный округ Северное Бутово,внутригородская территория города федерального значения,,1,,,data-20180110-structure-20150128.csv,2018,9999,2565,,,77,Москва,,
Теплый Стан,45-907-000-000,внутригородская территория города федерального значения муниципальный округ Теплый Стан,внутригородская территория города федерального значения,,1,,,data-20180110-structure-20150128.csv,2018,9999,2566,,,77,Москва,,
Черемушки,45-908-000-000,внутригородская территория города федерального значения муниципальный округ Черемушки,внутригородская территория города федерального значения,,1,,,data-20180110-structure-20150128.csv,2018,9999,2567,,,77,Москва,,
Южное Бутово,45-909-000-000,внутригородская территория города федерального значения муниципальный округ Южное Бутово,внутригородская территория города федерального значения,,1,,,data-20180110-structure-20150128.csv,2018,9999,2568,,,77,Москва,,
Ясенево,45-910-000-000,внутригородская территория города федерального значения муниципальный округ Ясенево,внутригородская территория города федерального значения,,1,,,data-20180110-structure-20150128.csv,2018,9999,2569,,,77,Москва,,
Бирюлево Восточное,45-911-000-000,внутригородская территория города федерального значения муниципальный округ Бирюлево Восточное,внутригородская территория города федерального значения,,1,,,data-20180110-structure-20150128.csv,2018,9999,2570,,,77,Москва,,
Бирюлево Западное,45-912-000-000,внутригородская территория города федерального значения муниципальный округ Бирюлево Западное,внутригородская территория города федерального значения,,1,,,data-20180110-structure-20150128.csv,2018,9999,2571,,,77,Москва,,
Братеево,45-913-000-000,внутригородская территория города федерального значения муниципальный округ Братеево,внутригородская территория города федерального значения,,1,,,data-20180110-structure-20150128.csv,2018,9999,2572,,,77,Москва,,
Даниловский,45-914-000-000,внутригородская территория города федерального значения муниципальный округ Даниловский,внутригородская территория города федерального значения,,1,,,data-20180110-structure-20150128.csv,2018,9999,2573,,,77,Москва,,
Донской,45-915-000-000,внутригородская территория города федерального значения муниципальный округ Донской,внутригородская территория города федерального значения,,1,,,data-20180110-structure-20150128.csv,2018,9999,2574,,,77,Москва,,
Зябликово,45-916-000-000,внутригородская территория города федерального значения муниципальный округ Зябликово,внутригородская территория города федерального значения,,1,,,data-20180110-structure-20150128.csv,2018,9999,2575,,,77,Москва,,
Москворечье-Сабурово,45-917-000-000,внутригородская территория города федерального значения муниципальный округ Москворечье-Сабурово,внутригородская территория города федерального значения,,1,,,data-20180110-structure-20150128.csv,2018,9999,2576,,,77,Москва,,
Нагатино-Садовники,45-918-000-000,внутригородская территория города федерального значения муниципальный округ Нагатино-Садовники,внутригородская территория города федерального значения,,1,,,data-20180110-structure-20150128.csv,2018,9999,2577,,,77,Москва,,
Нагатинский затон,45-919-000-000,внутригородская территория города федерального значения муниципальный округ Нагатинский затон,внутригородская территория города федерального значения,,1,,,data-20180110-structure-20150128.csv,2018,9999,2578,,,77,Москва,,
Нагорный,45-920-000-000,внутригородская территория города федерального значения муниципальный округ Нагорный,внутригородская территория города федерального значения,,1,,,data-20180110-structure-20150128.csv,2018,9999,2579,,,77,Москва,,
Орехово-Борисово Северное,45-921-000-000,внутригородская территория города федерального значения муниципальный округ Орехово-Борисово Северное,внутригородская территория города федерального значения,,1,,,data-20180110-structure-20150128.csv,2018,9999,2580,,,77,Москва,,
Орехово-Борисово Южное,45-922-000-000,внутригородская территория города федерального значения муниципальный округ Орехово-Борисово Южное,внутригородская территория города федерального значения,,1,,,data-20180110-structure-20150128.csv,2018,9999,2581,,,77,Москва,,
Царицыно,45-923-000-000,внутригородская территория города федерального значения муниципальный округ Царицыно,внутригородская территория города федерального значения,,1,,,data-20180110-structure-20150128.csv,2018,9999,2582,,,77,Москва,,
Чертаново Северное,45-924-000-000,внутригородская территория города федерального значения муниципальный округ Чертаново Северное,внутригородская территория города федерального значения,,1,,,data-20180110-structure-20150128.csv,2018,9999,2583,,,77,Москва,,
Чертаново Центральное,45-925-000-000,внутригородская территория города федерального значения муниципальный округ Чертаново Центральное,внутригородская территория города федерального значения,,1,,,data-20180110-structure-20150128.csv,2018,9999,2584,,,77,Москва,,
Чертаново Южное,45-926-000-000,внутригородская территория города федерального значения муниципальный округ Чертаново Южное,внутригородская территория города федерального значения,,1,,,data-20180110-structure-20150128.csv,2018,9999,2585,,,77,Москва,,
Старое Крюково,45-927-000-000,внутригородская территория города федерального значения муниципальный округ Старое Крюково,внутригородская территория города федерального значения,,1,,,data-20180110-structure-20150128.csv,2018,9999,2586,,,77,Москва,,
Троицк,45-931-000-000,внутригородская территория города федерального значения городской округ Троицк,внутригородская территория города федерального значения,,1,,,data-20180110-structure-20150128.csv,2018,9999,2587,,,77,Москва,,
Щербинка,45-932-000-000,внутригородская территория города федерального значения городской округ Щербинка,внутригородская территория города федерального значения,,1,,,data-20180110-structure-20150128.csv,2018,9999,2588,,,77,Москва,,
Внуковское,45-941-000-000,внутригородская территория города федерального значения поселение Внуковское,внутригородская территория города федерального значения,,1,,,data-20180110-structure-20150128.csv,2018,9999,2589,,,77,Москва,,
Воскресенское,45-942-000-000,внутригородская территория города федерального значения поселение Воскресенское,внутригородская территория города федерального значения,,1,,,data-20180110-structure-20150128.csv,2018,9999,2590,,,77,Москва,,
Вороновское,45-943-000-000,внутригородская территория города федерального значения поселение Вороновское,внутригородская территория города федерального значения,,1,,,data-20180110-structure-20150128.csv,2018,9999,2591,,,77,Москва,,
Десеновское,45-944-000-000,внутригородская территория города федерального значения поселение Десеновское,внутригородская территория города федерального значения,,1,,,data-20180110-structure-20150128.csv,2018,9999,2592,,,77,Москва,,
Киевский,45-945-000-000,внутригородская территория города федерального значения поселение Киевский,внутригородская территория города федерального значения,,1,,,data-20180110-structure-20150128.csv,2018,9999,2593,,,77,Москва,,
Кленовское,45-946-000-000,внутригородская территория города федерального значения поселение Кленовское,внутригородская территория города федерального значения,,1,,,data-20180110-structure-20150128.csv,2018,9999,2594,,,77,Москва,,
Кокошкино,45-947-000-000,внутригородская территория города федерального значения поселение Кокошкино,внутригородская территория города федерального значения,,1,,,data-20180110-structure-20150128.csv,2018,9999,2595,,,77,Москва,,
Краснопахорское,45-948-000-000,внутригородская территория города федерального значения поселение Краснопахорское,внутригородская территория города федерального значения,,1,,,data-20180110-structure-20150128.csv,2018,9999,2596,,,77,Москва,,
Марушкинское,45-949-000-000,внутригородская территория города федерального значения поселение Марушкинское,внутригородская территория города федерального значения,,1,,,data-20180110-structure-20150128.csv,2018,9999,2597,,,77,Москва,,
Михайлово-Ярцевское,45-951-000-000,внутригородская территория города федерального значения поселение Михайлово-Ярцевское,внутригородская территория города федерального значения,,1,,,data-20180110-structure-20150128.csv,2018,9999,2598,,,77,Москва,,
Московский,45-952-000-000,внутригородская территория города федерального значения поселение Московский,внутригородская территория города федерального значения,,1,,,data-20180110-structure-20150128.csv,2018,9999,2599,,,77,Москва,,
Мосрентген,45-953-000-000,"внутригородская территория города федерального значения поселение Мосрентген""""",внутригородская территория города федерального значения,,1,,,data-20180110-structure-20150128.csv,2018,9999,2600,,,77,Москва,,
Новофедоровское,45-954-000-000,внутригородская территория города федерального значения поселение Новофедоровское,внутригородская территория города федерального значения,,1,,,data-20180110-structure-20150128.csv,2018,9999,2601,,,77,Москва,,
Первомайское,45-955-000-000,внутригородская территория города федерального значения поселение Первомайское,внутригородская территория города федерального значения,,1,,,data-20180110-structure-20150128.csv,2018,9999,2602,,,77,Москва,,
Роговское,45-956-000-000,внутригородская территория города федерального значения поселение Роговское,внутригородская территория города федерального значения,,1,,,data-20180110-structure-20150128.csv,2018,9999,2603,,,77,Москва,,
Рязановское,45-957-000-000,внутригородская территория города федерального значения поселение Рязановское,внутригородская территория города федерального значения,,1,,,data-20180110-structure-20150128.csv,2018,9999,2604,,,77,Москва,,
Сосенское,45-958-000-000,внутригородская территория города федерального значения поселение Сосенское,внутригородская территория города федерального значения,,1,,,data-20180110-structure-20150128.csv,2018,9999,2605,,,77,Москва,,
Филимонковское,45-959-000-000,внутригородская территория города федерального значения поселение Филимонковское,внутригородская территория города федерального значения,,1,,,data-20180110-structure-20150128.csv,2018,9999,2606,,,77,Москва,,
Щаповское,45-961-000-000,внутригородская территория города федерального значения поселение Щаповское,внутригородская территория города федерального значения,,1,,,data-20180110-structure-20150128.csv,2018,9999,2607,,,77,Москва,,
Балаклавский,67-302-000-000,внутригородская территория города федерального значения Балаклавский муниципальный округ,внутригородская территория города федерального значения,,1,,нп Балаклава,data-20180110-structure-20150128.csv,2018,9999,2608,,,92,Севастополь,,
Инкерман,67-304-000-000,внутригородская территория города федерального значения город Инкерман,внутригородская территория города федерального значения,,1,,,data-20180110-structure-20150128.csv,2018,9999,2609,,,92,Севастополь,,
Орлиновский,67-306-000-000,внутригородская территория города федерального значения Орлиновский муниципальный округ,внутригородская территория города федерального значения,,1,,с Орлиное,data-20180110-structure-20150128.csv,2018,9999,2610,,,92,Севастополь,,
Терновский,67-308-000-000,внутригородская территория города федерального значения Терновский муниципальный округ,внутригородская территория города федерального значения,,1,,с Терновка,data-20180110-structure-20150128.csv,2018,9999,2611,,,92,Севастополь,,
Гагаринский,67-310-000-000,внутригородская территория города федерального значения Гагаринский муниципальный округ,внутригородская территория города федерального значения,,1,,,data-20180110-structure-20150128.csv,2018,9999,2612,,,92,Севастополь,,
Ленинский,67-312-000-000,внутригородская территория города федерального значения Ленинский муниципальный округ,внутригородская территория города федерального значения,,1,,,data-20180110-structure-20150128.csv,2018,9999,2613,,,92,Севастополь,,
Нахимовский,67-314-000-000,внутригородская территория города федерального значения Нахимовский муниципальный округ,внутригородская территория города федерального значения,,1,,,data-20180110-structure-20150128.csv,2018,9999,2614,,,92,Севастополь,,
Верхнесадовский,67-316-000-000,внутригородская территория города федерального значения Верхнесадовский муниципальный округ,внутригородская территория города федерального значения,,1,,с Верхнесадовое,data-20180110-structure-20150128.csv,2018,9999,2615,,,92,Севастополь,,
Андреевский,67-318-000-000,внутригородская территория города федерального значения Андреевский муниципальный округ,внутригородская территория города федерального значения,,1,,с Андреевка,data-20180110-structure-20150128.csv,2018,9999,2616,,,92,Севастополь,,
Качинский,67-320-000-000,внутригородская территория города федерального значения Качинский муниципальный округ,внутригородская территория города федерального значения,,1,,п Кача,data-20180110-structure-20150128.csv,2018,9999,2617,,,92,Севастополь,,
Мантурово,34-714-000-000,городской округ город Мантурово,городской округ,,1,,г Мантурово,data-20191206-structure-20150128.csv,2019,2024,2618,union_1,,44,Костромская область,58.333271000000003,44.761791000000002
Переславль-Залесский,78-705-000-000,городской округ город Переславль-Залесский,городской округ,,1,,г Переславль-Залесский,data-20190619-structure-20150128.csv,2019,9999,2619,union_2,,76,Ярославская область,56.736717800000001,38.846271399999999
Соликамский,57-730-000-000,городской округ Соликамский,городской округ,,1,,г Соликамск,data-20190319-structure-20150128.csv,2019,9999,2620,union_3,,59,Пермский край,59.649436999999999,56.779594000000003
Березники,57-708-000-000,городской округ город Березники,городской округ,,1,,г Березники,data-20190319-structure-20150128.csv,2019,9999,2621,union_4,,59,Пермский край,59.408417100000001,56.8036958
Алексеевский,14-710-000-000,городской округ Алексеевский,городской округ,,1,,г Алексеевка,data-20190319-structure-20150128.csv,2019,9999,934,,,31,Белгородская область,50.629936399999998,38.686715399999997
Валуйский,14-720-000-000,городской округ Валуйский,городской округ,,1,,г Валуйки,data-20190319-structure-20150128.csv,2019,9999,937,,,31,Белгородская область,50.213388600000002,38.098696699999998
Грайворонский,14-725-000-000,городской округ Грайворонский,городской округ,,1,,г Грайворон,data-20190319-structure-20150128.csv,2019,9999,940,,,31,Белгородская область,50.483772799999997,35.671201799999999
Новооскольский,14-735-000-000,городской округ Новооскольский,городской округ,,1,,г Новый Оскол,data-20190319-structure-20150128.csv,2019,9999,946,,,31,Белгородская область,50.764426999999998,37.863337999999999
Шебекинский,14-750-000-000,городской округ Шебекинский,городской округ,,1,,г Шебекино,data-20190319-structure-20150128.csv,2019,9999,951,,,31,Белгородская область,50.457536900000001,37.09559306934095
Яковлевский,14-755-000-000,городской округ Яковлевский,городской округ,,1,,г Строитель,data-20190319-structure-20150128.csv,2019,9999,952,,,31,Белгородская область,50.785235999999998,36.485427999999999
Ликино-Дулёво,46-749-000-000,городской округ Ликино-Дулёво,городской округ,,1,,г Ликино-Дулёво,data-20180824-structure-20150128.csv,2019,2020,1498,,union_8,50,Московская область,55.704310100000001,38.956909099999997
Клин,46-737-000-000,городской округ Клин,городской округ,,1,,г Клин,data-20180824-structure-20150128.csv,2019,9999,1492,,,50,Московская область,56.335560100000002,36.735131799999998
Дмитровский,46-715-000-000,городской округ Дмитровский,городской округ,,1,,г Дмитров,data-20190319-structure-20150128.csv,2019,9999,1491,,,50,Московская область,56.345069500000001,37.520072300000002
Талдомский,46-778-000-000,городской округ Талдомский,городской округ,,1,,г Талдом,data-20190319-structure-20150128.csv,2019,9999,1504,,,50,Московская область,56.730941000000001,37.528016000000001
Богородский,46-751-000-000,городской округ Богородский,городской округ,,1,,г Ногинск,data-20190319-structure-20150128.csv,2019,9999,1496,,,50,Московская область,55.8553511,38.441189799999997
Кашинский,28-758-000-000,городской округ Кашинский,городской округ,,1,,г Кашин,data-20190319-structure-20150128.csv,2019,9999,2121,,,69,Тверская область,57.361755000000002,37.611454000000002
Нелидовский,28-759-000-000,городской округ Нелидовский,городской округ,,1,,г Нелидово,data-20190319-structure-20150128.csv,2019,9999,2131,,,69,Тверская область,56.226097000000003,32.771110999999998
Балтийский,27-705-000-000,городской округ Балтийский,городской округ,,1,,г Балтийск,data-20190319-structure-20150128.csv,2019,9999,1184,,,39,Калининградская область,54.643721399999997,19.894158399999998
Нестеровский,27-715-000-000,городской округ Нестеровский,городской округ,,1,,г Нестеров,data-20190319-structure-20150128.csv,2019,2021,1192,,,39,Калининградская область,54.632545499999999,22.571099799999999
Светлогорский,27-734-000-000,городской округ Светлогорский,городской округ,,1,,г Светлогорск,data-20190419-structure-20150128.csv,2019,9999,1190,,,39,Калининградская область,54.941755200000003,20.155086300000001
Кизел,57-719-000-000,городской округ город Кизел,городской округ,,1,,г Кизел,data-20190319-structure-20150128.csv,2019,9999,745,,,59,Пермский край,59.049252000000003,57.653500000000001
Краснокамский,57-720-000-000,городской округ Краснокамский,городской округ,,1,,г Краснокамск,data-20190319-structure-20150128.csv,2019,9999,748,,,59,Пермский край,58.081261300000001,55.758694300000002
Гремячинский,57-715-000-000,городской округ Гремячинский,городской округ,,1,,г Гремячинск,data-20190319-structure-20150128.csv,2019,2023,740,,union_18,59,Пермский край,58.566966299999997,57.850404900000001
Оханский,57-729-000-000,городской округ Оханский,городской округ,,1,,г Оханск,data-20190319-structure-20150128.csv,2019,9999,755,,,59,Пермский край,57.721784999999997,55.385989299999999
Горнозаводский,57-714-000-000,городской округ Горнозаводский,городской округ,,1,,г Горнозаводск,data-20190319-structure-20150128.csv,2019,9999,739,,,59,Пермский край,58.374001,58.325057999999999
Чайковский,57-735-000-000,городской округ Чайковский,городской округ,,1,,г Чайковский,data-20190319-structure-20150128.csv,2019,9999,763,,,59,Пермский край,56.7787468,54.150070399999997
Серпухов,46-770-000-000,городской округ Серпухов,городской округ,,1,,г Серпухов,data-20200110-structure-20150128.csv,2019,9999,2644,union_5,,50,Московская область,54.915524699999999,37.419553299999997
Можайский,46-745-000-000,городской округ Можайский,городской округ,,1,,г Можайск,data-20190319-structure-20150128.csv,2019,9999,1495,,,50,Московская область,55.5095679,35.986899000000001
Обнинск,29-715-000-000,городской округ город Обнинск,городской округ,,1,,г Обнинск,data-20180110-structure-20150128.csv,2019,9999,2646,transfer_1,,40,Калужская область,55.095173799999998,36.611913000000001
Боровский,29-606-000-000,Боровский муниципальный район,муниципальный район,,1,,г Боровск,data-20180110-structure-20150128.csv,2019,9999,2647,transfer_1,,40,Калужская область,55.204951600000001,36.484852949799148
Лосино-Петровский,46-742-000-000,городской округ Лосино-Петровский,городской округ,,1,,г Лосино-Петровский,data-20180110-structure-20150128.csv,2019,9999,2648,transfer_2,,50,Московская область,55.870559299999996,38.203270099999997
Щёлковский,46-659-000-000,Щёлковский муниципальный район,муниципальный район,,1,,г Щёлково,data-20180110-structure-20150128.csv,2019,2020,2649,transfer_2,,50,Московская область,55.920649900000001,37.9915576
Новозыбковский,15-720-000-000,городской округ Новозыбковский,городской округ,,1,,г Новозыбков,data-20191224-structure-20150128.csv,2020,9999,2650,union_6,,32,Брянская область,52.537086000000002,31.933669999999999
Одинцовский,46-755-000-000,городской округ Одинцовский,городской округ,,1,,г Одинцово,data-20200110-structure-20150128.csv,2020,9999,2651,union_7,,50,Московская область,55.678223000000003,37.266809600000002
Орехово-Зуевский,46-757-000-000,городской округ Орехово-Зуевский,городской округ,,1,,г Орехово-Зуево,data-20200110-structure-20150128.csv,2020,9999,2652,union_8,,50,Московская область,55.808327800000001,38.979003800000001
Солнечногорск,46-771-000-000,городской округ Солнечногорск,городской округ,,1,,г Солнечногорск,data-20200110-structure-20150128.csv,2020,2023,1503,,transfer_7,50,Московская область,56.185350100000001,36.978153599999999
Сергиево-Посадский,46-728-000-000,городской округ Сергиево-Посадский,городской округ,,1,,г Сергиев Посад,data-20200401-structure-20150128.csv,2020,9999,1501,,,50,Московская область,56.315328399999999,38.135989799999997
Воскресенск,46-710-000-000,городской округ Воскресенск,городской округ,,1,,г Воскресенск,data-20200401-structure-20150128.csv,2020,9999,1490,,,50,Московская область,55.322518000000002,38.6816824
Раменский,46-768-000-000,городской округ Раменский,городской округ,,1,,г Раменское,data-20200401-structure-20150128.csv,2020,9999,1500,,,50,Московская область,55.570936099999997,38.228209900000003
Пушкинский,46-758-000-000,городской округ Пушкинский,городской округ,,1,,г Пушкино,data-20200401-structure-20150128.csv,2020,2021,1499,,union_13,50,Московская область,56.010427399999998,37.846189199999998
Волоколамский,46-708-000-000,городской округ Волоколамский,городской округ,,1,,г Волоколамск,data-20200401-structure-20150128.csv,2020,9999,1489,,,50,Московская область,56.036012900000003,35.9583358
Лотошино,46-752-000-000,городской округ Лотошино,городской округ,,1,,рп Лотошино,data-20200401-structure-20150128.csv,2020,9999,1494,,,50,Московская область,56.228890999999997,35.639902900000003
Весьегонский,28-510-000-000,муниципальный округ Весьегонский,муниципальный округ,,1,,г Весьегонск,data-20200301-structure-20150128.csv,2020,9999,2114,,,69,Тверская область,58.663726400000002,37.262649600000003
Андреапольский,28-502-000-000,муниципальный округ Андреапольский,муниципальный округ,,1,,г Андреаполь,data-20200301-structure-20150128.csv,2020,9999,2110,,,69,Тверская область,56.646801000000004,32.265320000000003
Красновишерский,57-760-000-000,городской округ Красновишерский,городской округ,,1,,г Красновишерск,data-20191224-structure-20150128.csv,2020,9999,747,,,59,Пермский край,60.401783700000003,57.076704499999998
Верещагинский,57-712-000-000,городской округ Верещагинский,городской округ,,1,,г Верещагино,data-20191224-structure-20150128.csv,2020,9999,738,,,59,Пермский край,58.072099000000001,54.6674784
Осинский,57-728-000-000,городской округ Осинский,городской округ,,1,,г Оса,data-20191224-structure-20150128.csv,2020,9999,754,,,59,Пермский край,57.282920699999998,55.460205899999998
Чернушинский,57-757-000-000,городской округ Чернушинский,городской округ,,1,,г Чернушка,data-20191224-structure-20150128.csv,2020,9999,766,,,59,Пермский край,56.515281700000003,56.076504100000001
Суксунский,57-731-000-000,городской округ Суксунский,городской округ,,1,,рп Суксун,data-20191224-structure-20150128.csv,2020,9999,760,,,59,Пермский край,57.146392200000001,57.395133899999998
Добрянский,57-718-000-000,городской округ Добрянский,городской округ,,1,,г Добрянка,data-20191224-structure-20150128.csv,2020,9999,741,,,59,Пермский край,58.4624764,56.4007589
Ильинский,57-759-000-000,городской округ Ильинский,городской округ,,1,,п Ильинский,data-20191224-structure-20150128.csv,2020,9999,743,,,59,Пермский край,58.567624649999999,55.694509700077347
Октябрьский,57-761-000-000,городской округ Октябрьский,городской округ,,1,,рп Октябрьский,data-20191224-structure-20150128.csv,2020,9999,752,,,59,Пермский край,56.514307799999997,57.2035567
Очерский,57-762-000-000,городской округ Очерский,городской округ,,1,,г Очер,data-20191224-structure-20150128.csv,2020,9999,756,,,59,Пермский край,57.8836175,54.715823
Чердынский,57-756-000-000,городской округ Чердынский,городской округ,,1,,г Чердынь,data-20191224-structure-20150128.csv,2020,9999,765,,,59,Пермский край,60.4046807,56.475275199999999
Чусовской,57-758-000-000,городской округ Чусовской,городской округ,,1,,г Чусовой,data-20191224-structure-20150128.csv,2020,9999,767,,,59,Пермский край,58.282055,57.821075
Нытвенский,57-727-000-000,городской округ Нытвенский,городской округ,,1,,г Нытва,data-20191224-structure-20150128.csv,2020,9999,751,,,59,Пермский край,57.943423000000003,55.331634899999997
Александровский,57-502-000-000,муниципальный округ Александровский,муниципальный округ,,1,,г Александровск,data-20200401-structure-20150128.csv,2020,9999,734,,,59,Пермский край,59.159386099999999,57.586123200000003
Березовский,57-506-000-000,муниципальный округ Березовский,муниципальный округ,,1,,с Березовка,data-20200401-structure-20150128.csv,2020,9999,736,,,59,Пермский край,57.6026326,57.333067
Ординский,57-538-000-000,муниципальный округ Ординский,муниципальный округ,,1,,с Орда,data-20200401-structure-20150128.csv,2020,9999,753,,,59,Пермский край,57.195328450000012,56.90325538019961
Гайнский,57-513-000-000,муниципальный округ Гайнский,муниципальный округ,,1,,п Гайны,data-20200401-structure-20150128.csv,2020,9999,769,,,59,Пермский край,60.304130999999998,54.327331999999998
Кочевский,57-526-000-000,муниципальный округ Кочевский,муниципальный округ,,1,,с Кочево,data-20200401-structure-20150128.csv,2020,9999,771,,,59,Пермский край,59.609367349999999,54.326390437814453
Кудымкарский,57-528-000-000,муниципальный округ Кудымкарский,муниципальный округ,,3,57-721-000-000,г Кудымкар,data-20200401-structure-20150128.csv,2020,2023,772,,union_17,59,Пермский край,59.014606000000001,54.664135000000002
Кудымкар,57-721-000-000,городской округ город Кудымкар,городской округ,,2,57-528-000-000,г Кудымкар,data-20200401-structure-20150128.csv,2020,2023,768,,union_17,59,Пермский край,59.014606000000001,54.664135000000002
Юрлинский,57-559-000-000,муниципальный округ Юрлинский,муниципальный округ,,1,,с Юрла,data-20200401-structure-20150128.csv,2020,9999,773,,,59,Пермский край,59.328687500000001,54.324655499999999
Юсьвинский,57-560-000-000,муниципальный округ Юсьвинский,муниципальный округ,,1,,с Юсьва,data-20200401-structure-20150128.csv,2020,9999,774,,,59,Пермский край,58.964664999999997,54.9605745
Уинский,57-552-000-000,муниципальный округ Уинский,муниципальный округ,,1,,с Уинское,data-20200401-structure-20150128.csv,2020,9999,761,,,59,Пермский край,56.878297349999997,56.568374373782213
Косинский,57-525-000-000,муниципальный округ Косинский,муниципальный округ,,1,,с Коса,data-20200401-structure-20150128.csv,2020,9999,770,,,59,Пермский край,59.944386000000002,54.989826000000001
Богородский,33-719-000-000,городской округ Богородский,городской округ,,1,,пгт Богородское,data-20191224-structure-20150128.csv,2020,2021,1267,,,43,Кировская область,57.831645899999998,50.751219499999998
Санчурский,33-716-000-000,городской округ Санчурский,городской округ,,1,,пгт Санчурск,data-20191224-structure-20150128.csv,2020,2021,1291,,,43,Кировская область,56.940403600000003,47.252694699999999
Воротынский,22-719-000-000,городской округ Воротынский,городской округ,,1,,рп Воротынец,data-20200110-structure-20150128.csv,2020,9999,1550,,,52,Нижегородская область,56.060469599999998,45.862527999999998
Голышмановский,71-702-000-000,городской округ Голышмановский,городской округ,,1,,рп Голышманово,data-20190419-structure-20150128.csv,2020,9999,2201,,,72,Тюменская область,56.395499999999998,68.375
Пировский,04-545-000-000,Пировский муниципальный округ,муниципальный округ,,1,,с Пировское,data-20210118-structure-20150128.csv,2020,9999,713,,,24,Красноярский край,57.624046,92.272644
Шарыповский,04-558-000-000,Шарыповский муниципальный округ,муниципальный округ,,3,04-740-000-000,г Шарыпово,data-20210118-structure-20150128.csv,2020,9999,724,,,24,Красноярский край,55.532912699999997,89.186420400000003
Ижморский,32-504-000-000,Ижморский муниципальный округ,муниципальный округ,,1,,пгт Ижморский,data-20200301-structure-20150128.csv,2020,9999,1242,,,42,Кемеровская область,56.192169,86.637169
Кемеровский,32-507-000-000,Кемеровский муниципальный округ,муниципальный округ,,3,32-701-000-000,г Кемерово,data-20200301-structure-20150128.csv,2020,9999,1243,,,42,Кемеровская область,55.355090699999998,86.087121300000007
Крапивинский,32-510-000-000,Крапивинский муниципальный округ,муниципальный округ,,1,,пгт Крапивинский,data-20200301-structure-20150128.csv,2020,9999,1244,,,42,Кемеровская область,55.003925000000002,86.805854999999994
Ленинск-Кузнецкий,32-513-000-000,Ленинск-Кузнецкий муниципальный округ,муниципальный округ,,3,32-719-000-000,г Ленинск-Кузнецкий,data-20200301-structure-20150128.csv,2020,9999,1245,,,42,Кемеровская область,54.665443000000003,86.166115000000005
Прокопьевский,32-522-000-000,Прокопьевский муниципальный округ,муниципальный округ,,3,32-737-000-000,г Прокопьевск,data-20200301-structure-20150128.csv,2020,2023,1248,,union_20,42,Кемеровская область,53.887911699999997,86.749207200000001
Промышленновский,32-525-000-000,Промышленновский муниципальный округ,муниципальный округ,,1,,пгт Промышленная,data-20200301-structure-20150128.csv,2020,9999,1249,,,42,Кемеровская область,54.918655000000001,85.638029299999999
Топкинский,32-531-000-000,Топкинский муниципальный округ,муниципальный округ,,1,,г Топки,data-20200301-structure-20150128.csv,2020,9999,1252,,,42,Кемеровская область,55.275196200000003,85.622874100000004
Тяжинский,32-534-000-000,Тяжинский муниципальный округ,муниципальный округ,,1,,пгт Тяжинский,data-20200301-structure-20150128.csv,2020,9999,1253,,,42,Кемеровская область,56.113935099999999,88.517181399999998
Чебулинский,32-537-000-000,Чебулинский муниципальный округ,муниципальный округ,,1,,пгт Верх-Чебула,data-20200301-structure-20150128.csv,2020,9999,1254,,,42,Кемеровская область,56.033034299999997,87.622022299999998
Юргинский,32-540-000-000,Юргинский муниципальный округ,муниципальный округ,,3,32-749-000-000,г Юрга,data-20200301-structure-20150128.csv,2020,9999,1255,,,42,Кемеровская область,55.7136,84.934798999999998
Яйский,32-543-000-000,Яйский муниципальный округ,муниципальный округ,,1,,пгт Яя,data-20200301-structure-20150128.csv,2020,9999,1256,,,42,Кемеровская область,56.202008399999997,86.448536099999998
Яшкинский,32-546-000-000,Яшкинский муниципальный округ,муниципальный округ,,1,,пгт Яшкино,data-20200301-structure-20150128.csv,2020,9999,1257,,,42,Кемеровская область,55.871788799999997,85.438031600000002
Гурьевский,32-502-000-000,Гурьевский муниципальный округ,муниципальный округ,,1,,г Гурьевск,data-20200301-structure-20150128.csv,2020,9999,1241,,,42,Кемеровская область,54.284953999999999,85.931090999999995
Анучинский,05-502-000-000,Анучинский муниципальный округ,муниципальный округ,,1,,с Анучино,data-20200301-structure-20150128.csv,2020,9999,787,,,25,Приморский край,43.9656156,133.06065839999999
Пограничный,05-532-000-000,Пограничный муниципальный округ,муниципальный округ,,1,,пгт Пограничный,data-20200301-structure-20150128.csv,2020,9999,798,,,25,Приморский край,44.403115100000001,131.38250600000001
Чугуевский,05-555-000-000,Чугуевский муниципальный округ,муниципальный округ,,1,,с Чугуевка,data-20200301-structure-20150128.csv,2020,9999,806,,,25,Приморский край,44.168666700000003,133.8729678
Серноводский,96-631-000-000,Серноводский муниципальный район,муниципальный район,,1,,с Серноводское,data-20200601-structure-20150128.csv,2020,9999,473,,,20,Чеченская Республика,43.315834000000002,45.163657999999998
Оленинский,28-544-000-000,муниципальный округ Оленинский,муниципальный округ,,1,,пгт Оленино,data-20210118-structure-20150128.csv,2020,9999,2132,,,69,Тверская область,56.208992000000002,33.480034000000003
Щёлково,46-788-000-000,городской округ Щёлково,городской округ,,1,,г Щёлково,data-20200110-structure-20150128.csv,2020,9999,2649,,,50,Московская область,55.920649900000001,37.9915576
Вышневолоцкий,28-714-000-000,городской округ Вышневолоцкий,городской округ,,1,,г Вышний Волочек,data-20200301-structure-20150128.csv,2020,9999,2710,union_9,,69,Тверская область,57.588364800000001,34.572073199999998
Ланское,40-323-000-000,внутригородская территория города федерального значения муниципальный округ Ланское,внутригородская территория города федерального значения,,1,,,data-20210118-structure-20150128.csv,2020,9999,2373,,,78,Санкт-Петербург,,
Михайловский,63-760-000-000,городской округ поселок Михайловский,городской округ,,1,,п Михайловский,data-20191206-structure-20150128.csv,2020,9999,1913,,,64,Саратовская область,51.767910000000001,48.587874999999997
Шиханы,63-746-000-000,городской округ город Шиханы,городской округ,,1,,г Шиханы,data-20191206-structure-20150128.csv,2020,9999,1912,,,64,Саратовская область,52.114837999999999,47.198475000000002
Стародубский,15-501-000-000,муниципальный округ Стародубский,муниципальный округ,,1,,г Стародуб,data-20210118-structure-20150128.csv,2021,9999,2714,union_11,,32,Брянская область,52.584446,32.760097999999999
Жуковский,15-502-000-000,муниципальный округ Жуковский,муниципальный округ,,1,,г Жуковка,data-20210118-structure-20150128.csv,2021,9999,966,,,32,Брянская область,53.532960799999998,33.732086299999999
Ленинский,46-707-000-000,городской округ Ленинский,городской округ,,1,,г Видное,data-20210118-structure-20150128.csv,2021,9999,1493,,,50,Московская область,55.557149600000002,37.708714200000003
Лесной,28-536-000-000,муниципальный округ Лесной,муниципальный округ,,1,,с Лесное,data-20210118-structure-20150128.csv,2021,9999,2127,,,69,Тверская область,58.284644100000001,35.524845599999999
Западнодвинский,28-516-000-000,муниципальный округ Западнодвинский,муниципальный округ,,1,,г Западная Двина,data-20210118-structure-20150128.csv,2021,9999,2117,,,69,Тверская область,56.258828700000002,32.070712200000003
Пеновский,28-546-000-000,муниципальный округ Пеновский,муниципальный округ,,1,,пгт Пено,data-20210118-structure-20150128.csv,2021,9999,2133,,,69,Тверская область,56.923789999999997,32.744605999999997
Сандовский,28-549-000-000,муниципальный округ Сандовский,муниципальный округ,,1,,пгт Сандово,data-20210118-structure-20150128.csv,2021,9999,2136,,,69,Тверская область,58.461376000000001,36.411372999999998
Краснохолмский,28-532-000-000,муниципальный округ Краснохолмский,муниципальный округ,,1,,г Красный Холм,data-20210118-structure-20150128.csv,2021,9999,2125,,,69,Тверская область,58.056507000000003,37.114730999999999
Селижаровский,28-550-000-000,муниципальный округ Селижаровский,муниципальный округ,,1,,пгт Селижарово,data-20210118-structure-20150128.csv,2021,9999,2137,,,69,Тверская область,56.855632999999997,33.452286000000001
Вилегодский,11-511-000-000,муниципальный округ Вилегодский,муниципальный округ,,1,,с Ильинско-Подомское,data-20210225-structure-20150128.csv,2021,9999,899,,,29,Архангельская область,61.115704000000001,47.97831
Каргопольский,11-518-000-000,муниципальный округ Каргопольский,муниципальный округ,,1,,г Каргополь,data-20210118-structure-20150128.csv,2021,9999,901,,,29,Архангельская область,61.509121,38.940795999999999
Багратионовский,27-503-000-000,муниципальный округ Багратионовский,муниципальный округ,,1,,г Багратионовск,data-20220128-structure-20150128.csv,2021,9999,1183,,,39,Калининградская область,54.386819099999997,20.640512399999999
Гвардейский,27-506-000-000,муниципальный округ Гвардейский,муниципальный округ,,1,,г Гвардейск,data-20220128-structure-20150128.csv,2021,9999,1185,,,39,Калининградская область,54.647826500000001,21.071943099999999
Гурьевский,27-507-000-000,муниципальный округ Гурьевский,муниципальный округ,,1,,г Гурьевск,data-20220128-structure-20150128.csv,2021,9999,1186,,,39,Калининградская область,54.774557100000003,20.603704100000002
Зеленоградский,27-510-000-000,муниципальный округ Зеленоградский,муниципальный округ,,1,,г Зеленоградск,data-20220128-structure-20150128.csv,2021,9999,1188,,,39,Калининградская область,54.960036500000001,20.475018800000001
Краснознаменский,27-513-000-000,муниципальный округ Краснознаменский,муниципальный округ,,1,,г Краснознаменск,data-20220128-structure-20150128.csv,2021,9999,1189,,,39,Калининградская область,54.941522499999998,22.491297599999999
Неманский,27-514-000-000,муниципальный округ Неманский,муниципальный округ,,1,,г Неман,data-20220128-structure-20150128.csv,2021,9999,1191,,,39,Калининградская область,55.035965599999997,22.0293578
Нестеровский,27-515-000-000,муниципальный округ Нестеровский,муниципальный округ,,1,,г Нестеров,data-20220128-structure-20150128.csv,2021,9999,1192,,,39,Калининградская область,54.632545499999999,22.571099799999999
Озерский,27-516-000-000,муниципальный округ Озерский,муниципальный округ,,1,,г Озерск,data-20220128-structure-20150128.csv,2021,9999,1193,,,39,Калининградская область,54.408740999999999,22.014358999999999
Полесский,27-518-000-000,муниципальный округ Полесский,муниципальный округ,,1,,г Полесск,data-20220128-structure-20150128.csv,2021,9999,1194,,,39,Калининградская область,54.8627556,21.109859100000001
Правдинский,27-519-000-000,муниципальный округ Правдинский,муниципальный округ,,1,,г Правдинск,data-20220128-structure-20150128.csv,2021,9999,1195,,,39,Калининградская область,54.447144000000002,21.01399
Славский,27-527-000-000,муниципальный округ Славский,муниципальный округ,,1,,г Славск,data-20220128-structure-20150128.csv,2021,9999,1196,,,39,Калининградская область,55.045490000000001,21.679072999999999
Черняховский,27-539-000-000,муниципальный округ Черняховский,муниципальный округ,,1,,г Черняховск,data-20220128-structure-20150128.csv,2021,9999,1197,,,39,Калининградская область,54.635533000000002,21.8099822
Печенгский,47-515-000-000,Печенгский муниципальный округ,муниципальный округ,,1,,пгт Никель,data-20210118-structure-20150128.csv,2021,9999,1521,,,51,Мурманская область,69.406221700000003,30.211421600000001
Ковдорский,47-517-000-000,Ковдорский муниципальный округ,муниципальный округ,,1,,г Ковдор,data-20220128-structure-20150128.csv,2021,9999,1512,,,51,Мурманская область,67.563049000000007,30.474108000000001
Апатиты,47-519-000-000,муниципальный округ город Апатиты,муниципальный округ,,1,,г Апатиты,data-20220128-structure-20150128.csv,2021,9999,1507,,,51,Мурманская область,67.568625999999995,33.404392000000001
Кировск,47-522-000-000,муниципальный округ город Кировск,муниципальный округ,,1,,г Кировск,data-20220128-structure-20150128.csv,2021,9999,1508,,,51,Мурманская область,67.615133099999994,33.663752700000003
Мончегорск,47-524-000-000,муниципальный округ город Мончегорск,муниципальный округ,,1,,г Мончегорск,data-20220128-structure-20150128.csv,2021,9999,1509,,,51,Мурманская область,67.939903000000001,32.931679000000003
Оленегорск,47-526-000-000,муниципальный округ город Оленегорск,муниципальный округ,,1,,г Оленегорск,data-20220128-structure-20150128.csv,2021,9999,1510,,,51,Мурманская область,68.140732,33.282597000000003
Полярные Зори,47-528-000-000,муниципальный округ город Полярные Зори,муниципальный округ,,1,,г Полярные Зори,data-20220128-structure-20150128.csv,2021,9999,1511,,,51,Мурманская область,67.365922499999996,32.501027700000002
Хвойнинский,49-545-000-000,муниципальный округ Хвойнинский,муниципальный округ,,1,,рп Хвойная,data-20210201-structure-20150128.csv,2021,9999,1593,,,53,Новгородская область,58.896062100000002,34.512184400000002
Марёвский,49-523-000-000,муниципальный округ Марёвский,муниципальный округ,,1,,с Марёво,data-20210118-structure-20150128.csv,2021,9999,1584,,,53,Новгородская область,57.315285000000003,32.082282999999997
Волотовский,49-510-000-000,муниципальный округ Волотовский,муниципальный округ,,1,,п Волот,data-20210118-structure-20150128.csv,2021,9999,1579,,,53,Новгородская область,57.930100699999997,30.709080799999999
Солецкий,49-538-000-000,муниципальный округ Солецкий,муниципальный округ,,1,,г Сольцы,data-20210118-structure-20150128.csv,2021,9999,1591,,,53,Новгородская область,58.119002999999999,30.309678999999999
Сириус,03-731-000-000,городской округ Сириус,городской округ,федеральная_территория,1,,пгт Сириус,data-20210118-structure-20150128.csv,2021,9999,2748,disunion_1,,23,Краснодарский край,43.40670875,39.965422612249426
Александровский,07-502-000-000,Александровский муниципальный округ,муниципальный округ,,1,,с Александровское,data-20210118-structure-20150128.csv,2021,9999,826,,,26,Ставропольский край,44.712477300000003,43.000500000000002
Андроповский,07-503-000-000,Андроповский муниципальный округ,муниципальный округ,,1,,с Курсавка,data-20210118-structure-20150128.csv,2021,9999,827,,,26,Ставропольский край,44.461642900000001,42.508231100000003
Апанасенковский,07-505-000-000,Апанасенковский муниципальный округ,муниципальный округ,,1,,с Дивное,data-20210118-structure-20150128.csv,2021,9999,828,,,26,Ставропольский край,45.910305000000001,43.341800999999997
Арзгирский,07-507-000-000,Арзгирский муниципальный округ,муниципальный округ,,1,,с Арзгир,data-20210118-structure-20150128.csv,2021,9999,829,,,26,Ставропольский край,45.369194,44.212685
Будённовский,07-512-000-000,Будённовский муниципальный округ,муниципальный округ,,1,,г Будённовск,data-20210118-structure-20150128.csv,2021,9999,830,,,26,Ставропольский край,44.780532999999998,44.163356999999998
Грачёвский,07-517-000-000,Грачёвский муниципальный округ,муниципальный округ,,1,,с Грачёвка,data-20210118-structure-20150128.csv,2021,9999,831,,,26,Ставропольский край,45.202821499999999,42.399056799999997
Кочубеевский,07-528-000-000,Кочубеевский муниципальный округ,муниципальный округ,,1,,с Кочубеевское,data-20210118-structure-20150128.csv,2021,9999,832,,,26,Ставропольский край,44.686731799999997,41.825955999999998
Курский,07-533-000-000,Курский муниципальный округ,муниципальный округ,,1,,ст-ца Курская,data-20210118-structure-20150128.csv,2021,9999,834,,,26,Ставропольский край,44.043141400000003,44.462526599999997
Левокумский,07-536-000-000,Левокумский муниципальный округ,муниципальный округ,,1,,с Левокумское,data-20210118-structure-20150128.csv,2021,9999,835,,,26,Ставропольский край,44.822535999999999,44.660426999999999
Новоселицкий,07-544-000-000,Новоселицкий муниципальный округ,муниципальный округ,,1,,с Новоселицкое,data-20210118-structure-20150128.csv,2021,9999,836,,,26,Ставропольский край,44.756465800000001,43.434083000000001
Предгорный,07-548-000-000,Предгорный муниципальный округ,муниципальный округ,,1,,ст-ца Ессентукская,data-20210118-structure-20150128.csv,2021,2022,837,,transfer_3,26,Ставропольский край,44.021651599999998,42.874233099999998
Степновский,07-552-000-000,Степновский муниципальный округ,муниципальный округ,,1,,с Степное,data-20210118-structure-20150128.csv,2021,9999,838,,,26,Ставропольский край,44.268863099999997,44.594409499999998
Труновский,07-554-000-000,Труновский муниципальный округ,муниципальный округ,,1,,с Донское,data-20210118-structure-20150128.csv,2021,9999,839,,,26,Ставропольский край,45.454815600000003,41.975638199999999
Туркменский,07-556-000-000,Туркменский муниципальный округ,муниципальный округ,,1,,с Летняя Ставка,data-20210118-structure-20150128.csv,2021,9999,840,,,26,Ставропольский край,45.426357000000003,43.442570000000003
Шпаковский,07-558-000-000,Шпаковский муниципальный округ,муниципальный округ,,1,,г Михайловск,data-20210118-structure-20150128.csv,2021,9999,841,,,26,Ставропольский край,45.132491299999998,42.026330399999999
Бардымский,57-503-000-000,муниципальный округ Бардымский,муниципальный округ,,1,,с Барда,data-20210118-structure-20150128.csv,2021,9999,735,,,59,Пермский край,56.930186999999997,55.586967000000001
Еловский,57-518-000-000,муниципальный округ Еловский,муниципальный округ,,1,,с Елово,data-20210118-structure-20150128.csv,2021,9999,742,,,59,Пермский край,57.046350349999997,54.923459718185988
Кишертский,57-524-000-000,муниципальный округ Кишертский,муниципальный округ,,1,,с Усть-Кишерть,data-20210225-structure-20150128.csv,2021,9999,746,,,59,Пермский край,57.359971700000003,57.247177499999999
Частинский,57-555-000-000,муниципальный округ Частинский,муниципальный округ,,1,,с Частые,data-20210118-structure-20150128.csv,2021,9999,764,,,59,Пермский край,57.292951599999988,54.964259689477267
Куединский,57-529-000-000,муниципальный округ Куединский,муниципальный округ,,1,,п Куеда,data-20210201-structure-20150128.csv,2021,9999,749,,,59,Пермский край,56.433506000000001,55.590763000000003
Сивинский,57-548-000-000,муниципальный округ Сивинский,муниципальный округ,,1,,с Сива,data-20210118-structure-20150128.csv,2021,9999,758,,,59,Пермский край,58.4277655,54.205753000000001
Карагайский,57-522-000-000,муниципальный округ Карагайский,муниципальный округ,,1,,с Карагай,data-20210225-structure-20150128.csv,2021,9999,744,,,59,Пермский край,58.265579000000002,54.927208
Арбажский,33-502-000-000,муниципальный округ Арбажский,муниципальный округ,,1,,пгт Арбаж,data-20210118-structure-20150128.csv,2021,9999,1264,,,43,Кировская область,57.679348400000002,48.303594599999997
Кикнурский,33-516-000-000,муниципальный округ Кикнурский,муниципальный округ,,1,,пгт Кикнур,data-20210118-structure-20150128.csv,2021,9999,1273,,,43,Кировская область,57.3049331,47.208940400000003
Свечинский,33-534-000-000,муниципальный округ Свечинский,муниципальный округ,,1,,пгт Свеча,data-20210118-structure-20150128.csv,2021,9999,1292,,,43,Кировская область,58.277000000000001,47.512543000000001
Фаленский,33-543-000-000,муниципальный округ Фаленский,муниципальный округ,,1,,пгт Фаленки,data-20210118-structure-20150128.csv,2021,9999,1299,,,43,Кировская область,58.355366699999998,51.5965834
Богородский,33-506-000-000,муниципальный округ Богородский,муниципальный округ,,1,,пгт Богородское,data-20210118-structure-20150128.csv,2021,9999,1267,,,43,Кировская область,57.831645899999998,50.751219499999998
Санчурский,33-533-000-000,муниципальный округ Санчурский,муниципальный округ,,1,,пгт Санчурск,data-20210118-structure-20150128.csv,2021,9999,1291,,,43,Кировская область,56.940403600000003,47.252694699999999
Уренский,22-554-000-000,Уренский муниципальный округ,муниципальный округ,,1,,г Урень,data-20210201-structure-20150128.csv,2021,9999,1572,,,52,Нижегородская область,57.461497399999999,45.787891100000003
Балахнинский,22-505-000-000,Балахнинский муниципальный округ,муниципальный округ,,1,,г Балахна,data-20210201-structure-20150128.csv,2021,9999,1539,,,52,Нижегородская область,56.487050500000002,43.603955300000003
Богородский,22-507-000-000,Богородский муниципальный округ,муниципальный округ,,1,,г Богородск,data-20210201-structure-20150128.csv,2021,9999,1540,,,52,Нижегородская область,56.103416000000003,43.516818999999998
Бутурлинский,22-512-000-000,Бутурлинский муниципальный округ,муниципальный округ,,1,,рп Бутурлино,data-20210201-structure-20150128.csv,2021,9999,1543,,,52,Нижегородская область,55.568863,44.891452999999998
Вадский,22-514-000-000,Вадский муниципальный округ,муниципальный округ,,1,,с Вад,data-20210201-structure-20150128.csv,2021,9999,1544,,,52,Нижегородская область,55.5313789,44.209251700000003
Ковернинский,22-534-000-000,Ковернинский муниципальный округ,муниципальный округ,,1,,рп Ковернино,data-20210201-structure-20150128.csv,2021,9999,1557,,,52,Нижегородская область,57.126109999999997,43.816386999999999
Лысковский,22-540-000-000,Лысковский муниципальный округ,муниципальный округ,,1,,г Лысково,data-20210201-structure-20150128.csv,2021,9999,1562,,,52,Нижегородская область,56.027884999999998,45.038314999999997
Павловский,22-542-000-000,Павловский муниципальный округ,муниципальный округ,,1,,г Павлово,data-20210201-structure-20150128.csv,2021,9999,1563,,,52,Нижегородская область,55.965136999999999,43.071114000000001
Починковский,22-546-000-000,Починковский муниципальный округ,муниципальный округ,,1,,с Починки,data-20210201-structure-20150128.csv,2021,9999,1565,,,52,Нижегородская область,54.697451700000002,44.861289300000003
Тоншаевский,22-553-000-000,Тоншаевский муниципальный округ,муниципальный округ,,1,,рп Тоншаево,data-20210201-structure-20150128.csv,2021,9999,1571,,,52,Нижегородская область,57.732841000000001,47.011944
Шумихинский,37-542-000-000,муниципальный округ Шумихинский,муниципальный округ,,1,,г Шумиха,data-20210225-structure-20150128.csv,2021,9999,1356,,,45,Курганская область,55.228206999999998,63.282501000000003
Макушинский,37-520-000-000,муниципальный округ Макушинский,муниципальный округ,,1,,г Макушино,data-20210225-structure-20150128.csv,2021,9999,1345,,,45,Курганская область,55.208320999999998,67.252739000000005
Надымский,71-936-000-000,муниципальный округ Надымский район,муниципальный округ,,1,,г Надым,data-20210118-structure-20150128.csv,2021,9999,2245,,,89,Ямало-Ненецкий автономный округ,65.531999999999996,72.52
Пуровский,71-940-000-000,муниципальный округ Пуровский район,муниципальный округ,,1,,г Тарко-Сале,data-20210118-structure-20150128.csv,2021,2022,2247,,transfer_6,89,Ямало-Ненецкий автономный округ,64.921999099999994,77.779459000000003
Тазовский,71-943-000-000,муниципальный округ Тазовский район,муниципальный округ,,1,,п Тазовский,data-20210118-structure-20150128.csv,2021,9999,2248,,,89,Ямало-Ненецкий автономный округ,67.4735321,78.714920599999999
Тюхтетский,04-555-000-000,Тюхтетский муниципальный округ,муниципальный округ,,1,,с Тюхтет,data-20210118-structure-20150128.csv,2021,9999,721,,,24,Красноярский край,56.539836999999999,89.311485000000005
Тисульский,32-528-000-000,Тисульский муниципальный округ,муниципальный округ,,1,,пгт Тисуль,data-20210225-structure-20150128.csv,2021,9999,1251,,,42,Кемеровская область,55.763851000000003,88.313021599999999
Приаргунский,76-538-000-000,Приаргунский муниципальный округ,муниципальный округ,,1,,пгт Приаргунск,data-20210401-structure-20150128.csv,2021,9999,594,,,75,Забайкальский край,50.365901999999998,119.09013400000001
Каларский,76-515-000-000,Каларский муниципальный округ,муниципальный округ,,1,,пгт Новая Чара,data-20210401-structure-20150128.csv,2021,9999,582,,,75,Забайкальский край,56.797935000000003,118.2732323
Алеутский,30-501-000-000,Алеутский муниципальный округ,муниципальный округ,,1,,с Никольское,data-20210118-structure-20150128.csv,2021,9999,610,,,41,Камчатский край,55.197973300000001,165.9969098
Хорольский,05-550-000-000,Хорольский муниципальный округ,муниципальный округ,,1,,с Хороль,data-20210118-structure-20150128.csv,2021,9999,804,,,25,Приморский край,44.425258499999998,132.08166159999999
Октябрьский,05-526-000-000,Октябрьский муниципальный округ,муниципальный округ,,1,,с Покровка,data-20210118-structure-20150128.csv,2021,9999,795,,,25,Приморский край,43.952465699999998,131.63296349999999
Лазовский,05-517-000-000,Лазовский муниципальный округ,муниципальный округ,,1,,с Лазо,data-20210118-structure-20150128.csv,2021,9999,792,,,25,Приморский край,43.384793999999999,133.90540429999999
Ханкайский,05-546-000-000,Ханкайский муниципальный округ,муниципальный округ,,1,,с Камень-Рыболов,data-20210118-structure-20150128.csv,2021,9999,802,,,25,Приморский край,44.742198399999999,132.0467903
Тернейский,05-540-000-000,Тернейский муниципальный округ,муниципальный округ,,1,,пгт Терней,data-20210118-structure-20150128.csv,2021,9999,801,,,25,Приморский край,45.0504046,136.61372929999999
Белогорский,10-508-000-000,Белогорский муниципальный округ,муниципальный округ,,3,10-710-000-000,г Белогорск,data-20210118-structure-20150128.csv,2021,9999,871,,,28,Амурская область,50.921326000000001,128.47287
Завитинский,10-521-000-000,Завитинский муниципальный округ,муниципальный округ,,1,,г Завитинск,data-20220128-structure-20150128.csv,2021,9999,874,,,28,Амурская область,50.111153999999999,129.4402341
Бурейский,10-515-000-000,Бурейский муниципальный округ,муниципальный округ,,1,,рп (пгт) Новобурейский,data-20220128-structure-20150128.csv,2021,9999,873,,,28,Амурская область,49.793960400000003,129.87341050000001
Ивановский,10-528-000-000,Ивановский муниципальный округ,муниципальный округ,,1,,с Ивановка,data-20220128-structure-20150128.csv,2021,9999,876,,,28,Амурская область,50.358142999999998,128.003128
Ромненский,10-540-000-000,Ромненский муниципальный округ,муниципальный округ,,1,,с Ромны,data-20210118-structure-20150128.csv,2021,9999,882,,,28,Амурская область,50.718390999999997,129.29092399999999
Тындинский,10-554-000-000,Тындинский муниципальный округ,муниципальный округ,,3,10-732-000-000,г Тында,data-20220128-structure-20150128.csv,2021,9999,888,,,28,Амурская область,55.149693999999997,124.73758840000001
Коломна,46-738-000-000,городской округ Коломна,городской округ,,1,,г Коломна,data-20220128-structure-20150128.csv,2021,9999,2808,union_12,,50,Московская область,55.093874300000003,38.767012100000002
Кунгурский,57-530-000-000,муниципальный округ Кунгурский,муниципальный округ,,1,,г Кунгур,data-20220128-structure-20150128.csv,2021,9999,2809,union_14,,59,Пермский край,57.439777100000001,56.926607300000001
Красногвардейский,07-530-000-000,Красногвардейский муниципальный округ,муниципальный округ,,1,,с Красногвардейское,data-20210118-structure-20150128.csv,2021,9999,833,,,26,Ставропольский край,45.840508,41.514591000000003
Дивеевский,22-532-000-000,Дивеевский муниципальный округ,муниципальный округ,,1,,с Дивеево,data-20210201-structure-20150128.csv,2021,9999,1555,,,52,Нижегородская область,55.041687000000003,43.245517999999997
Сочи,03-726-000-000,городской округ город-курорт Сочи,городской округ,,1,,г Сочи,data-20180110-structure-20150128.csv,2021,9999,2812,disunion_1,,23,Краснодарский край,43.585482300000002,39.723109000000001
Шатура,46-786-000-000,городской округ Шатура,городской округ,,1,,г Шатура,data-20180129-structure-20150128.csv,2021,9999,2813,union_10,,50,Московская область,55.578403000000002,39.543758400000002
Пушкинский,46-758-000-000,городской округ Пушкинский,городской округ,,1,,г Пушкино,data-20200401-structure-20150128.csv,2021,9999,2814,union_13,,50,Московская область,56.010427399999998,37.846189199999998
Нейский,34-524-000-000,Нейский муниципальный округ,муниципальный округ,,1,,г Нея,data-20220128-structure-20150128.csv,2022,9999,1320,,,44,Костромская область,58.294090799999999,43.860920100000001
Парфеньевский,34-534-000-000,Парфеньевский муниципальный округ,муниципальный округ,,1,,с Парфеньево,data-20220128-structure-20150128.csv,2022,9999,1325,,,44,Костромская область,58.479988900000002,43.408618199999999
Межевской,34-522-000-000,Межевской муниципальный округ,муниципальный округ,,1,,с Георгиевское,data-20220128-structure-20150128.csv,2022,9999,1319,,,44,Костромская область,58.730345399999997,45.029912699999997
Кологривский,34-512-000-000,Кологривский муниципальный округ,муниципальный округ,,1,,г Кологрив,data-20220128-structure-20150128.csv,2022,9999,1314,,,44,Костромская область,58.825496999999999,44.311275000000002
Орловский,54-501-000-000,муниципальный округ Орловский,муниципальный округ,,3,54-701-000-000,г Орёл,data-20220328-structure-20150128.csv,2022,9999,1726,,,57,Орловская область,52.968017149999987,36.099499418161038
Лихославльский,28-538-000-000,муниципальный округ Лихославльский,муниципальный округ,,1,,г Лихославль,data-20220128-structure-20150128.csv,2022,9999,2128,,,69,Тверская область,57.1244437,35.466527599999999
Рамешковский,28-547-000-000,муниципальный округ Рамешковский,муниципальный округ,,1,,пгт Рамешки,data-20220128-structure-20150128.csv,2022,9999,2134,,,69,Тверская область,57.345300100000003,36.0453999
Спировский,28-552-000-000,муниципальный округ Спировский,муниципальный округ,,1,,пгт Спирово,data-20220128-structure-20150128.csv,2022,9999,2139,,,69,Тверская область,57.421531100000003,34.993278799999999
Молоковский,28-542-000-000,муниципальный округ Молоковский,муниципальный округ,,1,,пгт Молоково,data-20220128-structure-20150128.csv,2022,9999,2130,,,69,Тверская область,58.163025500000003,36.766113699999998
Плесецкий,11-550-000-000,Плесецкий муниципальный округ,муниципальный округ,,1,,рп Плесецк,data-20220128-structure-20150128.csv,2022,9999,911,,,29,Архангельская область,62.709524000000002,40.284388499999999
Верхнетоемский,11-508-000-000,Верхнетоемский муниципальный округ,муниципальный округ,,1,,с Верхняя Тойма,data-20220128-structure-20150128.csv,2022,9999,898,,,29,Архангельская область,62.235364099999998,45.000789699999999
Виноградовский,11-514-000-000,Виноградовский муниципальный округ,муниципальный округ,,1,,п Березник,data-20220128-structure-20150128.csv,2022,9999,900,,,29,Архангельская область,62.855541000000002,42.710132999999999
Алнашский,94-502-000-000,муниципальный округ Алнашский район,муниципальный округ,,1,,с Алнаши,data-20220128-structure-20150128.csv,2022,9999,423,,,18,Удмуртская Республика,56.1848812,52.475530900000003
Балезинский,94-504-000-000,муниципальный округ Балезинский район,муниципальный округ,,1,,п Балезино,data-20220128-structure-20150128.csv,2022,9999,424,,,18,Удмуртская Республика,57.974568599999998,53.011189100000003
Вавожский,94-506-000-000,муниципальный округ Вавожский район,муниципальный округ,,1,,с Вавож,data-20220128-structure-20150128.csv,2022,9999,425,,,18,Удмуртская Республика,56.767612900000003,51.9313766
Воткинский,94-508-000-000,муниципальный округ Воткинский район,муниципальный округ,,3,94-710-000-000,г Воткинск,data-20220328-structure-20150128.csv,2022,9999,426,,,18,Удмуртская Республика,57.030962649999999,53.952909871495507
Глазовский,94-510-000-000,муниципальный округ Глазовский район,муниципальный округ,,3,94-720-000-000,г Глазов,data-20220328-structure-20150128.csv,2022,9999,427,,,18,Удмуртская Республика,58.140119599999998,52.646438799999999
Граховский,94-512-000-000,муниципальный округ Граховский район,муниципальный округ,,1,,с Грахово,data-20220128-structure-20150128.csv,2022,9999,428,,,18,Удмуртская Республика,56.0468999,51.9629501
Дебёсский,94-514-000-000,муниципальный округ Дебёсский район,муниципальный округ,,1,,с Дебёсы,data-20220128-structure-20150128.csv,2022,9999,429,,,18,Удмуртская Республика,57.652351000000003,53.806393
Завьяловский,94-516-000-000,муниципальный округ Завьяловский район,муниципальный округ,,1,,с Завьялово,data-20220128-structure-20150128.csv,2022,9999,430,,,18,Удмуртская Республика,56.784661999999997,53.3776005
Игринский,94-518-000-000,муниципальный округ Игринский район,муниципальный округ,,1,,п Игра,data-20220128-structure-20150128.csv,2022,9999,431,,,18,Удмуртская Республика,57.539150100000001,53.080851899999999
Камбарский,94-520-000-000,муниципальный округ Камбарский район,муниципальный округ,,1,,г Камбарка,data-20220128-structure-20150128.csv,2022,9999,432,,,18,Удмуртская Республика,56.265251499999998,54.194561299999997
Каракулинский,94-522-000-000,муниципальный округ Каракулинский район,муниципальный округ,,1,,с Каракулино,data-20220128-structure-20150128.csv,2022,9999,433,,,18,Удмуртская Республика,56.010523200000002,53.705165000000001
Кезский,94-524-000-000,муниципальный округ Кезский район,муниципальный округ,,1,,п Кез,data-20220128-structure-20150128.csv,2022,9999,434,,,18,Удмуртская Республика,57.896557299999998,53.714013399999999
Кизнерский,94-526-000-000,муниципальный округ Кизнерский район,муниципальный округ,,1,,п Кизнер,data-20220128-structure-20150128.csv,2022,9999,435,,,18,Удмуртская Республика,56.285025500000003,51.519262599999998
Киясовский,94-528-000-000,муниципальный округ Киясовский район,муниципальный округ,,1,,с Киясово,data-20220128-structure-20150128.csv,2022,9999,436,,,18,Удмуртская Республика,56.343880400000003,53.124752600000001
Красногорский,94-530-000-000,муниципальный округ Красногорский район,муниципальный округ,,1,,с Красногорское,data-20220128-structure-20150128.csv,2022,9999,437,,,18,Удмуртская Республика,57.703724999999999,52.501840999999999
Малопургинский,94-533-000-000,муниципальный округ Малопургинский район,муниципальный округ,,1,,с Малая Пурга,data-20220128-structure-20150128.csv,2022,9999,438,,,18,Удмуртская Республика,56.549545500000001,53.005508499999998
Можгинский,94-535-000-000,муниципальный округ Можгинский район,муниципальный округ,,3,94-730-000-000,г Можга,data-20220328-structure-20150128.csv,2022,9999,439,,,18,Удмуртская Республика,56.44903635,52.218594744003283
Сарапульский,94-537-000-000,муниципальный округ Сарапульский район,муниципальный округ,,1,,с Сигаево,data-20220128-structure-20150128.csv,2022,9999,440,,,18,Удмуртская Республика,56.421605800000002,53.775369599999998
Селтинский,94-539-000-000,муниципальный округ Селтинский район,муниципальный округ,,1,,с Селты,data-20220128-structure-20150128.csv,2022,9999,441,,,18,Удмуртская Республика,57.3094964,52.138146800000001
Сюмсинский,94-541-000-000,муниципальный округ Сюмсинский район,муниципальный округ,,1,,с Сюмси,data-20220128-structure-20150128.csv,2022,9999,442,,,18,Удмуртская Республика,57.108137800000002,51.614731599999999
Увинский,94-544-000-000,муниципальный округ Увинский район,муниципальный округ,,1,,п Ува,data-20220128-structure-20150128.csv,2022,9999,443,,,18,Удмуртская Республика,56.9826616,52.1884394
Шарканский,94-546-000-000,муниципальный округ Шарканский район,муниципальный округ,,1,,с Шаркан,data-20220128-structure-20150128.csv,2022,9999,444,,,18,Удмуртская Республика,57.295315000000002,53.869011
Юкаменский,94-548-000-000,муниципальный округ Юкаменский район,муниципальный округ,,1,,с Юкаменское,data-20220128-structure-20150128.csv,2022,9999,445,,,18,Удмуртская Республика,57.886576099999999,52.247309799999996
Якшур-Бодьинский,94-550-000-000,муниципальный округ Якшур-Бодьинский район,муниципальный округ,,1,,с Якшур-Бодья,data-20220128-structure-20150128.csv,2022,9999,446,,,18,Удмуртская Республика,57.184248400000001,53.154484699999998
Ярский,94-552-000-000,муниципальный округ Ярский район,муниципальный округ,,1,,п Яр,data-20220128-structure-20150128.csv,2022,9999,447,,,18,Удмуртская Республика,58.244242399999997,52.107932599999998
Красноармейский,97-524-000-000,Красноармейский муниципальный округ,муниципальный округ,,1,,с Красноармейское,data-20220128-structure-20150128.csv,2022,9999,491,,,21,Чувашская Республика,55.767925200000001,47.168494199999998
Шумерлинский,97-550-000-000,Шумерлинский муниципальный округ,муниципальный округ,,3,97-713-000-000,г Шумерля,data-20220128-structure-20150128.csv,2022,9999,500,,,21,Чувашская Республика,55.498516199999997,46.4186725
Большесосновский,57-508-000-000,муниципальный округ Большесосновский,муниципальный округ,,1,,с Большая Соснова,data-20220128-structure-20150128.csv,2022,9999,737,,,59,Пермский край,57.671267999999998,54.602867000000003
Верхнекамский,33-507-000-000,муниципальный округ Верхнекамский,муниципальный округ,,1,,г Кирс,data-20220128-structure-20150128.csv,2022,9999,1268,,,43,Кировская область,59.339897100000002,52.241823199999999
Лебяжский,33-521-000-000,муниципальный округ Лебяжский,муниципальный округ,,1,,пгт Лебяжье,data-20220128-structure-20150128.csv,2022,9999,1278,,,43,Кировская область,57.409543399999997,49.527689100000003
Лузский,33-522-000-000,муниципальный округ Лузский,муниципальный округ,,1,,г Луза,data-20220128-structure-20150128.csv,2022,9999,1279,,,43,Кировская область,60.630623300000003,47.254926099999999
Мурашинский,33-524-000-000,муниципальный округ Мурашинский,муниципальный округ,,1,,г Мураши,data-20220128-structure-20150128.csv,2022,9999,1281,,,43,Кировская область,59.395101799999999,48.964444499999999
Немский,33-526-000-000,муниципальный округ Немский,муниципальный округ,,1,,пгт Нема,data-20220128-structure-20150128.csv,2022,9999,1283,,,43,Кировская область,57.505265600000001,50.502166099999997
Опаринский,33-529-000-000,муниципальный округ Опаринский,муниципальный округ,,1,,пгт Опарино,data-20220128-structure-20150128.csv,2022,9999,1286,,,43,Кировская область,59.851658899999997,48.277776799999998
Пижанский,33-531-000-000,муниципальный округ Пижанский,муниципальный округ,,1,,пгт Пижанка,data-20220128-structure-20150128.csv,2022,9999,1289,,,43,Кировская область,57.460223999999997,48.533831999999997
Унинский,33-540-000-000,муниципальный округ Унинский,муниципальный округ,,1,,пгт Уни,data-20220128-structure-20150128.csv,2022,9999,1297,,,43,Кировская область,57.754369699999998,51.489525800000003
Кстовский,22-537-000-000,Кстовский муниципальный округ,муниципальный округ,,1,,г Кстово,data-20221219-structure-20150128.csv,2022,9999,1560,,,52,Нижегородская область,56.149551000000002,44.198031999999998
Лебяжьевский,37-518-000-000,Лебяжьевский муниципальный округ,муниципальный округ,,1,,рп Лебяжье,data-20220128-structure-20150128.csv,2022,9999,1344,,,45,Курганская область,55.273006000000002,66.502243000000007
Куртамышский,37-516-000-000,Куртамышский муниципальный округ,муниципальный округ,,1,,г Куртамыш,data-20220128-structure-20150128.csv,2022,9999,1343,,,45,Курганская область,54.909585900000003,64.428392500000001
Шатровский,37-540-000-000,Шатровский муниципальный округ,муниципальный округ,,1,,с Шатрово,data-20220128-structure-20150128.csv,2022,9999,1355,,,45,Курганская область,56.519568999999997,64.634208999999998
Петуховский,37-526-000-000,Петуховский муниципальный округ,муниципальный округ,,1,,г Петухово,data-20220128-structure-20150128.csv,2022,9999,1348,,,45,Курганская область,55.064999999999998,67.887360000000001
Альменевский,37-502-000-000,Альменевский муниципальный округ,муниципальный округ,,1,,с Альменево,data-20220128-structure-20150128.csv,2022,9999,1335,,,45,Курганская область,54.942504999999997,63.578785000000003
Целинный,37-534-000-000,Целинный муниципальный округ,муниципальный округ,,1,,с Целинное,data-20220128-structure-20150128.csv,2022,9999,1352,,,45,Курганская область,54.50412,63.664242000000002
Красноселькупский,71-933-000-000,муниципальный округ Красноселькупский район,муниципальный округ,,1,,с Красноселькуп,data-20220128-structure-20150128.csv,2022,9999,2244,,,89,Ямало-Ненецкий автономный округ,65.704239000000001,82.458855
Ямальский,71-948-000-000,муниципальный округ Ямальский район,муниципальный округ,,1,,с Яр-Сале,data-20220128-structure-20150128.csv,2022,9999,2250,,,89,Ямало-Ненецкий автономный округ,66.865562999999995,70.836529999999996
Приуральский,71-938-000-000,муниципальный округ Приуральский район,муниципальный округ,,1,,с Аксарка,data-20220128-structure-20150128.csv,2022,9999,2872,transfer_5,,89,Ямало-Ненецкий автономный округ,66.558233200000004,67.805198700000005
Залесовский,01-512-000-000,Залесовский муниципальный округ,муниципальный округ,,1,,с Залесово,data-20220128-structure-20150128.csv,2022,9999,525,,,22,Алтайский край,53.993351199999999,84.7466139
Беловский,32-501-000-000,Беловский муниципальный округ,муниципальный округ,,1,,с Вишневка,data-20220128-structure-20150128.csv,2022,9999,1240,,,42,Кемеровская область,54.412444999999998,86.399742000000003
Мариинский,32-516-000-000,Мариинский муниципальный округ,муниципальный округ,,1,,г Мариинск,data-20220128-structure-20150128.csv,2022,9999,1246,,,42,Кемеровская область,56.206299000000001,87.751259000000005
Кисловодск,07-715-000-000,городской округ город-курорт Кисловодск,городской округ,,1,,г Кисловодск,data-20180110-structure-20150128.csv,2022,9999,2876,transfer_3,,26,Ставропольский край,43.912874299999999,42.719218599999998
Саратов,63-701-000-000,городской округ город Саратов,городской округ,административный_центр_субъекта,2,63-643-000-000,г Саратов,data-20180110-structure-20150128.csv,2022,2023,2877,transfer_4,union_19,64,Саратовская область,51.530017999999998,46.034683000000001
Саратовский,63-643-000-000,Саратовский муниципальный район,муниципальный район,,3,63-701-000-000,г Саратов,data-20180110-structure-20150128.csv,2022,2023,2878,transfer_4,union_19,64,Саратовская область,51.530017999999998,46.034683000000001
Губкинский,71-952-000-000,городской округ город Губкинский,городской округ,,1,,г Губкинский,data-20180110-structure-20150128.csv,2022,9999,2879,transfer_6,,89,Ямало-Ненецкий автономный округ,64.433782399999998,76.489808600000003
Лабытнанги,71-953-000-000,городской округ город Лабытнанги,городской округ,,1,,г Лабытнанги,data-20180110-structure-20150128.csv,2022,9999,2880,transfer_5,,89,Ямало-Ненецкий автономный округ,66.688883500000003,66.434716143569403
Предгорный,07-548-000-000,Предгорный муниципальный округ,муниципальный округ,,1,,ст-ца Ессентукская,data-20210118-structure-20150128.csv,2022,9999,2881,transfer_3,,26,Ставропольский край,44.021651599999998,42.874233099999998
Пуровский,71-940-000-000,муниципальный округ Пуровский район,муниципальный округ,,1,,г Тарко-Сале,data-20210118-structure-20150128.csv,2022,9999,2882,transfer_6,,89,Ямало-Ненецкий автономный округ,64.921999099999994,77.779459000000003
Кимрский,28-528-000-000,муниципальный округ Кимрский,муниципальный округ,,1,,г Кимры,data-20221219-structure-20150128.csv,2023,9999,2883,union_15,,69,Тверская область,56.873439500000003,37.355696799999997
Ржевский,28-548-000-000,муниципальный округ Ржевский,муниципальный округ,,1,,г Ржев,data-20221219-structure-20150128.csv,2023,9999,2884,union_16,,69,Тверская область,56.256520700000003,34.328648999999999
Кудымкарский,57-528-000-000,муниципальный округ Кудымкарский,муниципальный округ,,1,,г Кудымкар,data-20221219-structure-20150128.csv,2023,9999,2885,union_17,,59,Пермский край,59.014606000000001,54.664135000000002
Губахинский,57-516-000-000,муниципальный округ Губахинский,муниципальный округ,,1,,г Губаха,data-20221219-structure-20150128.csv,2023,9999,2886,union_18,,59,Пермский край,58.842407000000001,57.555058000000002
Саратов,63-701-000-000,городской округ город Саратов,городской округ,административный_центр_субъекта,1,,г Саратов,data-20220627-structure-20150128.csv,2023,9999,2887,union_19,,64,Саратовская область,51.530017999999998,46.034683000000001
Поназыревский,34-536-000-000,Поназыревский муниципальный округ,муниципальный округ,,1,,пгт Поназырево,data-20221219-structure-20150128.csv,2023,9999,1326,,,44,Костромская область,58.358153999999999,46.317428999999997
Пыщугский,34-538-000-000,Пыщугский муниципальный округ,муниципальный округ,,1,,с Пыщуг,data-20221219-structure-20150128.csv,2023,9999,1327,,,44,Костромская область,59.010450499999997,45.611114499999999
Бельский,28-506-000-000,муниципальный округ Бельский,муниципальный округ,,1,,г Белый,data-20221219-structure-20150128.csv,2023,9999,2112,,,69,Тверская область,55.833072999999999,32.939487
Зубцовский,28-518-000-000,муниципальный округ Зубцовский,муниципальный округ,,1,,г Зубцов,data-20221219-structure-20150128.csv,2023,9999,2118,,,69,Тверская область,56.170071,34.585182000000003
Кесовогорский,28-526-000-000,муниципальный округ Кесовогорский,муниципальный округ,,1,,пгт Кесова Гора,data-20221219-structure-20150128.csv,2023,9999,2122,,,69,Тверская область,57.579341999999997,37.295616000000003
Максатихинский,28-540-000-000,муниципальный округ Максатихинский,муниципальный округ,,1,,пгт Максатиха,data-20221219-structure-20150128.csv,2023,9999,2129,,,69,Тверская область,57.797325000000001,35.879040000000003
Сонковский,28-551-000-000,муниципальный округ Сонковский,муниципальный округ,,1,,пгт Сонково,data-20221219-structure-20150128.csv,2023,9999,2138,,,69,Тверская область,57.780932499999999,37.165399200000003
Старицкий,28-553-000-000,муниципальный округ Старицкий,муниципальный округ,,1,,г Старица,data-20221219-structure-20150128.csv,2023,9999,2140,,,69,Тверская область,56.508110500000001,34.931473799999999
Жарковский,28-514-000-000,муниципальный округ Жарковский,муниципальный округ,,1,,пгт Жарковский,data-20221219-structure-20150128.csv,2023,9999,2116,,,69,Тверская область,55.847944900000002,32.262696900000002
Суоярвский,86-550-000-000,Суоярвский муниципальный округ,муниципальный округ,,1,,г. Суоярви,data-20230208-structure-20150128.csv,2023,9999,223,,,10,Республика Карелия,62.082009399999997,32.345855999999998
Мезенский,11-542-000-000,Мезенский муниципальный округ,муниципальный округ,,1,,г Мезень,data-20221219-structure-20150128.csv,2023,9999,907,,,29,Архангельская область,65.843956000000006,44.244140999999999
Шенкурский,11-558-000-000,Шенкурский муниципальный округ,муниципальный округ,,1,,г Шенкурск,data-20221219-structure-20150128.csv,2023,9999,915,,,29,Архангельская область,62.105927899999998,42.907643499999999
Лешуконский,11-538-000-000,Лешуконский муниципальный округ,муниципальный округ,,1,,с Лешуконское,data-20221219-structure-20150128.csv,2023,9999,906,,,29,Архангельская область,64.902480999999995,45.767242000000003
Котласский,11-527-000-000,Котласский муниципальный округ,муниципальный округ,,3,11-710-000-000,г Котлас,data-20221219-structure-20150128.csv,2023,9999,903,,,29,Архангельская область,61.252150999999998,46.647629000000002
Холмогорский,11-556-000-000,Холмогорский муниципальный округ,муниципальный округ,,1,,с Холмогоры,data-20221219-structure-20150128.csv,2023,9999,914,,,29,Архангельская область,64.227000799999999,41.6512435
Няндомский,11-544-000-000,Няндомский муниципальный округ,муниципальный округ,,1,,г Няндома,data-20221219-structure-20150128.csv,2023,9999,908,,,29,Архангельская область,61.661298500000001,40.197040399999999
Устьянский,11-554-000-000,Устьянский муниципальный округ,муниципальный округ,,1,,рп Октябрьский,data-20230126-structure-20150128.csv,2023,9999,913,,,29,Архангельская область,61.090485000000001,43.171481999999997
Бабаевский,19-505-000-000,Бабаевский муниципальный округ,муниципальный округ,,1,,г Бабаево,data-20221219-structure-20150128.csv,2023,9999,1047,,,35,Вологодская область,59.388712900000002,35.949995100000002
Бабушкинский,19-508-000-000,Бабушкинский муниципальный округ,муниципальный округ,,1,,с им Бабушкина,data-20221219-structure-20150128.csv,2023,9999,1048,,,35,Вологодская область,59.756736400000001,43.133563600000002
Белозерский,19-510-000-000,Белозерский муниципальный округ,муниципальный округ,,1,,г Белозерск,data-20221219-structure-20150128.csv,2023,9999,1049,,,35,Вологодская область,60.03199,37.784218899999999
Великоустюгский,19-514-000-000,Великоустюгский муниципальный округ,муниципальный округ,,1,,г Великий Устюг,data-20230112-structure-20150128.csv,2023,9999,1051,,,35,Вологодская область,60.761285200000003,46.301466599999998
Верховажский,19-516-000-000,Верховажский муниципальный округ,муниципальный округ,,1,,с Верховажье,data-20221219-structure-20150128.csv,2023,9999,1052,,,35,Вологодская область,60.745161699999997,42.047316000000002
Вожегодский,19-518-000-000,Вожегодский муниципальный округ,муниципальный округ,,1,,рп Вожега,data-20221219-structure-20150128.csv,2023,9999,1053,,,35,Вологодская область,60.473630100000001,40.212161299999998
Вологодский,19-520-000-000,Вологодский муниципальный округ,муниципальный округ,,3,19-701-000-000,г Вологда,data-20230126-structure-20150128.csv,2023,9999,1054,,,35,Вологодская область,59.2189391,39.893391299999998
Грязовецкий,19-524-000-000,Грязовецкий муниципальный округ,муниципальный округ,,1,,г Грязовец,data-20221219-structure-20150128.csv,2023,9999,1056,,,35,Вологодская область,58.884169200000002,40.2515006
Кадуйский,19-526-000-000,Кадуйский муниципальный округ,муниципальный округ,,1,,рп Кадуй,data-20221219-structure-20150128.csv,2023,9999,1057,,,35,Вологодская область,59.199218999999999,37.148609
Кичменгско-Городецкий,19-530-000-000,Кичменгско-Городецкий муниципальный округ,муниципальный округ,,1,,с Кичменгский Городок,data-20221219-structure-20150128.csv,2023,9999,1059,,,35,Вологодская область,59.992337900000003,45.805567400000001
Междуреченский,19-532-000-000,Междуреченский муниципальный округ,муниципальный округ,,1,,с Шуйское,data-20221219-structure-20150128.csv,2023,9999,1060,,,35,Вологодская область,59.3746522,41.028218299999999
Нюксенский,19-536-000-000,Нюксенский муниципальный округ,муниципальный округ,,1,,с Нюксеница,data-20221219-structure-20150128.csv,2023,9999,1062,,,35,Вологодская область,60.419795999999998,44.254550999999999
Сокольский,19-538-000-000,Сокольский муниципальный округ,муниципальный округ,,1,,г Сокол,data-20221219-structure-20150128.csv,2023,9999,1063,,,35,Вологодская область,59.462798999999997,40.112858000000003
Сямженский,19-540-000-000,Сямженский муниципальный округ,муниципальный округ,,1,,с Сямжа,data-20221219-structure-20150128.csv,2023,9999,1064,,,35,Вологодская область,60.021656,41.060516
Тарногский,19-542-000-000,Тарногский муниципальный округ,муниципальный округ,,1,,с Тарногский Городок,data-20221219-structure-20150128.csv,2023,9999,1065,,,35,Вологодская область,60.506615650000001,43.562054080431963
Тотемский,19-546-000-000,Тотемский муниципальный округ,муниципальный округ,,1,,г Тотьма,data-20221219-structure-20150128.csv,2023,9999,1066,,,35,Вологодская область,59.973625400000003,42.758733499999998
Усть-Кубинский,19-548-000-000,Усть-Кубинский муниципальный округ,муниципальный округ,,1,,с Устье,data-20221219-structure-20150128.csv,2023,9999,1067,,,35,Вологодская область,59.631698999999998,39.726298999999997
Устюженский,19-550-000-000,Устюженский муниципальный округ,муниципальный округ,,1,,г Устюжна,data-20230208-structure-20150128.csv,2023,9999,1068,,,35,Вологодская область,58.842820400000001,36.429698199999997
Харовский,19-552-000-000,Харовский муниципальный округ,муниципальный округ,,1,,г Харовск,data-20221219-structure-20150128.csv,2023,9999,1069,,,35,Вологодская область,59.953323699999999,40.206824900000001
Алатырский,97-503-000-000,Алатырский муниципальный округ,муниципальный округ,,3,97-704-000-000,г Алатырь,data-20221219-structure-20150128.csv,2023,9999,483,,,21,Чувашская Республика,54.845829549999998,46.562748428457297
Аликовский,97-505-000-000,Аликовский муниципальный округ,муниципальный округ,,1,,с Аликово,data-20221219-structure-20150128.csv,2023,9999,484,,,21,Чувашская Республика,55.739375699999997,46.746533499999998
Батыревский,97-507-000-000,Батыревский муниципальный округ,муниципальный округ,,1,,с Батырево,data-20221219-structure-20150128.csv,2023,9999,485,,,21,Чувашская Республика,55.068155900000001,47.6042007
Вурнарский,97-510-000-000,Вурнарский муниципальный округ,муниципальный округ,,1,,пгт Вурнары,data-20221219-structure-20150128.csv,2023,9999,486,,,21,Чувашская Республика,55.491709499999999,46.952900300000003
Ибресинский,97-513-000-000,Ибресинский муниципальный округ,муниципальный округ,,1,,пгт Ибреси,data-20221219-structure-20150128.csv,2023,9999,487,,,21,Чувашская Республика,55.304300400000002,47.038911200000001
Канашский,97-516-000-000,Канашский муниципальный округ,муниципальный округ,,3,97-707-000-000,г Канаш,data-20221219-structure-20150128.csv,2023,9999,488,,,21,Чувашская Республика,55.514816099999997,47.498630718890077
Козловский,97-519-000-000,Козловский муниципальный округ,муниципальный округ,,1,,г Козловка,data-20221219-structure-20150128.csv,2023,9999,489,,,21,Чувашская Республика,55.841476399999998,48.248423099999997
Комсомольский,97-521-000-000,Комсомольский муниципальный округ,муниципальный округ,,1,,с Комсомольское,data-20221219-structure-20150128.csv,2023,9999,490,,,21,Чувашская Республика,55.2622657,47.545599899999999
Красночетайский,97-526-000-000,Красночетайский муниципальный округ,муниципальный округ,,1,,с Красные Четаи,data-20221219-structure-20150128.csv,2023,9999,492,,,21,Чувашская Республика,55.698822499999999,46.159370699999997
Мариинско-Посадский,97-529-000-000,Мариинско-Посадский муниципальный округ,муниципальный округ,,1,,г Мариинский Посад,data-20221219-structure-20150128.csv,2023,9999,493,,,21,Чувашская Республика,56.1178077,47.722065399999998
Моргаушский,97-532-000-000,Моргаушский муниципальный округ,муниципальный округ,,1,,с Моргауши,data-20221219-structure-20150128.csv,2023,9999,494,,,21,Чувашская Республика,55.964211599999999,46.768777499999999
Порецкий,97-535-000-000,Порецкий муниципальный округ,муниципальный округ,,1,,с Порецкое,data-20221219-structure-20150128.csv,2023,9999,495,,,21,Чувашская Республика,55.1989448,46.3261836
Урмарский,97-538-000-000,Урмарский муниципальный округ,муниципальный округ,,1,,пгт Урмары,data-20221219-structure-20150128.csv,2023,9999,496,,,21,Чувашская Республика,55.680293399999996,47.944691300000002
Цивильский,97-541-000-000,Цивильский муниципальный округ,муниципальный округ,,1,,г Цивильск,data-20221219-structure-20150128.csv,2023,9999,497,,,21,Чувашская Республика,55.866107200000002,47.473703
Чебоксарский,97-544-000-000,Чебоксарский муниципальный округ,муниципальный округ,,1,,пгт Кугеси,data-20221219-structure-20150128.csv,2023,9999,498,,,21,Чувашская Республика,56.031550199999998,47.298795599999998
Шемуршинский,97-547-000-000,Шемуршинский муниципальный округ,муниципальный округ,,1,,с Шемурша,data-20221219-structure-20150128.csv,2023,9999,499,,,21,Чувашская Республика,54.885476099999998,47.516509999999997
Ядринский,97-553-000-000,Ядринский муниципальный округ,муниципальный округ,,1,,г Ядрин,data-20221219-structure-20150128.csv,2023,9999,501,,,21,Чувашская Республика,55.940797600000003,46.200658599999997
Яльчикский,97-555-000-000,Яльчикский муниципальный округ,муниципальный округ,,1,,с Яльчики,data-20221219-structure-20150128.csv,2023,9999,502,,,21,Чувашская Республика,55.162865799999999,48.003334000000002
Янтиковский,97-558-000-000,Янтиковский муниципальный округ,муниципальный округ,,1,,с Янтиково,data-20221219-structure-20150128.csv,2023,9999,503,,,21,Чувашская Республика,55.516373299999998,47.780588100000003
Пермский,57-546-000-000,муниципальный округ Пермский,муниципальный округ,,3,57-701-000-000,г Пермь,data-20221219-structure-20150128.csv,2023,9999,757,,,59,Пермский край,58.014964999999997,56.246723000000003
Афанасьевский,33-503-000-000,муниципальный округ Афанасьевский,муниципальный округ,,1,,пгт Афанасьево,data-20221219-structure-20150128.csv,2023,9999,1265,,,43,Кировская область,58.865420999999998,53.262729999999998
Большемурашкинский,22-510-000-000,Большемурашкинский муниципальный округ,муниципальный округ,,1,,рп Большое Мурашкино,data-20221219-structure-20150128.csv,2023,9999,1542,,,52,Нижегородская область,55.783750400000002,44.776318500000002
Княгининский,22-533-000-000,Княгининский муниципальный округ,муниципальный округ,,1,,г Княгинино,data-20221219-structure-20150128.csv,2023,9999,1556,,,52,Нижегородская область,55.821280999999999,45.031601000000002
Шатковский,22-557-000-000,Шатковский муниципальный округ,муниципальный округ,,1,,рп Шатки,data-20221219-structure-20150128.csv,2023,9999,1574,,,52,Нижегородская область,55.188023000000001,44.127811000000001
Гагинский,22-526-000-000,Гагинский муниципальный округ,муниципальный округ,,1,,с Гагино,data-20221219-structure-20150128.csv,2023,9999,1552,,,52,Нижегородская область,55.231486699999998,45.028081100000001
Сеченовский,22-549-000-000,Сеченовский муниципальный округ,муниципальный округ,,1,,с Сеченово,data-20221219-structure-20150128.csv,2023,9999,1567,,,52,Нижегородская область,55.225721299999996,45.893729100000002
Тонкинский,22-552-000-000,Тонкинский муниципальный округ,муниципальный округ,,1,,рп Тонкино,data-20221219-structure-20150128.csv,2023,9999,1570,,,52,Нижегородская область,57.372272000000002,46.458286999999999
Спасский,22-551-000-000,Спасский муниципальный округ,муниципальный округ,,1,,с Спасское,data-20221219-structure-20150128.csv,2023,9999,1569,,,52,Нижегородская область,55.857969900000001,45.695452899999999
Сосновский,22-550-000-000,Сосновский муниципальный округ,муниципальный округ,,1,,рп Сосновское,data-20221219-structure-20150128.csv,2023,9999,1568,,,52,Нижегородская область,55.805077199999999,43.166949899999999
Шарангский,22-556-000-000,Шарангский муниципальный округ,муниципальный округ,,1,,рп Шаранга,data-20221219-structure-20150128.csv,2023,9999,1573,,,52,Нижегородская область,57.177344099999999,46.5445937
Ветлужский,22-518-000-000,Ветлужский муниципальный округ,муниципальный округ,,1,,г Ветлуга,data-20221219-structure-20150128.csv,2023,9999,1547,,,52,Нижегородская область,57.852870000000003,45.775715699999999
Краснобаковский,22-535-000-000,Краснобаковский муниципальный округ,муниципальный округ,,1,,рп Красные Баки,data-20221219-structure-20150128.csv,2023,9999,1558,,,52,Нижегородская область,57.126834799999997,45.166409600000001
Ардатовский,22-502-000-000,Ардатовский муниципальный округ,муниципальный округ,,1,,рп Ардатов,data-20221219-structure-20150128.csv,2023,9999,1537,,,52,Нижегородская область,55.2410408,43.096803700000002
Вознесенский,22-519-000-000,Вознесенский муниципальный округ,муниципальный округ,,1,,рп Вознесенское,data-20221219-structure-20150128.csv,2023,9999,1548,,,52,Нижегородская область,54.890632799999999,42.759837300000001
Воскресенский,22-522-000-000,Воскресенский муниципальный округ,муниципальный округ,,1,,рп Воскресенское,data-20221219-structure-20150128.csv,2023,9999,1551,,,52,Нижегородская область,56.838333300000002,45.433055600000003
Варнавинский,22-515-000-000,Варнавинский муниципальный округ,муниципальный округ,,1,,рп Варнавино,data-20221219-structure-20150128.csv,2023,9999,1545,,,52,Нижегородская область,57.396695000000001,45.084921600000001
Дальнеконстантиновский,22-530-000-000,Дальнеконстантиновский муниципальный округ,муниципальный округ,,1,,рп Дальнее Константиново,data-20221219-structure-20150128.csv,2023,9999,1554,,,52,Нижегородская область,55.807769999999998,44.094025000000002
Городецкий,22-528-000-000,Городецкий муниципальный округ,муниципальный округ,,1,,г Городец,data-20221219-structure-20150128.csv,2023,9999,1553,,,52,Нижегородская область,56.647140999999998,43.476002000000001
Краснооктябрьский,22-536-000-000,Краснооктябрьский муниципальный округ,муниципальный округ,,1,,с Уразовка,data-20221219-structure-20150128.csv,2023,9999,1559,,,52,Нижегородская область,55.399988999999998,45.616865799999999
Пильнинский,22-545-000-000,Пильнинский муниципальный округ,муниципальный округ,,1,,рп Пильна,data-20221219-structure-20150128.csv,2023,9999,1564,,,52,Нижегородская область,55.552254699999999,45.920785299999999
Вачский,22-517-000-000,Вачский муниципальный округ,муниципальный округ,,1,,рп Вача,data-20221219-structure-20150128.csv,2023,9999,1546,,,52,Нижегородская область,55.801029,42.772098999999997
Лукояновский,22-539-000-000,Лукояновский муниципальный округ,муниципальный округ,,1,,г Лукоянов,data-20221219-structure-20150128.csv,2023,9999,1561,,,52,Нижегородская область,55.034821000000001,44.492725
Большеболдинский,22-509-000-000,Большеболдинский муниципальный округ,муниципальный округ,,1,,с Большое Болдино,data-20221219-structure-20150128.csv,2023,9999,1541,,,52,Нижегородская область,55.000712999999998,45.310504999999999
Володарский,22-520-000-000,Володарский муниципальный округ,муниципальный округ,,1,,г Володарск,data-20221219-structure-20150128.csv,2023,9999,1549,,,52,Нижегородская область,56.224303999999997,43.182654999999997
Сергачский,22-548-000-000,Сергачский муниципальный округ,муниципальный округ,,1,,г Сергач,data-20221219-structure-20150128.csv,2023,9999,1566,,,52,Нижегородская область,55.532822000000003,45.461697600000001
Белозерский,37-504-000-000,Белозерский муниципальный округ,муниципальный округ,,1,,с Белозерское,data-20221219-structure-20150128.csv,2023,9999,1336,,,45,Курганская область,55.823844999999999,65.588783000000006
Звериноголовский,37-509-000-000,Звериноголовский муниципальный округ,муниципальный округ,,1,,с Звериноголовское,data-20221219-structure-20150128.csv,2023,9999,1339,,,45,Курганская область,54.459023000000002,64.856514000000004
Каргапольский,37-510-000-000,Каргапольский муниципальный округ,муниципальный округ,,1,,рп Каргаполье,data-20221219-structure-20150128.csv,2023,9999,1340,,,45,Курганская область,55.952407999999998,64.434021000000001
Кетовский,37-514-000-000,Кетовский муниципальный округ,муниципальный округ,,1,,с Кетово,data-20221219-structure-20150128.csv,2023,9999,1342,,,45,Курганская область,55.343978999999997,65.333832000000001
Мишкинский,37-522-000-000,Мишкинский муниципальный округ,муниципальный округ,,1,,рп Мишкино,data-20221219-structure-20150128.csv,2023,9999,1346,,,45,Курганская область,55.337301699999998,63.914359400000002
Половинский,37-528-000-000,Половинский муниципальный округ,муниципальный округ,,1,,с Половинное,data-20221219-structure-20150128.csv,2023,9999,1349,,,45,Курганская область,54.789661000000002,65.987594999999999
Сафакулевский,37-532-000-000,Сафакулевский муниципальный округ,муниципальный округ,,1,,с Сафакулево,data-20221219-structure-20150128.csv,2023,9999,1351,,,45,Курганская область,54.988410999999999,62.540390000000002
Частоозерский,37-536-000-000,Частоозерский муниципальный округ,муниципальный округ,,1,,с Частоозерье,data-20221219-structure-20150128.csv,2023,9999,1353,,,45,Курганская область,55.568255999999998,67.909462000000005
Шадринский,37-538-000-000,Шадринский муниципальный округ,муниципальный округ,,3,37-705-000-000,г Шадринск,data-20230126-structure-20150128.csv,2023,9999,1354,,,45,Курганская область,56.087364000000001,63.629482000000003
Щучанский,37-544-000-000,Щучанский муниципальный округ,муниципальный округ,,1,,г Щучье,data-20221219-structure-20150128.csv,2023,9999,1357,,,45,Курганская область,55.208908000000001,62.747771999999998
Юргамышский,37-546-000-000,Юргамышский муниципальный округ,муниципальный округ,,1,,рп Юргамыш,data-20221219-structure-20150128.csv,2023,9999,1358,,,45,Курганская область,55.374957999999999,64.455787999999998
Мокроусовский,37-524-000-000,Мокроусовский муниципальный округ,муниципальный округ,,1,,с Мокроусово,data-20221219-structure-20150128.csv,2023,9999,1347,,,45,Курганская область,55.808598000000003,66.770606999999998
Шурышкарский,71-946-000-000,муниципальный округ Шурышкарский район,муниципальный округ,,1,,с Мужи,data-20221219-structure-20150128.csv,2023,9999,2249,,,89,Ямало-Ненецкий автономный округ,65.400003999999996,64.701858400000006
Коркинский,75-533-000-000,Коркинский муниципальный округ,муниципальный округ,,1,,г Коркино,data-20221219-structure-20150128.csv,2023,9999,2303,,,74,Челябинская область,54.889923000000003,61.407963000000002
Суетский,01-541-000-000,муниципальный округ Суетский район,муниципальный округ,,1,,с Верх-Суетка,data-20221219-structure-20150128.csv,2023,9999,553,,,22,Алтайский край,53.302718499999997,80.0450874
Славгород,01-539-000-000,муниципальный округ город Славгород,муниципальный округ,,1,,г Славгород,data-20221219-structure-20150128.csv,2023,9999,511,,,22,Алтайский край,52.996892099999997,78.648504099999997
Чарышский,01-558-000-000,муниципальный округ Чарышский район,муниципальный округ,,1,,с Чарышское,data-20221219-structure-20150128.csv,2023,9999,570,,,22,Алтайский край,51.400848099999997,83.556989000000002
Новокузнецкий,32-519-000-000,Новокузнецкий муниципальный округ,муниципальный округ,,3,32-731-000-000,г Новокузнецк,data-20221219-structure-20150128.csv,2023,9999,1247,,,42,Кемеровская область,53.757590299999997,87.135849399999998
Кавалеровский,05-510-000-000,Кавалеровский муниципальный округ,муниципальный округ,,1,,пгт Кавалерово,data-20221219-structure-20150128.csv,2023,9999,789,,,25,Приморский край,44.267363699999997,135.05549769999999
Ольгинский,05-528-000-000,Ольгинский муниципальный округ,муниципальный округ,,1,,пгт Ольга,data-20221219-structure-20150128.csv,2023,9999,796,,,25,Приморский край,43.746100900000002,135.29016759999999
Пожарский,05-534-000-000,Пожарский муниципальный округ,муниципальный округ,,1,,пгт Лучегорск,data-20221219-structure-20150128.csv,2023,9999,799,,,25,Приморский край,46.444319499999999,134.3006729
Хасанский,05-548-000-000,Хасанский муниципальный округ,муниципальный округ,,1,,пгт Славянка,data-20221219-structure-20150128.csv,2023,9999,803,,,25,Приморский край,42.860683299999998,131.39241150000001
Шимановский,10-555-000-000,Шимановский муниципальный округ,муниципальный округ,,3,10-740-000-000,г Шимановск,data-20221219-structure-20150128.csv,2023,9999,889,,,28,Амурская область,51.998702199999997,127.67191560000001
Тамбовский,10-551-000-000,Тамбовский муниципальный округ,муниципальный округ,,1,,с Тамбовка,data-20221219-structure-20150128.csv,2023,9999,887,,,28,Амурская область,50.098019000000001,128.069885
Сковородинский,10-549-000-000,Сковородинский муниципальный округ,муниципальный округ,,1,,г Сковородино,data-20221219-structure-20150128.csv,2023,9999,886,,,28,Амурская область,53.986256699999998,123.9373454
Серышевский,10-547-000-000,Серышевский муниципальный округ,муниципальный округ,,1,,рп (пгт) Серышево,data-20221219-structure-20150128.csv,2023,9999,885,,,28,Амурская область,51.091206,128.38092
Благовещенский,10-511-000-000,Благовещенский муниципальный округ,муниципальный округ,,3,10-701-000-000,г Благовещенск,data-20221219-structure-20150128.csv,2023,9999,872,,,28,Амурская область,50.260041700000002,127.5337378
Ольский,44-502-000-000,муниципальный округ Ольский,муниципальный округ,,1,,пгт Ола,data-20230126-structure-20150128.csv,2023,9999,1431,,,49,Магаданская область,59.578098099999998,151.29906990000001
Омсукчанский,44-504-000-000,муниципальный округ Омсукчанский,муниципальный округ,,1,,пгт Омсукчан,data-20230126-structure-20150128.csv,2023,9999,1432,,,49,Магаданская область,62.512764300000001,155.78235140000001
Северо-Эвенский,44-507-000-000,муниципальный округ Северо-Эвенский,муниципальный округ,,1,,пгт Эвенск,data-20230126-structure-20150128.csv,2023,9999,1433,,,49,Магаданская область,61.919209000000002,159.23593099999999
Среднеканский,44-510-000-000,муниципальный округ Среднеканский,муниципальный округ,,1,,пгт Сеймчан,data-20230126-structure-20150128.csv,2023,9999,1434,,,49,Магаданская область,62.9317742,152.3932993
Сусуманский,44-513-000-000,муниципальный округ Сусуманский,муниципальный округ,,1,,г Сусуман,data-20230126-structure-20150128.csv,2023,9999,1435,,,49,Магаданская область,62.779732000000003,148.15360999999999
Хасынский,44-519-000-000,муниципальный округ Хасынский,муниципальный округ,,1,,пгт Палатка,data-20230126-structure-20150128.csv,2023,9999,1437,,,49,Магаданская область,60.102220799999998,150.9370006
Ягоднинский,44-522-000-000,муниципальный округ Ягоднинский,муниципальный округ,,1,,пгт Ягодное,data-20230126-structure-20150128.csv,2023,9999,1438,,,49,Магаданская область,62.521678799999997,149.6253322
Тенькинский,44-516-000-000,муниципальный округ Тенькинский,муниципальный округ,,1,,пгт Усть-Омчуг,data-20230126-structure-20150128.csv,2023,9999,1436,,,49,Магаданская область,61.133163000000003,149.63247699999999
Чагодощенский,19-554-000-000,Чагодощенский муниципальный округ,муниципальный округ,,1,,рп Чагода,data-20221219-structure-20150128.csv,2023,9999,1070,,,35,Вологодская область,59.163829999999997,35.329369
Арзамас,22-703-000-000,городской округ город Арзамас,городской округ,,1,,г Арзамас,data-20221219-structure-20150128.csv,2023,9999,3005,union_21,,52,Нижегородская область,55.398787900000002,43.821093300000001
Архаринский,10-505-000-000,Архаринский муниципальный округ,муниципальный округ,,1,,рп (пгт) Архара,data-20221219-structure-20150128.csv,2023,9999,870,,,28,Амурская область,49.4224283,130.0858308
Прокопьевский,32-522-000-000,Прокопьевский муниципальный округ,муниципальный округ,,3,32-737-000-000,г Прокопьевск,data-20200301-structure-20150128.csv,2023,9999,3007,union_20,,42,Кемеровская область,53.887911699999997,86.749207200000001
Химки,46-783-000-000,городской округ Химки,городской округ,,1,,г Химки,data-20180110-structure-20150128.csv,2023,9999,3008,transfer_7,,50,Московская область,55.891729300000002,37.439699400000002
Тамбов,68-701-000-000,городской округ город Тамбов,городской округ,административный_центр_субъекта,2,68-640-000-000;68-540-000-000,г Тамбов,data-20180110-structure-20150128.csv,2023,9999,3009,transfer_8,,68,Тамбовская область,52.731118499999987,41.434199146086897
Тамбовский,68-640-000-000,Тамбовский муниципальный район,муниципальный район,,3,68-701-000-000,г Тамбов,data-20180110-structure-20150128.csv,2023,2024,3010,transfer_8,,68,Тамбовская область,52.731118499999987,41.434199146086897
Златоустовский,75-712-000-000,городской округ Златоустовский,городской округ,,1,,г Златоуст,data-20180110-structure-20150128.csv,2023,9999,3011,transfer_9,,74,Челябинская область,55.167421300000001,59.6792625
Кусинский,75-638-000-000,Кусинский муниципальный район,муниципальный район,,1,,г Куса,data-20180110-structure-20150128.csv,2023,9999,3012,transfer_9,,74,Челябинская область,55.336520999999998,59.445937999999998
Солнечногорск,46-771-000-000,городской округ Солнечногорск,городской округ,,1,,г Солнечногорск,data-20200110-structure-20150128.csv,2023,9999,3013,transfer_7,,50,Московская область,56.185350100000001,36.978153599999999
Павлово-Посадский,46-759-000-000,городской округ Павлово-Посадский,городской округ,,1,,г Павловский Посад,data-20240101-structure-20150128.csv,2024,9999,3014,union_22,,50,Московская область,55.7813357,38.650783799999999
Мантуровский,34-520-000-000,Мантуровский муниципальный округ,муниципальный округ,,1,,г Мантурово,data-20240101-structure-20150128.csv,2024,9999,2618,,,44,Костромская область,58.333271000000003,44.761791000000002
Островский,34-530-000-000,Островский муниципальный округ,муниципальный округ,,1,,п Островское,data-20240101-structure-20150128.csv,2024,9999,1323,,,44,Костромская область,57.801439999999999,42.197360000000003
Павинский,34-532-000-000,Павинский муниципальный округ,муниципальный округ,,1,,с Павино,data-20240101-structure-20150128.csv,2024,9999,1324,,,44,Костромская область,59.121361700000001,46.191750399999997
Солигаличский,34-540-000-000,Солигаличский муниципальный округ,муниципальный округ,,1,,г Солигалич,data-20240101-structure-20150128.csv,2024,9999,1328,,,44,Костромская область,59.0777693,42.286182799999999
Путятинский,61-526-000-000,Путятинский муниципальный округ,муниципальный округ,,1,,с Путятино,data-20240101-structure-20150128.csv,2024,9999,1860,,,62,Рязанская область,54.160556999999997,41.121108999999997
Ряжский,61-530-000-000,Ряжский муниципальный округ,муниципальный округ,,1,,г Ряжск,data-20240101-structure-20150128.csv,2024,9999,1862,,,62,Рязанская область,53.708877999999999,40.062984
Калязинский,28-522-000-000,муниципальный округ Калязинский,муниципальный округ,,1,,г Калязин,data-20240101-structure-20150128.csv,2024,9999,2120,,,69,Тверская область,57.240020600000001,37.840488299999997
Фировский,28-557-000-000,муниципальный округ Фировский,муниципальный округ,,1,,пгт Фирово,data-20240101-structure-20150128.csv,2024,9999,2143,,,69,Тверская область,57.481045000000002,33.698059000000001
Торопецкий,28-555-000-000,муниципальный округ Торопецкий,муниципальный округ,,1,,г Торопец,data-20240101-structure-20150128.csv,2024,9999,2142,,,69,Тверская область,56.496479000000001,31.641076999999999
Бежецкий,28-504-000-000,муниципальный округ Бежецкий,муниципальный округ,,1,,г Бежецк,data-20240101-structure-20150128.csv,2024,9999,2111,,,69,Тверская область,57.781357,36.692534999999999
Конаковский,28-530-000-000,муниципальный округ Конаковский,муниципальный округ,,1,,г Конаково,data-20240101-structure-20150128.csv,2024,9999,2124,,,69,Тверская область,56.713157199999998,36.7775654
Кувшиновский,28-534-000-000,муниципальный округ Кувшиновский,муниципальный округ,,1,,г Кувшиново,data-20240101-structure-20150128.csv,2024,9999,2126,,,69,Тверская область,57.031465699999998,34.179663699999999
Бологовский,28-508-000-000,муниципальный округ Бологовский,муниципальный округ,,1,,г Бологое,data-20240101-structure-20150128.csv,2024,9999,2113,,,69,Тверская область,57.885204000000002,34.049602999999998
Калининский,28-520-000-000,муниципальный округ Калининский,муниципальный округ,,3,28-701-000-000,г Тверь,data-20240101-structure-20150128.csv,2024,9999,2119,,,69,Тверская область,56.858674999999998,35.920828399999998
Питкярантский,86-533-000-000,Питкярантский муниципальный округ,муниципальный округ,,1,,г Питкяранта,data-20240101-structure-20150128.csv,2024,9999,217,,,10,Республика Карелия,61.574602650000003,31.479621638933811
Беломорский,86-504-000-000,Беломорский муниципальный округ,муниципальный округ,,1,,г Беломорск,data-20240101-structure-20150128.csv,2024,9999,208,,,10,Республика Карелия,64.521668399999996,34.762583499999998
Сегежский,86-545-000-000,Сегежский муниципальный округ,муниципальный округ,,1,,г Сегежа,data-20240101-structure-20150128.csv,2024,9999,221,,,10,Республика Карелия,63.7435087,34.310686799999999
Приморский,11-552-000-000,Приморский муниципальный округ,муниципальный округ,,3,11-701-000-000,г Архангельск,data-20240101-structure-20150128.csv,2024,9999,912,,,29,Архангельская область,64.543021999999993,40.537120999999999
Красноборский,11-530-000-000,Красноборский муниципальный округ,муниципальный округ,,1,,с Красноборск,data-20240101-structure-20150128.csv,2024,9999,904,,,29,Архангельская область,61.556373999999998,45.934134999999998
Пинежский,11-548-000-000,Пинежский муниципальный округ,муниципальный округ,,1,,с Карпогоры,data-20240101-structure-20150128.csv,2024,9999,910,,,29,Архангельская область,64.001807999999997,44.442722000000003
Вашкинский,19-512-000-000,Вашкинский муниципальный округ,муниципальный округ,,1,,с Липин Бор,data-20240101-structure-20150128.csv,2024,9999,1050,,,35,Вологодская область,60.262201099999999,37.971445199999998
Кирилловский,19-528-000-000,Кирилловский муниципальный округ,муниципальный округ,,1,,г Кириллов,data-20240101-structure-20150128.csv,2024,9999,1058,,,35,Вологодская область,59.859057499999999,38.375869600000001
Никольский,19-534-000-000,Никольский муниципальный округ,муниципальный округ,,1,,г Никольск,data-20240101-structure-20150128.csv,2024,9999,1061,,,35,Вологодская область,59.530418599999997,45.458502899999999
Демянский,49-512-000-000,муниципальный округ Демянский,муниципальный округ,,1,,рп Демянск,data-20240101-structure-20150128.csv,2024,9999,1580,,,53,Новгородская область,57.6423554,32.464678800000002
Пестовский,49-532-000-000,муниципальный округ Пестовский,муниципальный округ,,1,,г Пестово,data-20240101-structure-20150128.csv,2024,9999,1589,,,53,Новгородская область,58.5981825,35.814320544299861
Мошенской,49-524-000-000,муниципальный округ Мошенской,муниципальный округ,,1,,с Мошенское,data-20240101-structure-20150128.csv,2024,9999,1585,,,53,Новгородская область,58.512428,34.584908499999997
Крестецкий,49-514-000-000,муниципальный округ Крестецкий,муниципальный округ,,1,,рп Крестцы,data-20240101-structure-20150128.csv,2024,9999,1581,,,53,Новгородская область,58.247664999999998,32.522857999999999
Красногородский,58-514-000-000,муниципальный округ Красногородский,муниципальный округ,,1,,рп Красногородск,data-20240101-structure-20150128.csv,2024,9999,1771,,,60,Псковская область,56.830654000000003,28.284594999999999
Локнянский,58-518-000-000,муниципальный округ Локнянский,муниципальный округ,,1,,рп Локня,data-20240101-structure-20150128.csv,2024,9999,1773,,,60,Псковская область,56.824782999999996,30.144482
Невельский,58-520-000-000,муниципальный округ Невельский,муниципальный округ,,1,,г Невель,data-20240101-structure-20150128.csv,2024,9999,1774,,,60,Псковская область,56.017615999999997,29.917128000000002
Новоржевский,58-523-000-000,муниципальный округ Новоржевский,муниципальный округ,,1,,г Новоржев,data-20240101-structure-20150128.csv,2024,9999,1775,,,60,Псковская область,57.031180999999997,29.332917999999999
Опочецкий,58-529-000-000,муниципальный округ Опочецкий,муниципальный округ,,1,,г Опочка,data-20240101-structure-20150128.csv,2024,9999,1777,,,60,Псковская область,56.711669999999998,28.656818000000001
Печорский,58-540-000-000,муниципальный округ Печорский,муниципальный округ,,1,,г Печоры,data-20240101-structure-20150128.csv,2024,9999,1780,,,60,Псковская область,57.813305,27.608184999999999
Пыталовский,58-553-000-000,муниципальный округ Пыталовский,муниципальный округ,,1,,г Пыталово,data-20240101-structure-20150128.csv,2024,9999,1786,,,60,Псковская область,57.062908,27.921061000000002
Струго-Красненский,58-556-000-000,муниципальный округ Струго-Красненский,муниципальный округ,,1,,рп Струги Красные,data-20240101-structure-20150128.csv,2024,9999,1788,,,60,Псковская область,58.269321900000001,29.111596299999999
Благодарненский,07-510-000-000,Благодарненский муниципальный округ,муниципальный округ,,1,,г Благодарный,data-20240101-structure-20150128.csv,2024,9999,810,,,26,Ставропольский край,45.1006298,43.437218700000003
Георгиевский,07-515-000-000,Георгиевский муниципальный округ,муниципальный округ,,1,,г Георгиевск,data-20240101-structure-20150128.csv,2024,9999,811,,,26,Ставропольский край,44.147894399999998,43.474171800000001
Изобильненский,07-520-000-000,Изобильненский муниципальный округ,муниципальный округ,,1,,г Изобильный,data-20240101-structure-20150128.csv,2024,9999,814,,,26,Ставропольский край,45.374079600000002,41.712115400000002
Ипатовский,07-522-000-000,Ипатовский муниципальный округ,муниципальный округ,,1,,г Ипатово,data-20240101-structure-20150128.csv,2024,9999,815,,,26,Ставропольский край,45.719723000000002,42.916285999999999
Кировский,07-525-000-000,Кировский муниципальный округ,муниципальный округ,,1,,г Новопавловск,data-20240101-structure-20150128.csv,2024,9999,817,,,26,Ставропольский край,43.961891000000001,43.631100000000004
Минераловодский,07-539-000-000,Минераловодский муниципальный округ,муниципальный округ,,1,,г Минеральные Воды,data-20240101-structure-20150128.csv,2024,9999,819,,,26,Ставропольский край,44.210737700000003,43.134968999999998
Нефтекумский,07-541-000-000,Нефтекумский муниципальный округ,муниципальный округ,,1,,г Нефтекумск,data-20240101-structure-20150128.csv,2024,9999,821,,,26,Ставропольский край,44.752204999999996,44.985076999999997
Новоалександровский,07-543-000-000,Новоалександровский муниципальный округ,муниципальный округ,,1,,г Новоалександровск,data-20240101-structure-20150128.csv,2024,9999,822,,,26,Ставропольский край,45.495253200000001,41.219886600000002
Петровский,07-546-000-000,Петровский муниципальный округ,муниципальный округ,,1,,г Светлоград,data-20240101-structure-20150128.csv,2024,9999,823,,,26,Ставропольский край,45.340613300000001,42.845928600000001
Советский,07-550-000-000,Советский муниципальный округ,муниципальный округ,,1,,г Зеленокумск,data-20240101-structure-20150128.csv,2024,9999,825,,,26,Ставропольский край,44.403174999999997,43.884163000000001
Далматовский,37-508-000-000,Далматовский муниципальный округ,муниципальный округ,,1,,г Далматово,data-20240101-structure-20150128.csv,2024,9999,1338,,,45,Курганская область,56.258656000000002,62.939163000000001
Катайский,37-512-000-000,Катайский муниципальный округ,муниципальный округ,,1,,г Катайск,data-20240101-structure-20150128.csv,2024,9999,1341,,,45,Курганская область,56.283499200000001,62.583652499999999
Варгашинский,37-506-000-000,Варгашинский муниципальный округ,муниципальный округ,,1,,рп Варгаши,data-20240101-structure-20150128.csv,2024,9999,1337,,,45,Курганская область,55.372039999999998,65.808099999999996
Притобольный,37-530-000-000,Притобольный муниципальный округ,муниципальный округ,,1,,с Глядянское,data-20240101-structure-20150128.csv,2024,9999,1350,,,45,Курганская область,54.907539,65.088202999999993
Ононский,76-534-000-000,Ононский муниципальный округ,муниципальный округ,,1,,с Нижний Цасучей,data-20240101-structure-20150128.csv,2024,9999,592,,,75,Забайкальский край,50.510593,115.118385
Газимуро-Заводский,76-510-000-000,Газимуро-Заводский муниципальный округ,муниципальный округ,,1,,с Газимурский Завод,data-20240101-structure-20150128.csv,2024,9999,580,,,75,Забайкальский край,51.551116700000001,118.3349104
Калганский,76-518-000-000,Калганский муниципальный округ,муниципальный округ,,1,,с Калга,data-20240101-structure-20150128.csv,2024,9999,583,,,75,Забайкальский край,50.923549999999999,118.899208
Могочинский,76-526-000-000,Могочинский муниципальный округ,муниципальный округ,,1,,г Могоча,data-20240101-structure-20150128.csv,2024,9999,588,,,75,Забайкальский край,53.736264200000001,119.76248529999999
Мильковский,30-510-000-000,Мильковский муниципальный округ,муниципальный округ,,1,,с Мильково,data-20240101-structure-20150128.csv,2024,9999,613,,,41,Камчатский край,54.690410999999997,158.60987900000001
Яковлевский,05-559-000-000,Яковлевский муниципальный округ,муниципальный округ,,1,,с Яковлевка,data-20240101-structure-20150128.csv,2024,9999,808,,,25,Приморский край,44.426299899999997,133.47422109999999
Партизанский,05-530-000-000,Партизанский муниципальный округ,муниципальный округ,,1,,с Владимиро-Александровское,data-20240101-structure-20150128.csv,2024,9999,797,,,25,Приморский край,42.892236599999997,133.0782462
Черниговский,05-553-000-000,Черниговский муниципальный округ,муниципальный округ,,1,,с Черниговка,data-20240101-structure-20150128.csv,2024,9999,805,,,25,Приморский край,44.359136800000002,132.4941354
Шкотовский,05-557-000-000,Шкотовский муниципальный округ,муниципальный округ,,1,,пгт Смоляниново,data-20240101-structure-20150128.csv,2024,9999,807,,,25,Приморский край,43.287494500000001,132.45637579999999
Красноармейский,05-514-000-000,Красноармейский муниципальный округ,муниципальный округ,,1,,с Новопокровка,data-20240101-structure-20150128.csv,2024,9999,791,,,25,Приморский край,45.851822599999998,134.50055259999999
Охотский,08-534-000-000,Охотский муниципальный округ,муниципальный округ,,1,,рп Охотск,data-20240101-structure-20150128.csv,2024,9999,854,,,27,Хабаровский край,59.361994699999997,143.2146511
Зейский,10-525-000-000,Зейский муниципальный округ,муниципальный округ,,3,10-712-000-000,г Зея,data-20240101-structure-20150128.csv,2024,9999,875,,,28,Амурская область,53.740358399999998,127.2716246
Бондарский,68-502-000-000,Бондарский муниципальный округ,муниципальный округ,,1,,с Бондари,data-20240101-structure-20150128.csv,2024,9999,2078,,,68,Тамбовская область,52.950284099999998,42.066362900000001
Гавриловский,68-503-000-000,Гавриловский муниципальный округ,муниципальный округ,,1,,с Гавриловка 2-я,data-20240101-structure-20150128.csv,2024,9999,2079,,,68,Тамбовская область,52.876944000000002,42.770992
Жердевский,68-504-000-000,Жердевский муниципальный округ,муниципальный округ,,1,,г Жердевка,data-20240101-structure-20150128.csv,2024,9999,2080,,,68,Тамбовская область,51.843933,41.470367000000003
Знаменский,68-506-000-000,Знаменский муниципальный округ,муниципальный округ,,1,,рп Знаменка,data-20240101-structure-20150128.csv,2024,9999,2081,,,68,Тамбовская область,52.411142699999999,41.443294700000003
Инжавинский,68-508-000-000,Инжавинский муниципальный округ,муниципальный округ,,1,,рп Инжавино,data-20240101-structure-20150128.csv,2024,9999,2082,,,68,Тамбовская область,52.318369599999997,42.495393900000003
Кирсановский,68-510-000-000,Кирсановский муниципальный округ,муниципальный округ,,3,68-705-000-000,г Кирсанов,data-20240101-structure-20150128.csv,2024,9999,2083,,,68,Тамбовская область,52.650923400000003,42.730153444216732
Мичуринский,68-512-000-000,Мичуринский муниципальный округ,муниципальный округ,,3,68-715-000-000,г Мичуринск,data-20240101-structure-20150128.csv,2024,9999,2084,,,68,Тамбовская область,52.89899355,40.483265772681733
Мордовский,68-514-000-000,Мордовский муниципальный округ,муниципальный округ,,1,,рп Мордово,data-20240101-structure-20150128.csv,2024,9999,2085,,,68,Тамбовская область,52.089058000000001,40.762287000000001
Моршанский,68-516-000-000,Моршанский муниципальный округ,муниципальный округ,,3,68-720-000-000,г Моршанск,data-20240101-structure-20150128.csv,2024,9999,2086,,,68,Тамбовская область,53.442799999999998,41.813000000000002
Мучкапский,68-518-000-000,Мучкапский муниципальный округ,муниципальный округ,,1,,рп Мучкапский,data-20240101-structure-20150128.csv,2024,9999,2087,,,68,Тамбовская область,51.847319900000002,42.469910599999999
Никифоровский,68-520-000-000,Никифоровский муниципальный округ,муниципальный округ,,1,,рп Дмитриевка,data-20240101-structure-20150128.csv,2024,9999,2088,,,68,Тамбовская область,52.878520899999998,40.792877099999998
Первомайский,68-522-000-000,Первомайский муниципальный округ,муниципальный округ,,1,,рп Первомайский,data-20240101-structure-20150128.csv,2024,9999,2089,,,68,Тамбовская область,53.244999,40.285099000000002
Петровский,68-524-000-000,Петровский муниципальный округ,муниципальный округ,,1,,с Петровское,data-20240101-structure-20150128.csv,2024,9999,2090,,,68,Тамбовская область,52.633201999999997,40.260300000000001
Пичаевский,68-526-000-000,Пичаевский муниципальный округ,муниципальный округ,,1,,с Пичаево,data-20240101-structure-20150128.csv,2024,9999,2091,,,68,Тамбовская область,53.234220899999997,42.203684099999997
Рассказовский,68-528-000-000,Рассказовский муниципальный округ,муниципальный округ,,3,68-725-000-000,г Рассказово,data-20240101-structure-20150128.csv,2024,9999,2092,,,68,Тамбовская область,52.665788399999997,41.894698906069841
Ржаксинский,68-530-000-000,Ржаксинский муниципальный округ,муниципальный округ,,1,,рп Ржакса,data-20240101-structure-20150128.csv,2024,9999,2093,,,68,Тамбовская область,52.220480899999998,42.1090698
Сампурский,68-532-000-000,Сампурский муниципальный округ,муниципальный округ,,1,,п Сатинка,data-20240101-structure-20150128.csv,2024,9999,2094,,,68,Тамбовская область,52.377113000000001,41.673679
Сосновский,68-534-000-000,Сосновский муниципальный округ,муниципальный округ,,1,,рп Сосновка,data-20240101-structure-20150128.csv,2024,9999,2095,,,68,Тамбовская область,53.232201000000003,41.369202000000001
Староюрьевский,68-536-000-000,Староюрьевский муниципальный округ,муниципальный округ,,1,,с Староюрьево,data-20240101-structure-20150128.csv,2024,9999,2096,,,68,Тамбовская область,53.322711099999999,40.699218799999997
Тамбовский,68-540-000-000,Тамбовский муниципальный округ,муниципальный округ,,3,68-701-000-000,г Тамбов,data-20240101-structure-20150128.csv,2024,9999,3010,,,68,Тамбовская область,52.731118499999987,41.434199146086897
Токарёвский,68-542-000-000,Токарёвский муниципальный округ,муниципальный округ,,1,,рп Токарёвка,data-20240101-structure-20150128.csv,2024,9999,2098,,,68,Тамбовская область,51.993899999999996,41.161799999999999
Уваровский,68-544-000-000,Уваровский муниципальный округ,муниципальный округ,,3,68-730-000-000,г Уварово,data-20240101-structure-20150128.csv,2024,9999,2099,,,68,Тамбовская область,51.9807749,42.265422534423621
Умётский,68-546-000-000,Умётский муниципальный округ,муниципальный округ,,1,,рп Умёт,data-20240101-structure-20150128.csv,2024,9999,2100,,,68,Тамбовская область,52.560271999999998,42.968578000000001
Усинск,87-523-000-000,муниципальный округ Усинск,муниципальный округ,,1,,г Усинск,data-20240101-structure-20150128.csv,2024,9999,228,,,11,Республика Коми,65.994423699999999,57.557086099999999
Вуктыл,87-512-000-000,муниципальный округ Вуктыл,муниципальный округ,,1,,г Вуктыл,data-20240101-structure-20150128.csv,2024,9999,226,,,11,Республика Коми,63.844337000000003,57.300170999999999
Сасовский,61-542-000-000,Сасовский муниципальный округ,муниципальный округ,,1,,г Сасово,data-20240101-structure-20150128.csv,2024,9999,3101,union_23,,62,Рязанская область,54.353920000000002,41.926642999999999
